{"type":"FeatureCollection","features":[{"type":"Feature","properties":{"minZoom":5,"maxZoom":7,"pointCount":40000},"geometry":{"type":"MultiPoint","coordinates":[[0,89.594857],[137.507764,89.298268],[-84.984472,89.094065],[52.523292,88.928078],[-169.968944,88.78455],[-32.46118,88.656264],[105.046584,88.539199],[-117.445652,88.430841],[20.062112,88.329496],[157.569876,88.233956],[-64.922359,88.143323],[72.585405,88.056912],[-149.906831,87.974183],[-12.399067,87.8947],[125.108697,87.81811],[-97.383539,87.744117],[40.124225,87.672474],[177.631989,87.602971],[-44.860247,87.535425],[92.647517,87.469681],[-129.844719,87.405602],[7.663045,87.343066],[145.170809,87.281968],[-77.321427,87.222212],[60.186337,87.163714],[-162.305899,87.106397],[-24.798135,87.050193],[112.709629,86.99504],[-109.782607,86.940879],[27.725157,86.88766],[165.232922,86.835335],[-57.259314,86.78386],[80.24845,86.733196],[-142.243786,86.683304],[-4.736022,86.634151],[132.771742,86.585705],[-89.720494,86.537936],[47.78727,86.490816],[-174.704966,86.44432],[-37.197202,86.398423],[100.310562,86.353103],[-122.181674,86.308339],[15.32609,86.26411],[152.833854,86.220399],[-69.658382,86.177186],[67.849382,86.134455],[-154.642854,86.092191],[-17.13509,86.050379],[120.372674,86.009004],[-102.119562,85.968053],[35.388203,85.927513],[172.895967,85.887371],[-49.596269,85.847618],[87.911495,85.80824],[-134.580741,85.769229],[2.927023,85.730573],[140.434787,85.692263],[-82.057449,85.654291],[55.450315,85.616647],[-167.041921,85.579322],[-29.534157,85.54231],[107.973607,85.505602],[-114.518629,85.46919],[22.989135,85.433069],[160.496899,85.39723],[-61.995337,85.361667],[75.512427,85.326375],[-146.979809,85.291346],[-9.472045,85.256576],[128.035719,85.222058],[-94.456516,85.187787],[43.051248,85.153758],[-179.440988,85.119965],[-41.933224,85.086405],[95.57454,85.053071],[-126.917696,85.01996],[10.590068,84.987067],[148.097832,84.954388],[-74.394404,84.921919],[63.11336,84.889656],[-159.378876,84.857594],[-21.871112,84.825731],[115.636652,84.794062],[-106.855584,84.762584],[30.65218,84.731293],[168.159944,84.700187],[-54.332292,84.669262],[83.175472,84.638515],[-139.316764,84.607942],[-1.809,84.577541],[135.698765,84.54731],[-86.793471,84.517244],[50.714293,84.487342],[-171.777943,84.457601],[-34.270179,84.428018],[103.237585,84.398591],[-119.254651,84.369317],[18.253113,84.340194],[155.760877,84.31122],[-66.731359,84.282392],[70.776405,84.253708],[-151.715831,84.225166],[-14.208067,84.196764],[123.299697,84.1685],[-99.192539,84.140372],[38.315225,84.112378],[175.822989,84.084515],[-46.669247,84.056783],[90.838517,84.029179],[-131.653719,84.001702],[5.854046,83.97435],[143.36181,83.94712],[-79.130426,83.920013],[58.377338,83.893025],[-164.114898,83.866155],[-26.607134,83.839402],[110.90063,83.812765],[-111.591606,83.786241],[25.916158,83.759829],[163.423922,83.733529],[-59.068314,83.707337],[78.43945,83.681254],[-144.052786,83.655278],[-6.545022,83.629407],[130.962742,83.603641],[-91.529494,83.577977],[45.97827,83.552415],[-176.513966,83.526954],[-39.006202,83.501592],[98.501562,83.476328],[-123.990673,83.451161],[13.517091,83.42609],[151.024855,83.401114],[-71.467381,83.376232],[66.040383,83.351442],[-156.451853,83.326744],[-18.944089,83.302137],[118.563675,83.277619],[-103.928561,83.25319],[33.579203,83.228849],[171.086967,83.204595],[-51.405269,83.180426],[86.102495,83.156343],[-136.389741,83.132343],[1.118023,83.108427],[138.625787,83.084593],[-83.866449,83.06084],[53.641315,83.037168],[-168.850921,83.013576],[-31.343157,82.990063],[106.164608,82.966628],[-116.327628,82.94327],[21.180136,82.91999],[158.6879,82.896785],[-63.804336,82.873655],[73.703428,82.8506],[-148.788808,82.827618],[-11.281044,82.80471],[126.22672,82.781873],[-96.265516,82.759109],[41.242248,82.736415],[178.750012,82.713792],[-43.742224,82.691238],[93.76554,82.668754],[-128.726696,82.646337],[8.781068,82.623989],[146.288832,82.601707],[-76.203404,82.579493],[61.30436,82.557344],[-161.187876,82.53526],[-23.680111,82.513241],[113.827653,82.491287],[-108.664583,82.469396],[28.843181,82.447568],[166.350945,82.425803],[-56.141291,82.404099],[81.366473,82.382457],[-141.125763,82.360876],[-3.617999,82.339356],[133.889765,82.317895],[-88.602471,82.296494],[48.905293,82.275152],[-173.586943,82.253868],[-36.079179,82.232643],[101.428585,82.211474],[-121.063651,82.190363],[16.444113,82.169309],[153.951877,82.14831],[-68.540359,82.127367],[68.967405,82.106479],[-153.52483,82.085646],[-16.017066,82.064868],[121.490698,82.044143],[-101.001538,82.023472],[36.506226,82.002854],[174.01399,81.982289],[-48.478246,81.961776],[89.029518,81.941314],[-133.462718,81.920905],[4.045046,81.900546],[141.55281,81.880238],[-80.939426,81.85998],[56.568338,81.839773],[-165.923898,81.819614],[-28.416134,81.799506],[109.09163,81.779446],[-113.400606,81.759434],[24.107158,81.739471],[161.614922,81.719555],[-60.877314,81.699687],[76.630451,81.679866],[-145.861785,81.660092],[-8.354021,81.640364],[129.153743,81.620682],[-93.338493,81.601046],[44.169271,81.581456],[-178.322965,81.56191],[-40.815201,81.54241],[96.692563,81.522954],[-125.799673,81.503542],[11.708091,81.484175],[149.215855,81.464851],[-73.276381,81.44557],[64.231383,81.426332],[-158.260853,81.407137],[-20.753089,81.387984],[116.754675,81.368874],[-105.737561,81.349806],[31.770203,81.330779],[169.277967,81.311793],[-53.214268,81.292849],[84.293496,81.273945],[-138.19874,81.255082],[-0.690976,81.236259],[136.816788,81.217477],[-85.675448,81.198734],[51.832316,81.18003],[-170.65992,81.161366],[-33.152156,81.142741],[104.355608,81.124154],[-118.136628,81.105607],[19.371136,81.087097],[156.8789,81.068625],[-65.613336,81.050192],[71.894428,81.031796],[-150.597808,81.013437],[-13.090044,80.995115],[124.41772,80.97683],[-98.074516,80.958582],[39.433248,80.940371],[176.941013,80.922195],[-45.551223,80.904056],[91.956541,80.885952],[-130.535695,80.867884],[6.972069,80.849852],[144.479833,80.831854],[-78.012403,80.813892],[59.495361,80.795964],[-162.996875,80.778071],[-25.489111,80.760212],[112.018653,80.742387],[-110.473583,80.724596],[27.034181,80.706839],[164.541945,80.689116],[-57.950291,80.671426],[79.557473,80.653769],[-142.934763,80.636145],[-5.426999,80.618554],[132.080765,80.600996],[-90.411471,80.58347],[47.096294,80.565976],[-175.395942,80.548515],[-37.888178,80.531085],[99.619586,80.513687],[-122.87265,80.49632],[14.635114,80.478985],[152.142878,80.461682],[-70.349358,80.444409],[67.158406,80.427167],[-155.33383,80.409956],[-17.826066,80.392775],[119.681698,80.375625],[-102.810538,80.358505],[34.697226,80.341415],[172.20499,80.324355],[-50.287246,80.307324],[87.220518,80.290324],[-135.271718,80.273352],[2.236046,80.25641],[139.74381,80.239497],[-82.748425,80.222613],[54.759339,80.205758],[-167.732897,80.188932],[-30.225133,80.172134],[107.282631,80.155364],[-115.209605,80.138623],[22.298159,80.12191],[159.805923,80.105225],[-62.686313,80.088567],[74.821451,80.071937],[-147.670785,80.055335],[-10.163021,80.03876],[127.344743,80.022213],[-95.147493,80.005692],[42.360271,79.989199],[179.868035,79.972732],[-42.624201,79.956292],[94.883563,79.939879],[-127.608673,79.923492],[9.899091,79.907132],[147.406856,79.890797],[-75.08538,79.874489],[62.422384,79.858207],[-160.069852,79.84195],[-22.562088,79.825719],[114.945676,79.809514],[-107.54656,79.793334],[29.961204,79.77718],[167.468968,79.761051],[-55.023268,79.744947],[82.484496,79.728868],[-140.00774,79.712813],[-2.499976,79.696784],[135.007788,79.680779],[-87.484448,79.664799],[50.023316,79.648843],[-172.46892,79.632911],[-34.961156,79.617004],[102.546608,79.60112],[-119.945628,79.585261],[17.562137,79.569425],[155.069901,79.553613],[-67.422335,79.537825],[70.085429,79.52206],[-152.406807,79.506319],[-14.899043,79.490601],[122.608721,79.474906],[-99.883515,79.459235],[37.624249,79.443586],[175.132013,79.42796],[-47.360223,79.412357],[90.147541,79.396777],[-132.344695,79.381219],[5.163069,79.365684],[142.670833,79.350171],[-79.821403,79.334681],[57.686361,79.319213],[-164.805875,79.303767],[-27.298111,79.288342],[110.209653,79.27294],[-112.282582,79.25756],[25.225182,79.242201],[162.732946,79.226864],[-59.75929,79.211549],[77.748474,79.196255],[-144.743762,79.180982],[-7.235998,79.165731],[130.271766,79.150501],[-92.22047,79.135291],[45.287294,79.120103],[-177.204942,79.104936],[-39.697178,79.08979],[97.810586,79.074664],[-124.68165,79.059559],[12.826114,79.044475],[150.333878,79.029411],[-72.158358,79.014368],[65.349406,78.999344],[-157.14283,78.984341],[-19.635066,78.969359],[117.872699,78.954396],[-104.619537,78.939453],[32.888227,78.92453],[170.395991,78.909628],[-52.096245,78.894744],[85.411519,78.879881],[-137.080717,78.865037],[0.427047,78.850212],[137.934811,78.835407],[-84.557425,78.820622],[52.950339,78.805855],[-169.541897,78.791108],[-32.034133,78.77638],[105.473631,78.761671],[-117.018605,78.746981],[20.489159,78.73231],[157.996923,78.717658],[-64.495313,78.703024],[73.012451,78.688409],[-149.479785,78.673813],[-11.97202,78.659236],[125.535744,78.644676],[-96.956492,78.630136],[40.551272,78.615613],[178.059036,78.601109],[-44.4332,78.586623],[93.074564,78.572155],[-129.417672,78.557705],[8.090092,78.543273],[145.597856,78.528859],[-76.89438,78.514463],[60.613384,78.500085],[-161.878852,78.485724],[-24.371088,78.471381],[113.136676,78.457056],[-109.35556,78.442748],[28.152204,78.428458],[165.659968,78.414185],[-56.832268,78.399929],[80.675496,78.38569],[-141.816739,78.371469],[-4.308975,78.357265],[133.198789,78.343078],[-89.293447,78.328908],[48.214317,78.314755],[-174.277919,78.300619],[-36.770155,78.286499],[100.737609,78.272397],[-121.754627,78.258311],[15.753137,78.244241],[153.260901,78.230189],[-69.231335,78.216152],[68.276429,78.202133],[-154.215807,78.188129],[-16.708043,78.174142],[120.799721,78.160172],[-101.692515,78.146217],[35.815249,78.132279],[173.323013,78.118357],[-49.169223,78.104451],[88.338542,78.090561],[-134.153694,78.076686],[3.35407,78.062828],[140.861834,78.048986],[-81.630402,78.035159],[55.877362,78.021348],[-166.614874,78.007553],[-29.10711,77.993773],[108.400654,77.980009],[-114.091582,77.966261],[23.416182,77.952528],[160.923946,77.93881],[-61.56829,77.925108],[75.939474,77.911421],[-146.552762,77.897749],[-9.044998,77.884092],[128.462766,77.870451],[-94.02947,77.856824],[43.478294,77.843213],[-179.013942,77.829617],[-41.506177,77.816036],[96.001587,77.802469],[-126.490649,77.788917],[11.017115,77.775381],[148.524879,77.761859],[-73.967357,77.748351],[63.540407,77.734858],[-158.951829,77.72138],[-21.444065,77.707917],[116.063699,77.694468],[-106.428537,77.681033],[31.079227,77.667613],[168.586991,77.654207],[-53.905245,77.640815],[83.602519,77.627438],[-138.889717,77.614075],[-1.381953,77.600726],[136.125811,77.587391],[-86.366425,77.574071],[51.141339,77.560764],[-171.350896,77.547472],[-33.843132,77.534193],[103.664632,77.520928],[-118.827604,77.507677],[18.68016,77.49444],[156.187924,77.481217],[-66.304312,77.468007],[71.203452,77.454811],[-151.288784,77.441629],[-13.78102,77.428461],[123.726744,77.415305],[-98.765492,77.402164],[38.742272,77.389036],[176.250036,77.375921],[-46.2422,77.36282],[91.265564,77.349732],[-131.226672,77.336657],[6.281092,77.323596],[143.788856,77.310548],[-78.70338,77.297513],[58.804385,77.284491],[-163.687851,77.271482],[-26.180087,77.258487],[111.327677,77.245504],[-111.164559,77.232535],[26.343205,77.219578],[163.850969,77.206634],[-58.641267,77.193703],[78.866497,77.180785],[-143.625739,77.16788],[-6.117975,77.154987],[131.389789,77.142107],[-91.102447,77.12924],[46.405317,77.116386],[-176.086919,77.103544],[-38.579155,77.090714],[98.928609,77.077897],[-123.563627,77.065093],[13.944137,77.052301],[151.451901,77.039522],[-71.040334,77.026754],[66.46743,77.014],[-156.024806,77.001257],[-18.517042,76.988527],[118.990722,76.975809],[-103.501514,76.963103],[34.00625,76.950409],[171.514014,76.937728],[-50.978222,76.925058],[86.529542,76.912401],[-135.962694,76.899755],[1.54507,76.887122],[139.052834,76.874501],[-83.439402,76.861891],[54.068362,76.849293],[-168.423874,76.836708],[-30.91611,76.824134],[106.591654,76.811571],[-115.900582,76.799021],[21.607182,76.786482],[159.114947,76.773955],[-63.377289,76.761439],[74.130475,76.748936],[-148.361761,76.736443],[-10.853997,76.723962],[126.653767,76.711493],[-95.838469,76.699035],[41.669295,76.686589],[179.177059,76.674154],[-43.315177,76.661731],[94.192587,76.649319],[-128.299649,76.636918],[9.208115,76.624528],[146.715879,76.61215],[-75.776357,76.599783],[61.731407,76.587427],[-160.760829,76.575082],[-23.253065,76.562749],[114.254699,76.550426],[-108.237537,76.538115],[29.270228,76.525814],[166.777992,76.513525],[-55.714244,76.501247],[81.79352,76.488979],[-140.698716,76.476723],[-3.190952,76.464477],[134.316812,76.452243],[-88.175424,76.440019],[49.33234,76.427805],[-173.159896,76.415603],[-35.652132,76.403412],[101.855632,76.391231],[-120.636604,76.379061],[16.87116,76.366901],[154.378924,76.354752],[-68.113312,76.342614],[69.394452,76.330486],[-153.097784,76.318369],[-15.59002,76.306262],[121.917744,76.294166],[-100.574491,76.28208],[36.933273,76.270005],[174.441037,76.25794],[-48.051199,76.245886],[89.456565,76.233842],[-133.035671,76.221808],[4.472093,76.209784],[141.979857,76.197771],[-80.512379,76.185768],[56.995385,76.173775],[-165.496851,76.161793],[-27.989087,76.14982],[109.518677,76.137858],[-112.973559,76.125906],[24.534205,76.113964],[162.041969,76.102032],[-60.450267,76.09011],[77.057497,76.078198],[-145.434739,76.066296],[-7.926975,76.054404],[129.58079,76.042522],[-92.911446,76.03065],[44.596318,76.018787],[-177.895918,76.006935],[-40.388154,75.995092],[97.11961,75.983259],[-125.372626,75.971436],[12.135138,75.959623],[149.642902,75.947819],[-72.849334,75.936026],[64.65843,75.924241],[-157.833806,75.912467],[-20.326042,75.900702],[117.181722,75.888947],[-105.310514,75.877201],[32.19725,75.865465],[169.705014,75.853738],[-52.787222,75.842021],[84.720542,75.830314],[-137.771694,75.818616],[-0.263929,75.806927],[137.243835,75.795248],[-85.248401,75.783578],[52.259363,75.771917],[-170.232873,75.760266],[-32.725109,75.748624],[104.782655,75.736992],[-117.709581,75.725369],[19.798183,75.713755],[157.305947,75.70215],[-65.186289,75.690555],[72.321475,75.678968],[-150.170761,75.667391],[-12.662997,75.655823],[124.844767,75.644264],[-97.647469,75.632715],[39.860295,75.621174],[177.368059,75.609642],[-45.124177,75.59812],[92.383587,75.586606],[-130.108648,75.575102],[7.399116,75.563606],[144.90688,75.55212],[-77.585356,75.540642],[59.922408,75.529173],[-162.569828,75.517713],[-25.062064,75.506262],[112.4457,75.49482],[-110.046536,75.483387],[27.461228,75.471962],[164.968992,75.460546],[-57.523244,75.449139],[79.98452,75.437741],[-142.507716,75.426352],[-4.999952,75.414971],[132.507812,75.403599],[-89.984424,75.392235],[47.52334,75.38088],[-174.968896,75.369534],[-37.461132,75.358196],[100.046633,75.346867],[-122.445603,75.335547],[15.062161,75.324235],[152.569925,75.312931],[-69.922311,75.301636],[67.585453,75.29035],[-154.906783,75.279072],[-17.399019,75.267802],[120.108745,75.256541],[-102.383491,75.245289],[35.124273,75.234044],[172.632037,75.222808],[-49.860199,75.211581],[87.647565,75.200361],[-134.844671,75.18915],[2.663093,75.177948],[140.170857,75.166753],[-82.321379,75.155567],[55.186385,75.144389],[-167.305851,75.13322],[-29.798086,75.122058],[107.709678,75.110905],[-114.782558,75.09976],[22.725206,75.088622],[160.23297,75.077494],[-62.259266,75.066373],[75.248498,75.05526],[-147.243738,75.044155],[-9.735974,75.033059],[127.77179,75.02197],[-94.720446,75.01089],[42.787318,74.999817],[-179.704918,74.988753],[-42.197154,74.977696],[95.31061,74.966647],[-127.181626,74.955606],[10.326138,74.944574],[147.833902,74.933549],[-74.658334,74.922532],[62.84943,74.911522],[-159.642805,74.900521],[-22.135041,74.889528],[115.372723,74.878542],[-107.119513,74.867564],[30.388251,74.856594],[167.896015,74.845631],[-54.596221,74.834677],[82.911543,74.82373],[-139.580693,74.81279],[-2.072929,74.801859],[135.434835,74.790935],[-87.057401,74.780019],[50.450363,74.76911],[-172.041873,74.758209],[-34.534109,74.747316],[102.973655,74.73643],[-119.518581,74.725552],[17.989183,74.714681],[155.496947,74.703818],[-66.995289,74.692962],[70.512476,74.682114],[-151.97976,74.671274],[-14.471996,74.660441],[123.035768,74.649615],[-99.456468,74.638797],[38.051296,74.627986],[175.55906,74.617183],[-46.933176,74.606387],[90.574588,74.595598],[-131.917648,74.584817],[5.590116,74.574043],[143.09788,74.563277],[-79.394356,74.552518],[58.113408,74.541766],[-164.378828,74.531021],[-26.871064,74.520284],[110.6367,74.509554],[-111.855536,74.498831],[25.652228,74.488115],[163.159992,74.477407],[-59.332243,74.466706],[78.175521,74.456012],[-144.316715,74.445325],[-6.808951,74.434645],[130.698813,74.423973],[-91.793423,74.413307],[45.714341,74.402649],[-176.777895,74.391998],[-39.270131,74.381354],[98.237633,74.370717],[-124.254603,74.360087],[13.253161,74.349464],[150.760925,74.338848],[-71.731311,74.328239],[65.776453,74.317637],[-156.715783,74.307043],[-19.208019,74.296455],[118.299745,74.285874],[-104.192491,74.2753],[33.315273,74.264732],[170.823038,74.254172],[-51.669198,74.243619],[85.838566,74.233073],[-136.65367,74.222533],[0.854094,74.212],[138.361858,74.201474],[-84.130378,74.190955],[53.377386,74.180443],[-169.11485,74.169938],[-31.607086,74.159439],[105.900678,74.148947],[-116.591558,74.138462],[20.916206,74.127984],[158.42397,74.117512],[-64.068266,74.107048],[73.439498,74.096589],[-149.052738,74.086138],[-11.544974,74.075693],[125.96279,74.065255],[-96.529446,74.054824],[40.978319,74.044399],[178.486083,74.033981],[-44.006153,74.023569],[93.501611,74.013164],[-128.990625,74.002766],[8.517139,73.992374],[146.024903,73.981989],[-76.467333,73.97161],[61.040431,73.961238],[-161.451805,73.950872],[-23.944041,73.940513],[113.563723,73.930161],[-108.928513,73.919815],[28.579251,73.909475],[166.087015,73.899142],[-56.405221,73.888815],[81.102543,73.878495],[-141.389693,73.868181],[-3.881929,73.857874],[133.625835,73.847572],[-88.8664,73.837278],[48.641364,73.82699],[-173.850872,73.816708],[-36.343108,73.806432],[101.164656,73.796163],[-121.32758,73.7859],[16.180184,73.775644],[153.687948,73.765393],[-68.804288,73.755149],[68.703476,73.744912],[-153.78876,73.73468],[-16.280996,73.724455],[121.226768,73.714236],[-101.265468,73.704024],[36.242296,73.693817],[173.75006,73.683617],[-48.742176,73.673423],[88.765588,73.663235],[-133.726648,73.653054],[3.781116,73.642878],[141.288881,73.632709],[-81.203355,73.622546],[56.304409,73.612388],[-166.187827,73.602238],[-28.680063,73.592093],[108.827701,73.581954],[-113.664535,73.571821],[23.843229,73.561695],[161.350993,73.551574],[-61.141243,73.54146],[76.366521,73.531351],[-146.125715,73.521249],[-8.617951,73.511153],[128.889813,73.501062],[-93.602423,73.490978],[43.905341,73.480899],[-178.586895,73.470827],[-41.079131,73.460761],[96.428633,73.4507],[-126.063603,73.440645],[11.444162,73.430597],[148.951926,73.420554],[-73.54031,73.410517],[63.967454,73.400486],[-158.524782,73.390461],[-21.017018,73.380442],[116.490746,73.370429],[-106.00149,73.360422],[31.506274,73.35042],[169.014038,73.340424],[-53.478198,73.330434],[84.029566,73.32045],[-138.46267,73.310472],[-0.954906,73.3005],[136.552858,73.290533],[-85.939378,73.280572],[51.568386,73.270617],[-170.92385,73.260667],[-33.416086,73.250724],[104.091678,73.240786],[-118.400557,73.230853],[19.107207,73.220927],[156.614971,73.211006],[-65.877265,73.201091],[71.630499,73.191181],[-150.861737,73.181278],[-13.353973,73.171379],[124.153791,73.161487],[-98.338445,73.1516],[39.169319,73.141719],[176.677083,73.131843],[-45.815153,73.121973],[91.692611,73.112109],[-130.799625,73.10225],[6.708139,73.092397],[144.215903,73.082549],[-78.276333,73.072707],[59.231431,73.062871],[-163.260805,73.05304],[-25.753041,73.043214],[111.754724,73.033394],[-110.737512,73.02358],[26.770252,73.013771],[164.278016,73.003968],[-58.21422,72.99417],[79.293544,72.984377],[-143.198692,72.97459],[-5.690928,72.964809],[131.816836,72.955033],[-90.6754,72.945262],[46.832364,72.935497],[-175.659872,72.925737],[-38.152108,72.915983],[99.355656,72.906234],[-123.13658,72.89649],[14.371184,72.886752],[151.878948,72.877019],[-70.613288,72.867292],[66.894476,72.857569],[-155.59776,72.847853],[-18.089995,72.838141],[119.417769,72.828435],[-103.074467,72.818734],[34.433297,72.809039],[171.941061,72.799349],[-50.551175,72.789664],[86.956589,72.779984],[-135.535647,72.77031],[1.972117,72.760641],[139.479881,72.750977],[-83.012355,72.741318],[54.495409,72.731665],[-167.996827,72.722017],[-30.489063,72.712374],[107.018701,72.702736],[-115.473535,72.693104],[22.034229,72.683476],[159.541993,72.673854],[-62.950243,72.664237],[74.557521,72.654626],[-147.934714,72.645019],[-10.42695,72.635418],[127.080814,72.625821],[-95.411422,72.61623],[42.096342,72.606644],[179.604106,72.597063],[-42.88813,72.587488],[94.619634,72.577917],[-127.872602,72.568351],[9.635162,72.558791],[147.142926,72.549235],[-75.34931,72.539685],[62.158454,72.530139],[-160.333782,72.520599],[-22.826018,72.511064],[114.681746,72.501534],[-107.81049,72.492009],[29.697274,72.482488],[167.205038,72.472973],[-55.287198,72.463463],[82.220567,72.453958],[-140.271669,72.444458],[-2.763905,72.434963],[134.743859,72.425472],[-87.748377,72.415987],[49.759387,72.406507],[-172.732849,72.397031],[-35.225085,72.387561],[102.282679,72.378095],[-120.209557,72.368635],[17.298207,72.359179],[154.805971,72.349728],[-67.686265,72.340283],[69.821499,72.330842],[-152.670737,72.321405],[-15.162973,72.311974],[122.344791,72.302548],[-100.147445,72.293126],[37.360319,72.28371],[174.868083,72.274298],[-47.624152,72.264891],[89.883612,72.255489],[-132.608624,72.246091],[4.89914,72.236699],[142.406904,72.227311],[-80.085332,72.217928],[57.422432,72.20855],[-165.069804,72.199177],[-27.56204,72.189808],[109.945724,72.180444],[-112.546512,72.171085],[24.961252,72.161731],[162.469016,72.152381],[-60.02322,72.143037],[77.484544,72.133696],[-145.007692,72.124361],[-7.499928,72.11503],[130.007836,72.105704],[-92.4844,72.096383],[45.023364,72.087067],[-177.468871,72.077755],[-39.961107,72.068448],[97.546657,72.059145],[-124.945579,72.049847],[12.562185,72.040554],[150.069949,72.031265],[-72.422287,72.021981],[65.085477,72.012702],[-157.406759,72.003427],[-19.898995,71.994157],[117.608769,71.984892],[-104.883467,71.975631],[32.624297,71.966375],[170.132061,71.957123],[-52.360175,71.947876],[85.147589,71.938634],[-137.344647,71.929396],[0.163117,71.920162],[137.670881,71.910934],[-84.821355,71.901709],[52.68641,71.89249],[-169.805826,71.883274],[-32.298062,71.874064],[105.209702,71.864858],[-117.282534,71.855656],[20.22523,71.846459],[157.732994,71.837266],[-64.759242,71.828078],[72.748522,71.818895],[-149.743714,71.809716],[-12.23595,71.800541],[125.271814,71.791371],[-97.220422,71.782205],[40.287342,71.773044],[177.795106,71.763887],[-44.69713,71.754734],[92.810634,71.745586],[-129.681602,71.736443],[7.826162,71.727304],[145.333926,71.718169],[-77.158309,71.709039],[60.349455,71.699913],[-162.142781,71.690791],[-24.635017,71.681674],[112.872747,71.672561],[-109.619489,71.663453],[27.888275,71.654349],[165.396039,71.645249],[-57.096197,71.636154],[80.411567,71.627063],[-142.080669,71.617977],[-4.572905,71.608894],[132.934859,71.599816],[-89.557377,71.590743],[47.950387,71.581673],[-174.541849,71.572608],[-37.034085,71.563548],[100.473679,71.554491],[-122.018557,71.545439],[15.489207,71.536391],[152.996972,71.527348],[-69.495264,71.518309],[68.0125,71.509274],[-154.479736,71.500243],[-16.971972,71.491216],[120.535792,71.482194],[-101.956444,71.473176],[35.55132,71.464162],[173.059084,71.455153],[-49.433152,71.446147],[88.074612,71.437146],[-134.417624,71.428149],[3.09014,71.419157],[140.597904,71.410168],[-81.894332,71.401184],[55.613432,71.392204],[-166.878804,71.383228],[-29.37104,71.374256],[108.136724,71.365288],[-114.355512,71.356325],[23.152253,71.347366],[160.660017,71.33841],[-61.832219,71.329459],[75.675545,71.320513],[-146.816691,71.31157],[-9.308927,71.302631],[128.198837,71.293697],[-94.293399,71.284766],[43.214365,71.27584],[-179.277871,71.266918],[-41.770107,71.258],[95.737657,71.249086],[-126.754579,71.240176],[10.753185,71.23127],[148.260949,71.222368],[-74.231287,71.21347],[63.276477,71.204577],[-159.215759,71.195687],[-21.707995,71.186802],[115.799769,71.17792],[-106.692466,71.169043],[30.815298,71.160169],[168.323062,71.1513],[-54.169174,71.142435],[83.33859,71.133573],[-139.153646,71.124716],[-1.645882,71.115862],[135.861882,71.107013],[-86.630354,71.098168],[50.87741,71.089326],[-171.614826,71.080489],[-34.107062,71.071656],[103.400702,71.062826],[-119.091534,71.054001],[18.41623,71.045179],[155.923994,71.036362],[-66.568242,71.027548],[70.939522,71.018738],[-151.552714,71.009932],[-14.04495,71.001131],[123.462815,70.992333],[-99.029421,70.983539],[38.478343,70.974749],[175.986107,70.965963],[-46.506129,70.95718],[91.001635,70.948402],[-131.490601,70.939628],[6.017163,70.930857],[143.524927,70.92209],[-78.967309,70.913327],[58.540455,70.904569],[-163.951781,70.895813],[-26.444017,70.887062],[111.063747,70.878315],[-111.428489,70.869571],[26.079275,70.860832],[163.587039,70.852096],[-58.905197,70.843364],[78.602567,70.834636],[-143.889669,70.825911],[-6.381904,70.817191],[131.12586,70.808474],[-91.366376,70.799761],[46.141388,70.791052],[-176.350848,70.782347],[-38.843084,70.773645],[98.66468,70.764948],[-123.827556,70.756254],[13.680208,70.747564],[151.187972,70.738877],[-71.304264,70.730195],[66.2035,70.721516],[-156.288736,70.712841],[-18.780972,70.704169],[118.726792,70.695502],[-103.765444,70.686838],[33.74232,70.678178],[171.250084,70.669521],[-51.242152,70.660869],[86.265612,70.65222],[-136.226623,70.643575],[1.281141,70.634933],[138.788905,70.626295],[-83.703331,70.617661],[53.804433,70.609031],[-168.687803,70.600404],[-31.180039,70.591781],[106.327725,70.583162],[-116.164511,70.574546],[21.343253,70.565934],[158.851017,70.557326],[-63.641219,70.548721],[73.866545,70.54012],[-148.625691,70.531523],[-11.117927,70.522929],[126.389837,70.514339],[-96.102399,70.505752],[41.405365,70.49717],[178.913129,70.48859],[-43.579107,70.480015],[93.928658,70.471443],[-128.563578,70.462875],[8.944186,70.45431],[146.45195,70.445749],[-76.040286,70.437191],[61.467478,70.428637],[-161.024758,70.420087],[-23.516994,70.41154],[113.99077,70.402997],[-108.501466,70.394458],[29.006298,70.385922],[166.514062,70.377389],[-55.978174,70.36886],[81.52959,70.360335],[-140.962646,70.351813],[-3.454882,70.343295],[134.052882,70.334781],[-88.439354,70.326269],[49.06841,70.317762],[-173.423826,70.309258],[-35.916061,70.300757],[101.591703,70.29226],[-120.900533,70.283767],[16.607231,70.275277],[154.114995,70.26679],[-68.377241,70.258307],[69.130523,70.249828],[-153.361713,70.241352],[-15.853949,70.232879],[121.653815,70.22441],[-100.838421,70.215945],[36.669343,70.207483],[174.177107,70.199024],[-48.315129,70.190569],[89.192635,70.182117],[-133.299601,70.173669],[4.208163,70.165225],[141.715927,70.156783],[-80.776309,70.148345],[56.731455,70.139911],[-165.76078,70.13148],[-28.253016,70.123053],[109.254748,70.114628],[-113.237488,70.106208],[24.270276,70.09779],[161.77804,70.089377],[-60.714196,70.080966],[76.793568,70.072559],[-145.698668,70.064155],[-8.190904,70.055755],[129.31686,70.047358],[-93.175376,70.038965],[44.332388,70.030575],[-178.159848,70.022188],[-40.652084,70.013805],[96.85568,70.005425],[-125.636556,69.997048],[11.871208,69.988675],[149.378972,69.980305],[-73.113264,69.971939],[64.394501,69.963576],[-158.097735,69.955216],[-20.589971,69.946859],[116.917793,69.938506],[-105.574443,69.930156],[31.933321,69.92181],[169.441085,69.913467],[-53.051151,69.905127],[84.456613,69.89679],[-138.035623,69.888457],[-0.527859,69.880127],[136.979905,69.871801],[-85.512331,69.863478],[51.995433,69.855158],[-170.496803,69.846841],[-32.989039,69.838527],[104.518725,69.830217],[-117.973511,69.821911],[19.534253,69.813607],[157.042017,69.805307],[-65.450218,69.79701],[72.057546,69.788716],[-150.43469,69.780425],[-12.926926,69.772138],[124.580838,69.763854],[-97.911398,69.755573],[39.596366,69.747296],[177.10413,69.739022],[-45.388106,69.730751],[92.119658,69.722483],[-130.372578,69.714218],[7.135186,69.705957],[144.64295,69.697699],[-77.849286,69.689444],[59.658478,69.681192],[-162.833758,69.672944],[-25.325994,69.664698],[112.18177,69.656456],[-110.310466,69.648218],[27.197298,69.639982],[164.705063,69.631749],[-57.787173,69.62352],[79.720591,69.615294],[-142.771645,69.607071],[-5.263881,69.598851],[132.243883,69.590635],[-90.248353,69.582421],[47.259411,69.574211],[-175.232825,69.566004],[-37.725061,69.5578],[99.782703,69.549599],[-122.709533,69.541401],[14.798231,69.533207],[152.305995,69.525015],[-70.186241,69.516827],[67.321523,69.508642],[-155.170713,69.50046],[-17.662949,69.492281],[119.844815,69.484105],[-102.647421,69.475933],[34.860344,69.467763],[172.368108,69.459597],[-50.124128,69.451433],[87.383636,69.443273],[-135.1086,69.435116],[2.399164,69.426962],[139.906928,69.418811],[-82.585308,69.410663],[54.922456,69.402518],[-167.56978,69.394377],[-30.062016,69.386238],[107.445748,69.378103],[-115.046488,69.36997],[22.461276,69.361841],[159.96904,69.353714],[-62.523196,69.345591],[74.984568,69.337471],[-147.507668,69.329354],[-9.999904,69.32124],[127.50786,69.313129],[-94.984375,69.30502],[42.523389,69.296915],[-179.968847,69.288813],[-42.461083,69.280715],[95.046681,69.272619],[-127.445555,69.264526],[10.062209,69.256436],[147.569973,69.248349],[-74.922263,69.240265],[62.585501,69.232184],[-159.906735,69.224106],[-22.398971,69.216032],[115.108793,69.20796],[-107.383443,69.199891],[30.124321,69.191825],[167.632085,69.183762],[-54.860151,69.175702],[82.647613,69.167645],[-139.844623,69.159591],[-2.336859,69.15154],[135.170906,69.143492],[-87.32133,69.135447],[50.186434,69.127405],[-172.305802,69.119366],[-34.798038,69.11133],[102.709726,69.103297],[-119.78251,69.095267],[17.725254,69.087239],[155.233018,69.079215],[-67.259218,69.071194],[70.248546,69.063175],[-152.24369,69.05516],[-14.735926,69.047147],[122.771838,69.039137],[-99.720398,69.03113],[37.787366,69.023127],[175.29513,69.015126],[-47.197106,69.007128],[90.310658,68.999132],[-132.181577,68.99114],[5.326187,68.983151],[142.833951,68.975164],[-79.658285,68.967181],[57.849479,68.9592],[-164.642757,68.951223],[-27.134993,68.943248],[110.372771,68.935276],[-112.119465,68.927307],[25.388299,68.91934],[162.896063,68.911377],[-59.596173,68.903417],[77.911591,68.895459],[-144.580645,68.887504],[-7.072881,68.879552],[130.434883,68.871603],[-92.057353,68.863657],[45.450411,68.855714],[-177.041825,68.847773],[-39.534061,68.839836],[97.973704,68.831901],[-124.518532,68.823969],[12.989232,68.81604],[150.496996,68.808113],[-71.99524,68.80019],[65.512524,68.792269],[-156.979712,68.784351],[-19.471948,68.776436],[118.035816,68.768524],[-104.45642,68.760615],[33.051344,68.752708],[170.559108,68.744804],[-51.933128,68.736904],[85.574636,68.729005],[-136.9176,68.72111],[0.590164,68.713217],[138.097928,68.705328],[-84.394308,68.697441],[53.113456,68.689556],[-169.37878,68.681675],[-31.871015,68.673796],[105.636749,68.66592],[-116.855487,68.658047],[20.652277,68.650177],[158.160041,68.642309],[-64.332195,68.634444],[73.175569,68.626582],[-149.316667,68.618723],[-11.808903,68.610866],[125.698861,68.603013],[-96.793375,68.595162],[40.714389,68.587313],[178.222153,68.579468],[-44.270083,68.571625],[93.237681,68.563785],[-129.254555,68.555947],[8.253209,68.548113],[145.760973,68.540281],[-76.731263,68.532452],[60.776501,68.524625],[-161.715734,68.516801],[-24.20797,68.50898],[113.299794,68.501162],[-109.192442,68.493346],[28.315322,68.485533],[165.823086,68.477723],[-56.66915,68.469916],[80.838614,68.462111],[-141.653622,68.454309],[-4.145858,68.446509],[133.361906,68.438712],[-89.13033,68.430918],[48.377434,68.423127],[-174.114802,68.415338],[-36.607038,68.407552],[100.900726,68.399769],[-121.59151,68.391988],[15.916254,68.38421],[153.424018,68.376435],[-69.068218,68.368662],[68.439547,68.360892],[-154.052689,68.353124],[-16.544925,68.34536],[120.962839,68.337598],[-101.529397,68.329838],[35.978367,68.322081],[173.486131,68.314327],[-49.006105,68.306576],[88.501659,68.298827],[-133.990577,68.29108],[3.517187,68.283337],[141.024951,68.275596],[-81.467285,68.267857],[56.040479,68.260122],[-166.451757,68.252389],[-28.943993,68.244658],[108.563771,68.23693],[-113.928465,68.229205],[23.579299,68.221482],[161.087063,68.213762],[-61.405172,68.206045],[76.102592,68.19833],[-146.389644,68.190617],[-8.88188,68.182908],[128.625884,68.175201],[-93.866352,68.167496],[43.641412,68.159794],[-178.850824,68.152095],[-41.34306,68.144398],[96.164704,68.136704],[-126.327532,68.129012],[11.180232,68.121323],[148.687996,68.113637],[-73.80424,68.105953],[63.703524,68.098271],[-158.788712,68.090593],[-21.280948,68.082916],[116.226816,68.075243],[-106.26542,68.067571],[31.242344,68.059903],[168.750109,68.052237],[-53.742127,68.044573],[83.765637,68.036912],[-138.726599,68.029254],[-1.218835,68.021598],[136.288929,68.013945],[-86.203307,68.006294],[51.304457,67.998646],[-171.187779,67.991],[-33.680015,67.983357],[103.827749,67.975716],[-118.664487,67.968078],[18.843277,67.960442],[156.351041,67.952809],[-66.141195,67.945178],[71.366569,67.93755],[-151.125667,67.929925],[-13.617903,67.922301],[123.889861,67.914681],[-98.602375,67.907063],[38.90539,67.899447],[176.413154,67.891834],[-46.079082,67.884223],[91.428682,67.876615],[-131.063554,67.869009],[6.44421,67.861406],[143.951974,67.853805],[-78.540262,67.846207],[58.967502,67.838611],[-163.524734,67.831018],[-26.01697,67.823427],[111.490794,67.815839],[-111.001442,67.808253],[26.506322,67.80067],[164.014086,67.793089],[-58.47815,67.78551],[79.029614,67.777934],[-143.462622,67.77036],[-5.954858,67.762789],[131.552906,67.75522],[-90.939329,67.747654],[46.568435,67.74009],[-175.923801,67.732529],[-38.416037,67.72497],[99.091727,67.717413],[-123.400509,67.709859],[14.107255,67.702308],[151.615019,67.694758],[-70.877217,67.687211],[66.630547,67.679667],[-155.861689,67.672125],[-18.353925,67.664586],[119.153839,67.657048],[-103.338397,67.649514],[34.169367,67.641981],[171.677131,67.634451],[-50.815105,67.626924],[86.692659,67.619399],[-135.799577,67.611876],[1.708187,67.604356],[139.215952,67.596838],[-83.276284,67.589322],[54.23148,67.581809],[-168.260756,67.574298],[-30.752992,67.56679],[106.754772,67.559284],[-115.737464,67.55178],[21.7703,67.544279],[159.278064,67.53678],[-63.214172,67.529284],[74.293592,67.52179],[-148.198644,67.514298],[-10.69088,67.506808],[126.816884,67.499321],[-95.675352,67.491837],[41.832412,67.484354],[179.340176,67.476874],[-43.15206,67.469397],[94.355704,67.461922],[-128.136532,67.454449],[9.371233,67.446978],[146.878997,67.43951],[-75.613239,67.432044],[61.894525,67.424581],[-160.597711,67.417119],[-23.089947,67.409661],[114.417817,67.402204],[-108.074419,67.39475],[29.433345,67.387298],[166.941109,67.379849],[-55.551127,67.372401],[81.956637,67.364956],[-140.535599,67.357514],[-3.027835,67.350074],[134.479929,67.342636],[-88.012307,67.3352],[49.495457,67.327767],[-172.996779,67.320336],[-35.489015,67.312907],[102.018749,67.305481],[-120.473486,67.298057],[17.034278,67.290635],[154.542042,67.283215],[-67.950194,67.275798],[69.55757,67.268383],[-152.934666,67.260971],[-15.426902,67.25356],[122.080862,67.246152],[-100.411374,67.238747],[37.09639,67.231343],[174.604154,67.223942],[-47.888082,67.216543],[89.619682,67.209146],[-132.872554,67.201752],[4.63521,67.19436],[142.142974,67.18697],[-80.349262,67.179582],[57.158502,67.172197],[-165.333734,67.164814],[-27.82597,67.157433],[109.681795,67.150055],[-112.810441,67.142678],[24.697323,67.135304],[162.205087,67.127933],[-60.287149,67.120563],[77.220615,67.113196],[-145.271621,67.105831],[-7.763857,67.098468],[129.743907,67.091107],[-92.748329,67.083749],[44.759435,67.076393],[-177.732801,67.069039],[-40.225037,67.061687],[97.282727,67.054338],[-125.209509,67.046991],[12.298255,67.039646],[149.806019,67.032303],[-72.686217,67.024963],[64.821547,67.017624],[-157.670689,67.010288],[-20.162924,67.002954],[117.34484,66.995623],[-105.147396,66.988293],[32.360368,66.980966],[169.868132,66.973641],[-52.624104,66.966318],[84.88366,66.958998],[-137.608576,66.951679],[-0.100812,66.944363],[137.406952,66.937049],[-85.085284,66.929737],[52.42248,66.922427],[-170.069756,66.91512],[-32.561992,66.907815],[104.945772,66.900512],[-117.546464,66.893211],[19.9613,66.885912],[157.469064,66.878615],[-65.023172,66.871321],[72.484592,66.864029],[-150.007643,66.856739],[-12.499879,66.849451],[125.007885,66.842165],[-97.484351,66.834882],[40.023413,66.8276],[177.531177,66.820321],[-44.961059,66.813044],[92.546705,66.805769],[-129.945531,66.798496],[7.562233,66.791226],[145.069997,66.783957],[-77.422239,66.776691],[60.085525,66.769427],[-162.406711,66.762165],[-24.898947,66.754905],[112.608817,66.747647],[-109.883419,66.740392],[27.624345,66.733138],[165.132109,66.725887],[-57.360127,66.718638],[80.147638,66.711391],[-142.344598,66.704146],[-4.836834,66.696903],[132.67093,66.689662],[-89.821306,66.682424],[47.686458,66.675187],[-174.805778,66.667953],[-37.298014,66.660721],[100.20975,66.653491],[-122.282486,66.646263],[15.225278,66.639037],[152.733042,66.631813],[-69.759194,66.624592],[67.74857,66.617372],[-154.743666,66.610155],[-17.235902,66.60294],[120.271862,66.595726],[-102.220374,66.588515],[35.28739,66.581306],[172.795154,66.574099],[-49.697081,66.566894],[87.810683,66.559692],[-134.681553,66.552491],[2.826211,66.545292],[140.333975,66.538096],[-82.158261,66.530902],[55.349503,66.523709],[-167.142733,66.516519],[-29.634969,66.509331],[107.872795,66.502145],[-114.619441,66.494961],[22.888323,66.487779],[160.396087,66.480599],[-62.096149,66.473421],[75.411615,66.466245],[-147.080621,66.459072],[-9.572857,66.4519],[127.934907,66.44473],[-94.557329,66.437563],[42.950435,66.430397],[-179.5418,66.423234],[-42.034036,66.416073],[95.473728,66.408913],[-127.018508,66.401756],[10.489256,66.394601],[147.99702,66.387448],[-74.495216,66.380297],[63.012548,66.373148],[-159.479688,66.366001],[-21.971924,66.358856],[115.53584,66.351713],[-106.956396,66.344572],[30.551368,66.337433],[168.059132,66.330296],[-54.433104,66.323161],[83.07466,66.316028],[-139.417576,66.308897],[-1.909812,66.301769],[135.597952,66.294642],[-86.894284,66.287517],[50.613481,66.280394],[-171.878755,66.273274],[-34.370991,66.266155],[103.136773,66.259038],[-119.355463,66.251924],[18.152301,66.244811],[155.660065,66.2377],[-66.832171,66.230592],[70.675593,66.223485],[-151.816643,66.21638],[-14.308879,66.209278],[123.198885,66.202177],[-99.293351,66.195078],[38.214413,66.187982],[175.722177,66.180887],[-46.770059,66.173794],[90.737705,66.166704],[-131.754531,66.159615],[5.753233,66.152528],[143.260997,66.145443],[-79.231238,66.138361],[58.276526,66.13128],[-164.21571,66.124201],[-26.707946,66.117124],[110.799818,66.110049],[-111.692418,66.102976],[25.815346,66.095905],[163.32311,66.088836],[-59.169126,66.081769],[78.338638,66.074704],[-144.153598,66.067641],[-6.645834,66.06058],[130.86193,66.053521],[-91.630306,66.046464],[45.877458,66.039409],[-176.614778,66.032355],[-39.107014,66.025304],[98.40075,66.018255],[-124.091486,66.011207],[13.416278,66.004162],[150.924043,65.997118],[-71.568193,65.990077],[65.939571,65.983037],[-156.552665,65.975999],[-19.044901,65.968964],[118.462863,65.96193],[-104.029373,65.954898],[33.478391,65.947868],[170.986155,65.94084],[-51.506081,65.933814],[86.001683,65.92679],[-136.490553,65.919767],[1.017211,65.912747],[138.524975,65.905729],[-83.967261,65.898712],[53.540503,65.891698],[-168.951733,65.884685],[-31.443969,65.877674],[106.063795,65.870666],[-116.428441,65.863659],[21.079324,65.856654],[158.587088,65.849651],[-63.905148,65.84265],[73.602616,65.83565],[-148.88962,65.828653],[-11.381856,65.821658],[126.125908,65.814664],[-96.366328,65.807672],[41.141436,65.800683],[178.6492,65.793695],[-43.843036,65.786709],[93.664728,65.779725],[-128.827508,65.772743],[8.680256,65.765762],[146.18802,65.758784],[-76.304216,65.751808],[61.203548,65.744833],[-161.288688,65.73786],[-23.780924,65.730889],[113.72684,65.72392],[-108.765395,65.716953],[28.742369,65.709988],[166.250133,65.703025],[-56.242103,65.696063],[81.265661,65.689104],[-141.226575,65.682146],[-3.718811,65.67519],[133.788953,65.668236],[-88.703283,65.661284],[48.804481,65.654334],[-173.687755,65.647385],[-36.179991,65.640439],[101.327773,65.633494],[-121.164463,65.626551],[16.343301,65.619611],[153.851065,65.612671],[-68.641171,65.605734],[68.866593,65.598799],[-153.625643,65.591865],[-16.117879,65.584934],[121.389886,65.578004],[-101.10235,65.571076],[36.405414,65.56415],[173.913178,65.557225],[-48.579058,65.550303],[88.928706,65.543382],[-133.56353,65.536463],[3.944234,65.529546],[141.451998,65.522631],[-81.040238,65.515718],[56.467526,65.508807],[-166.02471,65.501897],[-28.516946,65.494989],[108.990818,65.488083],[-113.501418,65.481179],[24.006346,65.474277],[161.51411,65.467376],[-60.978126,65.460478],[76.529638,65.453581],[-145.962598,65.446686],[-8.454833,65.439792],[129.052931,65.432901],[-93.439305,65.426011],[44.068459,65.419124],[-178.423777,65.412238],[-40.916013,65.405353],[96.591751,65.398471],[-125.900485,65.39159],[11.607279,65.384712],[149.115043,65.377835],[-73.377193,65.37096],[64.130571,65.364086],[-158.361665,65.357215],[-20.853901,65.350345],[116.653863,65.343477],[-105.838373,65.336611],[31.669391,65.329746],[169.177155,65.322884],[-53.315081,65.316023],[84.192683,65.309164],[-138.299552,65.302307],[-0.791788,65.295451],[136.715976,65.288598],[-85.77626,65.281746],[51.731504,65.274896],[-170.760732,65.268047],[-33.252968,65.261201],[104.254796,65.254356],[-118.23744,65.247513],[19.270324,65.240672],[156.778088,65.233832],[-65.714148,65.226995],[71.793616,65.220159],[-150.69862,65.213324],[-13.190856,65.206492],[124.316908,65.199661],[-98.175328,65.192833],[39.332436,65.186005],[176.8402,65.17918],[-45.652036,65.172357],[91.855729,65.165535],[-130.636507,65.158715],[6.871257,65.151896],[144.379021,65.14508],[-78.113215,65.138265],[59.394549,65.131452],[-163.097687,65.12464],[-25.589923,65.117831],[111.917841,65.111023],[-110.574395,65.104217],[26.933369,65.097413],[164.441133,65.09061],[-58.051103,65.083809],[79.456661,65.07701],[-143.035575,65.070213],[-5.527811,65.063417],[131.979953,65.056623],[-90.512283,65.049831],[46.995481,65.04304],[-175.496755,65.036252],[-37.98899,65.029465],[99.518774,65.022679],[-122.973462,65.015896],[14.534302,65.009114],[152.042066,65.002334],[-70.45017,64.995555],[67.057594,64.988779],[-155.434642,64.982004],[-17.926878,64.97523],[119.580886,64.968459],[-102.91135,64.961689],[34.596414,64.954921],[172.104178,64.948155],[-50.388058,64.94139],[87.119706,64.934627],[-135.37253,64.927866],[2.135234,64.921106],[139.642998,64.914348],[-82.849238,64.907592],[54.658526,64.900838],[-167.833709,64.894085],[-30.325945,64.887334],[107.181819,64.880584],[-115.310417,64.873837],[22.197347,64.867091],[159.705111,64.860346],[-62.787125,64.853604],[74.720639,64.846863],[-147.771597,64.840124],[-10.263833,64.833386],[127.243931,64.82665],[-95.248305,64.819916],[42.259459,64.813184],[179.767223,64.806453],[-42.725013,64.799724],[94.782751,64.792996],[-127.709485,64.786271],[9.798279,64.779547],[147.306043,64.772824],[-75.186193,64.766103],[62.321572,64.759384],[-160.170664,64.752667],[-22.6629,64.745951],[114.844864,64.739237],[-107.647372,64.732525],[29.860392,64.725814],[167.368156,64.719105],[-55.12408,64.712398],[82.383684,64.705692],[-140.108552,64.698988],[-2.600788,64.692285],[134.906976,64.685585],[-87.58526,64.678886],[49.922504,64.672188],[-172.569732,64.665492],[-35.061968,64.658798],[102.445796,64.652106],[-120.04644,64.645415],[17.461324,64.638726],[154.969088,64.632038],[-67.523147,64.625352],[69.984617,64.618668],[-152.507619,64.611985],[-14.999855,64.605304],[122.507909,64.598625],[-99.984327,64.591947],[37.523437,64.585271],[175.031201,64.578597],[-47.461035,64.571924],[90.046729,64.565253],[-132.445507,64.558584],[5.062257,64.551916],[142.570021,64.545249],[-79.922215,64.538585],[57.585549,64.531922],[-164.906687,64.525261],[-27.398923,64.518601],[110.108841,64.511943],[-112.383395,64.505286],[25.124369,64.498631],[162.632134,64.491978],[-59.860102,64.485326],[77.647662,64.478676],[-144.844574,64.472028],[-7.33681,64.465381],[130.170954,64.458736],[-92.321282,64.452093],[45.186482,64.445451],[-177.305754,64.43881],[-39.79799,64.432172],[97.709774,64.425534],[-124.782462,64.418899],[12.725302,64.412265],[150.233066,64.405633],[-72.25917,64.399002],[65.248594,64.392373],[-157.243642,64.385745],[-19.735878,64.379119],[117.771886,64.372495],[-104.72035,64.365872],[32.787415,64.359251],[170.295179,64.352632],[-52.197057,64.346014],[85.310707,64.339398],[-137.181529,64.332783],[0.326235,64.32617],[137.833999,64.319558],[-84.658237,64.312948],[52.849527,64.30634],[-169.642709,64.299733],[-32.134945,64.293128],[105.372819,64.286524],[-117.119417,64.279922],[20.388347,64.273322],[157.896111,64.266723],[-64.596125,64.260125],[72.911639,64.253529],[-149.580597,64.246935],[-12.072833,64.240343],[125.434931,64.233752],[-97.057304,64.227162],[40.45046,64.220574],[177.958224,64.213988],[-44.534012,64.207403],[92.973752,64.20082],[-129.518484,64.194238],[7.98928,64.187658],[145.497044,64.18108],[-76.995192,64.174503],[60.512572,64.167927],[-161.979664,64.161354],[-24.4719,64.154781],[113.035864,64.148211],[-109.456372,64.141641],[28.051392,64.135074],[165.559156,64.128508],[-56.93308,64.121943],[80.574684,64.11538],[-141.917552,64.108819],[-4.409788,64.102259],[133.097977,64.095701],[-89.394259,64.089144],[48.113505,64.082589],[-174.378731,64.076035],[-36.870967,64.069483],[100.636797,64.062932],[-121.855439,64.056383],[15.652325,64.049836],[153.160089,64.04329],[-69.332147,64.036745],[68.175617,64.030202],[-154.316619,64.023661],[-16.808855,64.017121],[120.698909,64.010583],[-101.793327,64.004046],[35.714437,63.997511],[173.222201,63.990977],[-49.270035,63.984445],[88.237729,63.977914],[-134.254507,63.971385],[3.253258,63.964857],[140.761022,63.958331],[-81.731214,63.951807],[55.77655,63.945284],[-166.715686,63.938762],[-29.207922,63.932242],[108.299842,63.925723],[-114.192394,63.919206],[23.31537,63.912691],[160.823134,63.906177],[-61.669102,63.899665],[75.838662,63.893154],[-146.653574,63.886644],[-9.14581,63.880136],[128.361954,63.87363],[-94.130282,63.867125],[43.377482,63.860621],[-179.114754,63.85412],[-41.60699,63.847619],[95.900774,63.84112],[-126.591461,63.834623],[10.916303,63.828127],[148.424067,63.821633],[-74.068169,63.81514],[63.439595,63.808648],[-159.052641,63.802158],[-21.544877,63.79567],[115.962887,63.789183],[-106.529349,63.782697],[30.978415,63.776214],[168.486179,63.769731],[-54.006057,63.76325],[83.501707,63.756771],[-138.990529,63.750293],[-1.482765,63.743816],[136.024999,63.737341],[-86.467237,63.730867],[51.040527,63.724395],[-171.451709,63.717925],[-33.943945,63.711456],[103.56382,63.704988],[-118.928416,63.698522],[18.579348,63.692057],[156.087112,63.685594],[-66.405124,63.679132],[71.10264,63.672672],[-151.389596,63.666213],[-13.881832,63.659756],[123.625932,63.6533],[-98.866304,63.646846],[38.64146,63.640393],[176.149224,63.633941],[-46.343012,63.627491],[91.164752,63.621043],[-131.327484,63.614596],[6.18028,63.60815],[143.688044,63.601706],[-78.804192,63.595263],[58.703572,63.588822],[-163.788664,63.582383],[-26.280899,63.575944],[111.226865,63.569507],[-111.265371,63.563072],[26.242393,63.556638],[163.750157,63.550206],[-58.742079,63.543775],[78.765685,63.537345],[-143.726551,63.530917],[-6.218787,63.52449],[131.288977,63.518065],[-91.203259,63.511641],[46.304505,63.505219],[-176.187731,63.498798],[-38.679967,63.492378],[98.827797,63.48596],[-123.664439,63.479544],[13.843325,63.473129],[151.351089,63.466715],[-71.141147,63.460303],[66.366617,63.453892],[-156.125618,63.447483],[-18.617854,63.441075],[118.88991,63.434668],[-103.602326,63.428263],[33.905438,63.421859],[171.413202,63.415457],[-51.079034,63.409056],[86.42873,63.402657],[-136.063506,63.396259],[1.444258,63.389863],[138.952022,63.383467],[-83.540214,63.377074],[53.96755,63.370682],[-168.524686,63.364291],[-31.016922,63.357901],[106.490842,63.351513],[-116.001394,63.345127],[21.50637,63.338742],[159.014134,63.332358],[-63.478102,63.325976],[74.029663,63.319595],[-148.462573,63.313215],[-10.954809,63.306837],[126.552955,63.300461],[-95.939281,63.294085],[41.568483,63.287711],[179.076247,63.281339],[-43.415989,63.274968],[94.091775,63.268598],[-128.400461,63.26223],[9.107303,63.255863],[146.615067,63.249498],[-75.877169,63.243134],[61.630595,63.236771],[-160.861641,63.23041],[-23.353877,63.22405],[114.153887,63.217692],[-108.338349,63.211335],[29.169415,63.204979],[166.677179,63.198625],[-55.815056,63.192272],[81.692708,63.185921],[-140.799528,63.179571],[-3.291764,63.173222],[134.216,63.166875],[-88.276236,63.160529],[49.231528,63.154185],[-173.260708,63.147842],[-35.752944,63.1415],[101.75482,63.13516],[-120.737416,63.128821],[16.770348,63.122483],[154.278112,63.116147],[-68.214124,63.109812],[69.29364,63.103479],[-153.198596,63.097147],[-15.690832,63.090816],[121.816932,63.084487],[-100.675304,63.078159],[36.83246,63.071833],[174.340225,63.065508],[-48.152011,63.059184],[89.355753,63.052862],[-133.136483,63.046541],[4.371281,63.040221],[141.879045,63.033903],[-80.613191,63.027586],[56.894573,63.02127],[-165.597663,63.014956],[-28.089899,63.008643],[109.417865,63.002332],[-113.074371,62.996022],[24.433393,62.989713],[161.941157,62.983406],[-60.551079,62.9771],[76.956685,62.970795],[-145.535551,62.964492],[-8.027787,62.95819],[129.479977,62.951889],[-93.012259,62.94559],[44.495506,62.939292],[-177.99673,62.932996],[-40.488966,62.926701],[97.018798,62.920407],[-125.473438,62.914115],[12.034326,62.907824],[149.54209,62.901534],[-72.950146,62.895246],[64.557618,62.888959],[-157.934618,62.882673],[-20.426854,62.876389],[117.08091,62.870106],[-105.411326,62.863824],[32.096438,62.857544],[169.604202,62.851265],[-52.888034,62.844987],[84.61973,62.838711],[-137.872506,62.832436],[-0.364742,62.826162],[137.143022,62.81989],[-85.349213,62.813619],[52.158551,62.80735],[-170.333685,62.801081],[-32.825921,62.794814],[104.681843,62.788549],[-117.810393,62.782285],[19.697371,62.776022],[157.205135,62.76976],[-65.287101,62.7635],[72.220663,62.757241],[-150.271573,62.750983],[-12.763809,62.744727],[124.743955,62.738472],[-97.748281,62.732219],[39.759483,62.725966],[177.267247,62.719715],[-45.224989,62.713466],[92.282775,62.707217],[-130.209461,62.70097],[7.298303,62.694725],[144.806068,62.68848],[-77.686168,62.682237],[59.821596,62.675996],[-162.67064,62.669755],[-25.162876,62.663516],[112.344888,62.657278],[-110.147348,62.651042],[27.360416,62.644807],[164.86818,62.638573],[-57.624056,62.63234],[79.883708,62.626109],[-142.608528,62.619879],[-5.100764,62.61365],[132.407,62.607423],[-90.085236,62.601197],[47.422528,62.594972],[-175.069708,62.588749],[-37.561944,62.582527],[99.94582,62.576306],[-122.546416,62.570087],[14.961349,62.563868],[152.469113,62.557652],[-70.023123,62.551436],[67.484641,62.545222],[-155.007595,62.539009],[-17.499831,62.532797],[120.007933,62.526587],[-102.484303,62.520377],[35.023461,62.51417],[172.531225,62.507963],[-49.961011,62.501758],[87.546753,62.495554],[-134.945483,62.489351],[2.562281,62.48315],[140.070045,62.47695],[-82.422191,62.470751],[55.085573,62.464554],[-167.406663,62.458357],[-29.898899,62.452162],[107.608865,62.445969],[-114.88337,62.439776],[22.624394,62.433585],[160.132158,62.427396],[-62.360078,62.421207],[75.147686,62.41502],[-147.34455,62.408834],[-9.836786,62.402649],[127.670978,62.396466],[-94.821258,62.390284],[42.686506,62.384103],[-179.80573,62.377923],[-42.297966,62.371745],[95.209798,62.365568],[-127.282438,62.359392],[10.225326,62.353218],[147.73309,62.347044],[-74.759146,62.340872],[62.748618,62.334702],[-159.743618,62.328532],[-22.235854,62.322364],[115.271911,62.316197],[-107.220325,62.310032],[30.287439,62.303867],[167.795203,62.297704],[-54.697033,62.291542],[82.810731,62.285382],[-139.681505,62.279223],[-2.173741,62.273065],[135.334023,62.266908],[-87.158213,62.260752],[50.349551,62.254598],[-172.142685,62.248445],[-34.634921,62.242293],[102.872843,62.236143],[-119.619393,62.229993],[17.888371,62.223845],[155.396135,62.217699],[-67.096101,62.211553],[70.411663,62.205409],[-152.080573,62.199266],[-14.572808,62.193124],[122.934956,62.186984],[-99.55728,62.180844],[37.950484,62.174706],[175.458248,62.16857],[-47.033988,62.162434],[90.473776,62.1563],[-132.01846,62.150167],[5.489304,62.144035],[142.997068,62.137905],[-79.495168,62.131775],[58.012596,62.125647],[-164.47964,62.11952],[-26.971876,62.113395],[110.535888,62.10727],[-111.956348,62.101147],[25.551416,62.095025],[163.05918,62.088905],[-59.433056,62.082785],[78.074708,62.076667],[-144.417527,62.07055],[-6.909763,62.064435],[130.598001,62.05832],[-91.894235,62.052207],[45.613529,62.046095],[-176.878707,62.039984],[-39.370943,62.033874],[98.136821,62.027766],[-124.355415,62.021659],[13.152349,62.015553],[150.660113,62.009448],[-71.832123,62.003345],[65.675641,61.997243],[-156.816595,61.991142],[-19.308831,61.985042],[118.198933,61.978944],[-104.293303,61.972846],[33.214461,61.96675],[170.722225,61.960655],[-51.770011,61.954561],[85.737754,61.948469],[-136.754482,61.942378],[0.753282,61.936288],[138.261046,61.930199],[-84.23119,61.924111],[53.276574,61.918025],[-169.215662,61.91194],[-31.707898,61.905856],[105.799866,61.899773],[-116.69237,61.893691],[20.815394,61.887611],[158.323158,61.881532],[-64.169078,61.875454],[73.338686,61.869377],[-149.15355,61.863302],[-11.645786,61.857227],[125.861978,61.851154],[-96.630258,61.845082],[40.877506,61.839012],[178.38527,61.832942],[-44.106965,61.826874],[93.400799,61.820807],[-129.091437,61.814741],[8.416327,61.808676],[145.924091,61.802613],[-76.568145,61.79655],[60.939619,61.790489],[-161.552617,61.784429],[-24.044853,61.778371],[113.462911,61.772313],[-109.029325,61.766257],[28.478439,61.760202],[165.986203,61.754148],[-56.506033,61.748095],[81.001731,61.742043],[-141.490505,61.735993],[-3.982741,61.729944],[133.525023,61.723896],[-88.967213,61.717849],[48.540551,61.711803],[-173.951684,61.705759],[-36.44392,61.699716],[101.063844,61.693673],[-121.428392,61.687633],[16.079372,61.681593],[153.587136,61.675554],[-68.9051,61.669517],[68.602664,61.663481],[-153.889572,61.657446],[-16.381808,61.651412],[121.125956,61.645379],[-101.36628,61.639348],[36.141484,61.633318],[173.649248,61.627288],[-48.842988,61.62126],[88.664776,61.615234],[-133.82746,61.609208],[3.680304,61.603184],[141.188068,61.59716],[-81.304168,61.591138],[56.203597,61.585117],[-166.288639,61.579098],[-28.780875,61.573079],[108.726889,61.567062],[-113.765347,61.561045],[23.742417,61.55503],[161.250181,61.549016],[-61.242055,61.543004],[76.265709,61.536992],[-146.226527,61.530982],[-8.718763,61.524973],[128.789001,61.518964],[-93.703235,61.512957],[43.804529,61.506952],[-178.687707,61.500947],[-41.179943,61.494944],[96.327821,61.488941],[-126.164415,61.48294],[11.343349,61.47694],[148.851113,61.470941],[-73.641122,61.464944],[63.866642,61.458947],[-158.625594,61.452952],[-21.11783,61.446958],[116.389934,61.440965],[-106.102302,61.434973],[31.405462,61.428982],[168.913226,61.422992],[-53.57901,61.417004],[83.928754,61.411017],[-138.563482,61.40503],[-1.055718,61.399045],[136.452046,61.393062],[-86.04019,61.387079],[51.467574,61.381097],[-171.024662,61.375117],[-33.516898,61.369138],[103.990866,61.363159],[-118.50137,61.357182],[19.006394,61.351207],[156.514159,61.345232],[-65.978077,61.339258],[71.529687,61.333286],[-150.962549,61.327315],[-13.454785,61.321344],[124.052979,61.315375],[-98.439257,61.309407],[39.068507,61.303441],[176.576271,61.297475],[-45.915965,61.291511],[91.591799,61.285547],[-130.900437,61.279585],[6.607327,61.273624],[144.115091,61.267664],[-78.377145,61.261705],[59.130619,61.255747],[-163.361617,61.249791],[-25.853853,61.243835],[111.653911,61.237881],[-110.838325,61.231928],[26.66944,61.225976],[164.177204,61.220025],[-58.315032,61.214075],[79.192732,61.208126],[-143.299504,61.202179],[-5.79174,61.196232],[131.716024,61.190287],[-90.776212,61.184343],[46.731552,61.1784],[-175.760684,61.172458],[-38.25292,61.166517],[99.254844,61.160577],[-123.237392,61.154639],[14.270372,61.148701],[151.778136,61.142765],[-70.7141,61.13683],[66.793664,61.130896],[-155.698572,61.124963],[-18.190808,61.119031],[119.316956,61.1131],[-103.175279,61.10717],[34.332485,61.101242],[171.840249,61.095314],[-50.651987,61.089388],[86.855777,61.083463],[-135.636459,61.077539],[1.871305,61.071615],[139.379069,61.065694],[-83.113167,61.059773],[54.394597,61.053853],[-168.097639,61.047935],[-30.589875,61.042017],[106.917889,61.036101],[-115.574347,61.030185],[21.933417,61.024271],[159.441181,61.018358],[-63.051055,61.012446],[74.456709,61.006535],[-148.035527,61.000626],[-10.527763,60.994717],[126.980002,60.988809],[-95.512234,60.982903],[41.99553,60.976997],[179.503294,60.971093],[-42.988942,60.96519],[94.518822,60.959288],[-127.973414,60.953387],[9.53435,60.947487],[147.042114,60.941588],[-75.450122,60.935691],[62.057642,60.929794],[-160.434594,60.923898],[-22.92683,60.918004],[114.580934,60.912111],[-107.911302,60.906218],[29.596462,60.900327],[167.104226,60.894437],[-55.38801,60.888548],[82.119754,60.88266],[-140.372482,60.876773],[-2.864717,60.870888],[134.643047,60.865003],[-87.849189,60.859119],[49.658575,60.853237],[-172.833661,60.847356],[-35.325897,60.841475],[102.181867,60.835596],[-120.310369,60.829718],[17.197395,60.823841],[154.705159,60.817965],[-67.787077,60.81209],[69.720687,60.806216],[-152.771549,60.800343],[-15.263785,60.794472],[122.243979,60.788601],[-100.248257,60.782731],[37.259507,60.776863],[174.767271,60.770996],[-47.724965,60.765129],[89.782799,60.759264],[-132.709436,60.7534],[4.798328,60.747537],[142.306092,60.741675],[-80.186144,60.735814],[57.32162,60.729954],[-165.170616,60.724095],[-27.662852,60.718237],[109.844912,60.712381],[-112.647324,60.706525],[24.86044,60.700671],[162.368204,60.694817],[-60.124032,60.688965],[77.383732,60.683113],[-145.108504,60.677263],[-7.60074,60.671414],[129.907024,60.665566],[-92.585212,60.659719],[44.922552,60.653873],[-177.569684,60.648028],[-40.06192,60.642184],[97.445845,60.636341],[-125.046391,60.630499],[12.461373,60.624658],[149.969137,60.618819],[-72.523099,60.61298],[64.984665,60.607142],[-157.507571,60.601306],[-19.999807,60.59547],[117.507957,60.589636],[-104.984279,60.583803],[32.523485,60.57797],[170.031249,60.572139],[-52.460987,60.566309],[85.046777,60.56048],[-137.445459,60.554652],[0.062305,60.548825],[137.570069,60.542999],[-84.922167,60.537174],[52.585597,60.53135],[-169.906639,60.525527],[-32.398874,60.519705],[105.10889,60.513885],[-117.383346,60.508065],[20.124418,60.502246],[157.632182,60.496429],[-64.860054,60.490612],[72.64771,60.484796],[-149.844526,60.478982],[-12.336762,60.473169],[125.171002,60.467356],[-97.321234,60.461545],[40.18653,60.455734],[177.694294,60.449925],[-44.797942,60.444117],[92.709822,60.43831],[-129.782414,60.432504],[7.72535,60.426698],[145.233114,60.420894],[-77.259122,60.415091],[60.248642,60.409289],[-162.243593,60.403488],[-24.735829,60.397688],[112.771935,60.391889],[-109.720301,60.386092],[27.787463,60.380295],[165.295227,60.374499],[-57.197009,60.368704],[80.310755,60.36291],[-142.181481,60.357118],[-4.673717,60.351326],[132.834047,60.345535],[-89.658189,60.339745],[47.849575,60.333957],[-174.642661,60.328169],[-37.134897,60.322383],[100.372867,60.316597],[-122.119369,60.310813],[15.388395,60.305029],[152.896159,60.299247],[-69.596077,60.293465],[67.911688,60.287685],[-154.580548,60.281905],[-17.072784,60.276127],[120.43498,60.27035],[-102.057256,60.264573],[35.450508,60.258798],[172.958272,60.253024],[-49.533964,60.24725],[87.9738,60.241478],[-134.518436,60.235707],[2.989328,60.229937],[140.497092,60.224167],[-81.995144,60.218399],[55.51262,60.212632],[-166.979616,60.206866],[-29.471852,60.201101],[108.035912,60.195336],[-114.456324,60.189573],[23.05144,60.183811],[160.559205,60.17805],[-61.933031,60.17229],[75.574733,60.166531],[-146.917503,60.160773],[-9.409739,60.155016],[128.098025,60.14926],[-94.394211,60.143505],[43.113553,60.137751],[-179.378683,60.131997],[-41.870919,60.126245],[95.636845,60.120494],[-126.855391,60.114744],[10.652373,60.108995],[148.160137,60.103247],[-74.332099,60.0975],[63.175665,60.091754],[-159.316571,60.086009],[-21.808807,60.080265],[115.698957,60.074522],[-106.793279,60.06878],[30.714486,60.063039],[168.22225,60.057299],[-54.269986,60.05156],[83.237778,60.045822],[-139.254458,60.040085],[-1.746694,60.034349],[135.76107,60.028614],[-86.731166,60.02288],[50.776598,60.017147],[-171.715638,60.011415],[-34.207874,60.005684],[103.29989,59.999954],[-119.192346,59.994225],[18.315418,59.988497],[155.823182,59.982769],[-66.669054,59.977043],[70.83871,59.971318],[-151.653526,59.965594],[-14.145762,59.959871],[123.362002,59.954149],[-99.130233,59.948428],[38.377531,59.942708],[175.885295,59.936988],[-46.606941,59.93127],[90.900823,59.925553],[-131.591413,59.919837],[5.916351,59.914122],[143.424115,59.908407],[-79.068121,59.902694],[58.439643,59.896982],[-164.052593,59.89127],[-26.544829,59.88556],[110.962935,59.879851],[-111.529301,59.874142],[25.978463,59.868435],[163.486227,59.862729],[-59.006009,59.857023],[78.501755,59.851319],[-143.990481,59.845615],[-6.482717,59.839913],[131.025048,59.834211],[-91.467188,59.828511],[46.040576,59.822811],[-176.45166,59.817112],[-38.943896,59.811415],[98.563868,59.805718],[-123.928368,59.800023],[13.579396,59.794328],[151.08716,59.788634],[-71.405076,59.782941],[66.102688,59.77725],[-156.389548,59.771559],[-18.881784,59.765869],[118.62598,59.76018],[-103.866256,59.754492],[33.641508,59.748805],[171.149272,59.743119],[-51.342964,59.737434],[86.1648,59.73175],[-136.327436,59.726067],[1.180329,59.720385],[138.688093,59.714704],[-83.804143,59.709024],[53.703621,59.703345],[-168.788615,59.697666],[-31.280851,59.691989],[106.226913,59.686313],[-116.265323,59.680637],[21.242441,59.674963],[158.750205,59.669289],[-63.742031,59.663617],[73.765733,59.657945],[-148.726503,59.652275],[-11.218739,59.646605],[126.289025,59.640937],[-96.203211,59.635269],[41.304553,59.629602],[178.812317,59.623936],[-43.679919,59.618272],[93.827845,59.612608],[-128.66439,59.606945],[8.843374,59.601283],[146.351138,59.595622],[-76.141098,59.589962],[61.366666,59.584303],[-161.12557,59.578645],[-23.617806,59.572987],[113.889958,59.567331],[-108.602278,59.561676],[28.905486,59.556022],[166.41325,59.550368],[-56.078986,59.544716],[81.428778,59.539064],[-141.063458,59.533414],[-3.555694,59.527764],[133.95207,59.522115],[-88.540166,59.516468],[48.967598,59.510821],[-173.524638,59.505175],[-36.016874,59.49953],[101.490891,59.493886],[-121.001345,59.488243],[16.506419,59.482601],[154.014183,59.47696],[-68.478053,59.47132],[69.029711,59.465681],[-153.462525,59.460043],[-15.954761,59.454405],[121.553003,59.448769],[-100.939233,59.443133],[36.568531,59.437499],[174.076295,59.431865],[-48.415941,59.426233],[89.091823,59.420601],[-133.400413,59.41497],[4.107351,59.40934],[141.615115,59.403712],[-80.877121,59.398084],[56.630643,59.392457],[-165.861593,59.38683],[-28.353828,59.381205],[109.153936,59.375581],[-113.3383,59.369958],[24.169464,59.364335],[161.677228,59.358714],[-60.815008,59.353093],[76.692756,59.347474],[-145.79948,59.341855],[-8.291716,59.336238],[129.216048,59.330621],[-93.276188,59.325005],[44.231576,59.31939],[-178.26066,59.313776],[-40.752896,59.308163],[96.754868,59.302551],[-125.737368,59.29694],[11.770396,59.291329],[149.27816,59.28572],[-73.214076,59.280111],[64.293688,59.274504],[-158.198547,59.268897],[-20.690783,59.263292],[116.816981,59.257687],[-105.675255,59.252083],[31.832509,59.24648],[169.340273,59.240878],[-53.151963,59.235277],[84.355801,59.229677],[-138.136435,59.224078],[-0.628671,59.218479],[136.879093,59.212882],[-85.613143,59.207286],[51.894621,59.20169],[-170.597615,59.196095],[-33.089851,59.190502],[104.417913,59.184909],[-118.074323,59.179317],[19.433441,59.173726],[156.941205,59.168136],[-65.551031,59.162547],[71.956734,59.156959],[-150.535502,59.151371],[-13.027738,59.145785],[124.480026,59.140199],[-98.01221,59.134615],[39.495554,59.129031],[177.003318,59.123448],[-45.488918,59.117866],[92.018846,59.112285],[-130.47339,59.106705],[7.034374,59.101126],[144.542138,59.095548],[-77.950098,59.089971],[59.557666,59.084394],[-162.93457,59.078819],[-25.426806,59.073244],[112.080958,59.06767],[-110.411278,59.062098],[27.096486,59.056526],[164.60425,59.050955],[-57.887985,59.045385],[79.619779,59.039816],[-142.872457,59.034247],[-5.364693,59.02868],[132.143071,59.023113],[-90.349165,59.017548],[47.158599,59.011983],[-175.333637,59.006419],[-37.825873,59.000857],[99.681891,58.995295],[-122.810345,58.989733],[14.697419,58.984173],[152.205183,58.978614],[-70.287053,58.973056],[67.220711,58.967498],[-155.271525,58.961942],[-17.763761,58.956386],[119.744003,58.950831],[-102.748233,58.945277],[34.759531,58.939724],[172.267296,58.934172],[-50.22494,58.928621],[87.282824,58.92307],[-135.209412,58.917521],[2.298352,58.911972],[139.806116,58.906425],[-82.68612,58.900878],[54.821644,58.895332],[-167.670592,58.889787],[-30.162828,58.884243],[107.344936,58.8787],[-115.1473,58.873158],[22.360464,58.867616],[159.868228,58.862076],[-62.624008,58.856536],[74.883756,58.850997],[-147.60848,58.845459],[-10.100716,58.839922],[127.407048,58.834386],[-95.085188,58.828851],[42.422577,58.823316],[179.930341,58.817783],[-42.561895,58.81225],[94.945869,58.806719],[-127.546367,58.801188],[9.961397,58.795658],[147.469161,58.790129],[-75.023075,58.784601],[62.484689,58.779073],[-160.007547,58.773547],[-22.499783,58.768021],[115.007981,58.762497],[-107.484255,58.756973],[30.023509,58.75145],[167.531273,58.745928],[-54.960963,58.740407],[82.546801,58.734887],[-139.945435,58.729367],[-2.437671,58.723849],[135.070093,58.718331],[-87.422142,58.712814],[50.085622,58.707298],[-172.406614,58.701783],[-34.89885,58.696269],[102.608914,58.690756],[-119.883322,58.685244],[17.624442,58.679732],[155.132206,58.674221],[-67.36003,58.668712],[70.147734,58.663203],[-152.344502,58.657695],[-14.836738,58.652187],[122.671026,58.646681],[-99.82121,58.641176],[37.686554,58.635671],[175.194318,58.630167],[-47.297918,58.624664],[90.209846,58.619162],[-132.28239,58.613661],[5.225374,58.608161],[142.733139,58.602662],[-79.759097,58.597163],[57.748667,58.591666],[-164.743569,58.586169],[-27.235805,58.580673],[110.271959,58.575178],[-112.220277,58.569684],[25.287487,58.56419],[162.795251,58.558698],[-59.696985,58.553206],[77.810779,58.547715],[-144.681457,58.542225],[-7.173693,58.536736],[130.334071,58.531248],[-92.158165,58.525761],[45.349599,58.520274],[-177.142637,58.514789],[-39.634873,58.509304],[97.872891,58.50382],[-124.619345,58.498337],[12.88842,58.492855],[150.396184,58.487374],[-72.096052,58.481893],[65.411712,58.476414],[-157.080524,58.470935],[-19.57276,58.465457],[117.935004,58.45998],[-104.557232,58.454504],[32.950532,58.449028],[170.458296,58.443554],[-52.03394,58.43808],[85.473824,58.432607],[-137.018412,58.427135],[0.489352,58.421664],[137.997116,58.416194],[-84.49512,58.410725],[53.012644,58.405256],[-169.479592,58.399789],[-31.971828,58.394322],[105.535936,58.388856],[-116.956299,58.383391],[20.551465,58.377926],[158.059229,58.372463],[-64.433007,58.367],[73.074757,58.361538],[-149.417479,58.356077],[-11.909715,58.350617],[125.598049,58.345158],[-96.894187,58.3397],[40.613577,58.334242],[178.121341,58.328786],[-44.370895,58.32333],[93.136869,58.317875],[-129.355367,58.31242],[8.152397,58.306967],[145.660161,58.301515],[-76.832075,58.296063],[60.675689,58.290612],[-161.816547,58.285162],[-24.308783,58.279713],[113.198982,58.274265],[-109.293254,58.268817],[28.21451,58.263371],[165.722274,58.257925],[-56.769962,58.25248],[80.737802,58.247036],[-141.754434,58.241593],[-4.24667,58.23615],[133.261094,58.230708],[-89.231142,58.225268],[48.276622,58.219828],[-174.215614,58.214389],[-36.70785,58.20895],[100.799914,58.203513],[-121.692322,58.198076],[15.815442,58.192641],[153.323206,58.187206],[-69.16903,58.181771],[68.338734,58.176338],[-154.153502,58.170906],[-16.645737,58.165474],[120.862027,58.160043],[-101.630209,58.154613],[35.877555,58.149184],[173.385319,58.143756],[-49.106917,58.138328],[88.400847,58.132902],[-134.091389,58.127476],[3.416375,58.122051],[140.924139,58.116627],[-81.568097,58.111203],[55.939667,58.105781],[-166.552569,58.100359],[-29.044805,58.094938],[108.462959,58.089518],[-114.029277,58.084099],[23.478487,58.078681],[160.986251,58.073263],[-61.505985,58.067846],[76.001779,58.06243],[-146.490456,58.057015],[-8.982692,58.051601],[128.525072,58.046187],[-93.967164,58.040775],[43.5406,58.035363],[-178.951636,58.029952],[-41.443872,58.024542],[96.063892,58.019132],[-126.428344,58.013724],[11.07942,58.008316],[148.587184,58.002909],[-73.905052,57.997503],[63.602712,57.992098],[-158.889524,57.986693],[-21.38176,57.981289],[116.126004,57.975887],[-106.366232,57.970485],[31.141532,57.965083],[168.649296,57.959683],[-53.84294,57.954283],[83.664825,57.948885],[-138.827411,57.943487],[-1.319647,57.938089],[136.188117,57.932693],[-86.304119,57.927297],[51.203645,57.921903],[-171.288591,57.916509],[-33.780827,57.911116],[103.726937,57.905723],[-118.765299,57.900332],[18.742465,57.894941],[156.250229,57.889551],[-66.242007,57.884162],[71.265757,57.878774],[-151.226479,57.873387],[-13.718715,57.868],[123.789049,57.862614],[-98.703187,57.857229],[38.804577,57.851845],[176.312341,57.846461],[-46.179894,57.841079],[91.32787,57.835697],[-131.164366,57.830316],[6.343398,57.824936],[143.851162,57.819556],[-78.641074,57.814178],[58.86669,57.8088],[-163.625546,57.803423],[-26.117782,57.798047],[111.389982,57.792671],[-111.102254,57.787297],[26.40551,57.781923],[163.913274,57.77655],[-58.578962,57.771178],[78.928802,57.765806],[-143.563434,57.760436],[-6.05567,57.755066],[131.452094,57.749697],[-91.040142,57.744329],[46.467622,57.738961],[-176.024613,57.733595],[-38.516849,57.728229],[98.990915,57.722864],[-123.501321,57.7175],[14.006443,57.712136],[151.514207,57.706774],[-70.978029,57.701412],[66.529735,57.696051],[-155.962501,57.690691],[-18.454737,57.685331],[119.053027,57.679972],[-103.439209,57.674615],[34.068555,57.669257],[171.576319,57.663901],[-50.915917,57.658546],[86.591847,57.653191],[-135.900389,57.647837],[1.607375,57.642484],[139.115139,57.637132],[-83.377097,57.63178],[54.130668,57.626429],[-168.361568,57.621079],[-30.853804,57.61573],[106.65396,57.610382],[-115.838276,57.605034],[21.669488,57.599687],[159.177252,57.594341],[-63.314984,57.588996],[74.19278,57.583651],[-148.299456,57.578308],[-10.791692,57.572965],[126.716072,57.567623],[-95.776164,57.562281],[41.7316,57.556941],[179.239364,57.551601],[-43.252872,57.546262],[94.254892,57.540924],[-128.237344,57.535586],[9.27042,57.53025],[146.778184,57.524914],[-75.714051,57.519579],[61.793713,57.514245],[-160.698523,57.508911],[-23.190759,57.503578],[114.317005,57.498246],[-108.175231,57.492915],[29.332533,57.487585],[166.840297,57.482255],[-55.651939,57.476926],[81.855825,57.471598],[-140.636411,57.466271],[-3.128647,57.460944],[134.379117,57.455619],[-88.113119,57.450294],[49.394645,57.444969],[-173.097591,57.439646],[-35.589827,57.434323],[101.917937,57.429002],[-120.574299,57.42368],[16.933465,57.41836],[154.44123,57.413041],[-68.051006,57.407722],[69.456758,57.402404],[-153.035478,57.397087],[-15.527714,57.39177],[121.98005,57.386454],[-100.512186,57.38114],[36.995578,57.375825],[174.503342,57.370512],[-47.988894,57.365199],[89.51887,57.359888],[-132.973366,57.354576],[4.534398,57.349266],[142.042162,57.343957],[-80.450074,57.338648],[57.05769,57.33334],[-165.434546,57.328033],[-27.926782,57.322726],[109.580982,57.31742],[-112.911254,57.312116],[24.596511,57.306811],[162.104275,57.301508],[-60.387961,57.296205],[77.119803,57.290903],[-145.372433,57.285602],[-7.864669,57.280302],[129.643095,57.275002],[-92.849141,57.269704],[44.658623,57.264405],[-177.833613,57.259108],[-40.325849,57.253812],[97.181915,57.248516],[-125.310321,57.243221],[12.197443,57.237927],[149.705207,57.232633],[-72.787029,57.22734],[64.720735,57.222048],[-157.771501,57.216757],[-20.263737,57.211467],[117.244027,57.206177],[-105.248208,57.200888],[32.259556,57.1956],[169.76732,57.190312],[-52.724916,57.185026],[84.782848,57.17974],[-137.709388,57.174455],[-0.201624,57.16917],[137.30614,57.163887],[-85.186096,57.158604],[52.321668,57.153322],[-170.170568,57.14804],[-32.662804,57.14276],[104.84496,57.13748],[-117.647276,57.132201],[19.860488,57.126922],[157.368252,57.121645],[-65.123984,57.116368],[72.38378,57.111092],[-150.108456,57.105816],[-12.600692,57.100542],[124.907073,57.095268],[-97.585163,57.089995],[39.922601,57.084722],[177.430365,57.079451],[-45.061871,57.07418],[92.445893,57.06891],[-130.046343,57.06364],[7.461421,57.058372],[144.969185,57.053104],[-77.523051,57.047837],[59.984713,57.04257],[-162.507523,57.037305],[-24.999759,57.03204],[112.508005,57.026776],[-109.984231,57.021512],[27.523533,57.01625],[165.031297,57.010988],[-57.460939,57.005727],[80.046825,57.000466],[-142.445411,56.995207],[-4.937646,56.989948],[132.570118,56.984689],[-89.922118,56.979432],[47.585646,56.974175],[-174.90659,56.968919],[-37.398826,56.963664],[100.108938,56.95841],[-122.383298,56.953156],[15.124466,56.947903],[152.63223,56.942651],[-69.860006,56.937399],[67.647758,56.932148],[-154.844478,56.926898],[-17.336714,56.921649],[120.17105,56.9164],[-102.321186,56.911153],[35.186578,56.905906],[172.694342,56.900659],[-49.797894,56.895414],[87.70987,56.890169],[-134.782365,56.884925],[2.725399,56.879681],[140.233163,56.874439],[-82.259073,56.869197],[55.248691,56.863955],[-167.243545,56.858715],[-29.735781,56.853475],[107.771983,56.848236],[-114.720253,56.842998],[22.787511,56.83776],[160.295275,56.832524],[-62.196961,56.827288],[75.310803,56.822052],[-147.181433,56.816818],[-9.673669,56.811584],[127.834095,56.806351],[-94.658141,56.801118],[42.849623,56.795887],[-179.642613,56.790656],[-42.134849,56.785425],[95.372916,56.780196],[-127.11932,56.774967],[10.388444,56.769739],[147.896208,56.764512],[-74.596028,56.759285],[62.911736,56.754059],[-159.5805,56.748834],[-22.072736,56.74361],[115.435028,56.738386],[-107.057208,56.733163],[30.450556,56.727941],[167.95832,56.72272],[-54.533916,56.717499],[82.973848,56.712279],[-139.518388,56.707059],[-2.010624,56.701841],[135.49714,56.696623],[-86.995096,56.691406],[50.512668,56.686189],[-171.979568,56.680974],[-34.471803,56.675759],[103.035961,56.670544],[-119.456275,56.665331],[18.051489,56.660118],[155.559253,56.654906],[-66.932983,56.649695],[70.574781,56.644484],[-151.917455,56.639274],[-14.409691,56.634065],[123.098073,56.628856],[-99.394163,56.623649],[38.113601,56.618441],[175.621365,56.613235],[-46.870871,56.608029],[90.636893,56.602825],[-131.855343,56.59762],[5.652421,56.592417],[143.160185,56.587214],[-79.332051,56.582012],[58.175713,56.576811],[-164.316522,56.57161],[-26.808758,56.56641],[110.699006,56.561211],[-111.79323,56.556013],[25.714534,56.550815],[163.222298,56.545618],[-59.269938,56.540422],[78.237826,56.535226],[-144.25441,56.530031],[-6.746646,56.524837],[130.761118,56.519643],[-91.731118,56.514451],[45.776646,56.509259],[-176.71559,56.504067],[-39.207826,56.498877],[98.299938,56.493687],[-124.192298,56.488497],[13.315466,56.483309],[150.82323,56.478121],[-71.669006,56.472934],[65.838759,56.467748],[-156.653477,56.462562],[-19.145713,56.457377],[118.362051,56.452193],[-104.130185,56.447009],[33.377579,56.441826],[170.885343,56.436644],[-51.606893,56.431463],[85.900871,56.426282],[-136.591365,56.421102],[0.916399,56.415923],[138.424163,56.410744],[-84.068073,56.405566],[53.439691,56.400389],[-169.052545,56.395213],[-31.544781,56.390037],[105.962983,56.384862],[-116.529253,56.379688],[20.978511,56.374514],[158.486275,56.369341],[-64.00596,56.364169],[73.501804,56.358997],[-148.990432,56.353826],[-11.482668,56.348656],[126.025096,56.343487],[-96.46714,56.338318],[41.040624,56.33315],[178.548388,56.327982],[-43.943848,56.322816],[93.563916,56.31765],[-128.92832,56.312484],[8.579444,56.30732],[146.087208,56.302156],[-76.405028,56.296993],[61.102736,56.29183],[-161.3895,56.286669],[-23.881736,56.281508],[113.626028,56.276347],[-108.866208,56.271187],[28.641556,56.266028],[166.149321,56.26087],[-56.342915,56.255713],[81.164849,56.250556],[-141.327387,56.245399],[-3.819623,56.240244],[133.688141,56.235089],[-88.804095,56.229935],[48.703669,56.224782],[-173.788567,56.219629],[-36.280803,56.214477],[101.226961,56.209325],[-121.265275,56.204175],[16.242489,56.199025],[153.750253,56.193875],[-68.741983,56.188727],[68.765781,56.183579],[-153.726455,56.178432],[-16.218691,56.173285],[121.289073,56.168139],[-101.203163,56.162994],[36.304602,56.15785],[173.812366,56.152706],[-48.67987,56.147563],[88.827894,56.142421],[-133.664342,56.137279],[3.843422,56.132138],[141.351186,56.126998],[-81.14105,56.121858],[56.366714,56.116719],[-166.125522,56.111581],[-28.617758,56.106443],[108.890006,56.101306],[-113.60223,56.09617],[23.905534,56.091034],[161.413298,56.0859],[-61.078938,56.080765],[76.428826,56.075632],[-146.06341,56.070499],[-8.555646,56.065367],[128.952118,56.060236],[-93.540117,56.055105],[43.967647,56.049975],[-178.524589,56.044846],[-41.016825,56.039717],[96.490939,56.034589],[-126.001297,56.029461],[11.506467,56.024335],[149.014231,56.019209],[-73.478005,56.014084],[64.029759,56.008959],[-158.462477,56.003835],[-20.954713,55.998712],[116.553051,55.993589],[-105.939185,55.988467],[31.568579,55.983346],[169.076343,55.978226],[-53.415893,55.973106],[84.091871,55.967987],[-138.400365,55.962868],[-0.892601,55.95775],[136.615164,55.952633],[-85.877072,55.947517],[51.630692,55.942401],[-170.861544,55.937286],[-33.35378,55.932171],[104.153984,55.927058],[-118.338252,55.921944],[19.169512,55.916832],[156.677276,55.91172],[-65.81496,55.906609],[71.692804,55.901499],[-150.799432,55.896389],[-13.291668,55.89128],[124.216096,55.886172],[-98.27614,55.881064],[39.231624,55.875957],[176.739388,55.870851],[-45.752848,55.865745],[91.754916,55.86064],[-130.73732,55.855535],[6.770445,55.850432],[144.278209,55.845329],[-78.214027,55.840226],[59.293737,55.835125],[-163.198499,55.830024],[-25.690735,55.824923],[111.817029,55.819824],[-110.675207,55.814725],[26.832557,55.809626],[164.340321,55.804529],[-58.151915,55.799432],[79.355849,55.794335],[-143.136387,55.78924],[-5.628623,55.784145],[131.879141,55.77905],[-90.613095,55.773957],[46.894669,55.768864],[-175.597567,55.763772],[-38.089803,55.75868],[99.417961,55.753589],[-123.074274,55.748499],[14.43349,55.743409],[151.941254,55.73832],[-70.550982,55.733231],[66.956782,55.728144],[-155.535454,55.723057],[-18.02769,55.71797],[119.480074,55.712885],[-103.012162,55.7078],[34.495602,55.702715],[172.003366,55.697632],[-50.48887,55.692549],[87.018894,55.687466],[-135.473342,55.682384],[2.034422,55.677303],[139.542186,55.672223],[-82.95005,55.667143],[54.557714,55.662064],[-167.934522,55.656986],[-30.426758,55.651908],[107.081007,55.646831],[-115.411229,55.641754],[22.096535,55.636679],[159.604299,55.631603],[-62.887937,55.626529],[74.619827,55.621455],[-147.872409,55.616382],[-10.364645,55.61131],[127.143119,55.606238],[-95.349117,55.601166],[42.158647,55.596096],[179.666411,55.591026],[-42.825825,55.585957],[94.681939,55.580888],[-127.810297,55.57582],[9.697467,55.570753],[147.205231,55.565686],[-75.287005,55.56062],[62.220759,55.555555],[-160.271477,55.55049],[-22.763712,55.545426],[114.744052,55.540363],[-107.748184,55.5353],[29.75958,55.530238],[167.267344,55.525177],[-55.224892,55.520116],[82.282872,55.515056],[-140.209364,55.509997],[-2.7016,55.504938],[134.806164,55.49988],[-87.686072,55.494822],[49.821692,55.489765],[-172.670544,55.484709],[-35.16278,55.479654],[102.344984,55.474599],[-120.147252,55.469545],[17.360512,55.464491],[154.868276,55.459438],[-67.62396,55.454386],[69.883804,55.449334],[-152.608431,55.444283],[-15.100667,55.439233],[122.407097,55.434183],[-100.085139,55.429134],[37.422625,55.424085],[174.930389,55.419038],[-47.561847,55.41399],[89.945917,55.408944],[-132.546319,55.403898],[4.961445,55.398853],[142.469209,55.393808],[-80.023027,55.388764],[57.484737,55.383721],[-165.007499,55.378679],[-27.499735,55.373637],[110.008029,55.368595],[-112.484207,55.363554],[25.023557,55.358514],[162.531321,55.353475],[-59.960915,55.348436],[77.54685,55.343398],[-144.945386,55.338361],[-7.437622,55.333324],[130.070142,55.328288],[-92.422094,55.323252],[45.08567,55.318217],[-177.406566,55.313183],[-39.898802,55.308149],[97.608962,55.303116],[-124.883274,55.298084],[12.62449,55.293052],[150.132254,55.288021],[-72.359982,55.28299],[65.147782,55.27796],[-157.344454,55.272931],[-19.83669,55.267903],[117.671074,55.262875],[-104.821162,55.257848],[32.686602,55.252821],[170.194366,55.247795],[-52.297869,55.242769],[85.209895,55.237745],[-137.282341,55.232721],[0.225423,55.227697],[137.733187,55.222674],[-84.759049,55.217652],[52.748715,55.212631],[-169.743521,55.20761],[-32.235757,55.202589],[105.272007,55.19757],[-117.220229,55.192551],[20.287535,55.187532],[157.795299,55.182514],[-64.696937,55.177497],[72.810827,55.172481],[-149.681409,55.167465],[-12.173645,55.16245],[125.334119,55.157435],[-97.158117,55.152421],[40.349647,55.147408],[177.857412,55.142395],[-44.634824,55.137383],[92.87294,55.132371],[-129.619296,55.127361],[7.888468,55.12235],[145.396232,55.117341],[-77.096004,55.112332],[60.41176,55.107323],[-162.080476,55.102316],[-24.572712,55.097309],[112.935052,55.092302],[-109.557184,55.087296],[27.95058,55.082291],[165.458344,55.077287],[-57.033892,55.072283],[80.473872,55.067279],[-142.018364,55.062277],[-4.5106,55.057275],[132.997164,55.052273],[-89.495072,55.047272],[48.012693,55.042272],[-174.479543,55.037273],[-36.971779,55.032274],[100.535985,55.027275],[-121.956251,55.022278],[15.551513,55.017281],[153.059277,55.012284],[-69.432959,55.007288],[68.074805,55.002293],[-154.417431,54.997299],[-16.909667,54.992305],[120.598097,54.987311],[-101.894139,54.982319],[35.613625,54.977326],[173.121389,54.972335],[-49.370847,54.967344],[88.136917,54.962354],[-134.355319,54.957364],[3.152445,54.952375],[140.660209,54.947387],[-81.832026,54.942399],[55.675738,54.937412],[-166.816498,54.932425],[-29.308734,54.92744],[108.19903,54.922454],[-114.293206,54.91747],[23.214558,54.912486],[160.722322,54.907502],[-61.769914,54.902519],[75.73785,54.897537],[-146.754386,54.892556],[-9.246622,54.887575],[128.261142,54.882594],[-94.231094,54.877614],[43.27667,54.872635],[-179.215566,54.867657],[-41.707802,54.862679],[95.799962,54.857702],[-126.692274,54.852725],[10.81549,54.847749],[148.323255,54.842774],[-74.168981,54.837799],[63.338783,54.832825],[-159.153453,54.827851],[-21.645689,54.822878],[115.862075,54.817906],[-106.630161,54.812934],[30.877603,54.807963],[168.385367,54.802992],[-54.106869,54.798022],[83.400895,54.793053],[-139.091341,54.788084],[-1.583577,54.783116],[135.924187,54.778149],[-86.568049,54.773182],[50.939715,54.768215],[-171.552521,54.76325],[-34.044757,54.758285],[103.463007,54.75332],[-119.029229,54.748357],[18.478536,54.743393],[155.9863,54.738431],[-66.505936,54.733469],[71.001828,54.728507],[-151.490408,54.723547],[-13.982644,54.718586],[123.52512,54.713627],[-98.967116,54.708668],[38.540648,54.703709],[176.048412,54.698752],[-46.443824,54.693795],[91.06394,54.688838],[-131.428296,54.683882],[6.079468,54.678927],[143.587232,54.673972],[-78.905004,54.669018],[58.60276,54.664064],[-163.889476,54.659111],[-26.381712,54.654159],[111.126052,54.649207],[-111.366183,54.644256],[26.141581,54.639306],[163.649345,54.634356],[-58.842891,54.629407],[78.664873,54.624458],[-143.827363,54.61951],[-6.319599,54.614562],[131.188165,54.609615],[-91.304071,54.604669],[46.203693,54.599723],[-176.288543,54.594778],[-38.780779,54.589834],[98.726985,54.58489],[-123.765251,54.579947],[13.742513,54.575004],[151.250277,54.570062],[-71.241959,54.56512],[66.265805,54.56018],[-156.226431,54.555239],[-18.718667,54.5503],[118.789098,54.545361],[-103.703138,54.540422],[33.804626,54.535484],[171.31239,54.530547],[-51.179846,54.52561],[86.327918,54.520674],[-136.164318,54.515738],[1.343446,54.510804],[138.85121,54.505869],[-83.641026,54.500936],[53.866738,54.496002],[-168.625498,54.49107],[-31.117734,54.486138],[106.39003,54.481207],[-116.102206,54.476276],[21.405558,54.471346],[158.913322,54.466416],[-63.578914,54.461487],[73.92885,54.456559],[-148.563386,54.451631],[-11.055621,54.446704],[126.452143,54.441777],[-96.040093,54.436851],[41.467671,54.431926],[178.975435,54.427001],[-43.516801,54.422077],[93.990963,54.417153],[-128.501273,54.41223],[9.006491,54.407308],[146.514255,54.402386],[-75.977981,54.397465],[61.529783,54.392544],[-160.962453,54.387624],[-23.454689,54.382704],[114.053075,54.377785],[-108.439161,54.372867],[29.068603,54.367949],[166.576367,54.363032],[-55.915869,54.358116],[81.591895,54.3532],[-140.90034,54.348284],[-3.392576,54.343369],[134.115188,54.338455],[-88.377048,54.333542],[49.130716,54.328629],[-173.36152,54.323716],[-35.853756,54.318804],[101.654008,54.313893],[-120.838228,54.308982],[16.669536,54.304072],[154.1773,54.299163],[-68.314936,54.294254],[69.192828,54.289346],[-153.299408,54.284438],[-15.791644,54.279531],[121.71612,54.274624],[-100.776116,54.269718],[36.731648,54.264813],[174.239412,54.259908],[-48.252824,54.255004],[89.254941,54.2501],[-133.237295,54.245197],[4.270469,54.240294],[141.778233,54.235392],[-80.714003,54.230491],[56.793761,54.22559],[-165.698475,54.22069],[-28.190711,54.21579],[109.317053,54.210891],[-113.175183,54.205993],[24.332581,54.201095],[161.840345,54.196198],[-60.651891,54.191301],[76.855873,54.186405],[-145.636363,54.18151],[-8.128599,54.176615],[129.379165,54.17172],[-93.113071,54.166826],[44.394693,54.161933],[-178.097543,54.157041],[-40.589778,54.152149],[96.917986,54.147257],[-125.57425,54.142366],[11.933514,54.137476],[149.441278,54.132586],[-73.050958,54.127697],[64.456806,54.122808],[-158.03543,54.11792],[-20.527666,54.113033],[116.980098,54.108146],[-105.512138,54.10326],[31.995626,54.098374],[169.50339,54.093489],[-52.988846,54.088604],[84.518918,54.08372],[-137.973318,54.078837],[-0.465554,54.073954],[137.04221,54.069072],[-85.450026,54.06419],[52.057738,54.059309],[-170.434497,54.054429],[-32.926733,54.049549],[104.581031,54.044669],[-117.911205,54.03979],[19.596559,54.034912],[157.104323,54.030034],[-65.387913,54.025157],[72.119851,54.020281],[-150.372385,54.015405],[-12.864621,54.010529],[124.643143,54.005655],[-97.849093,54.00078],[39.658671,53.995907],[177.166435,53.991034],[-45.325801,53.986161],[92.181963,53.981289],[-130.310273,53.976418],[7.197491,53.971547],[144.705255,53.966677],[-77.786981,53.961807],[59.720784,53.956938],[-162.771452,53.952069],[-25.263688,53.947201],[112.244076,53.942334],[-110.24816,53.937467],[27.259604,53.932601],[164.767368,53.927735],[-57.724868,53.92287],[79.782896,53.918005],[-142.70934,53.913141],[-5.201576,53.908278],[132.306188,53.903415],[-90.186048,53.898553],[47.321716,53.893691],[-175.17052,53.88883],[-37.662756,53.883969],[99.845008,53.879109],[-122.647228,53.87425],[14.860536,53.869391],[152.3683,53.864532],[-70.123935,53.859675],[67.383829,53.854817],[-155.108407,53.849961],[-17.600643,53.845105],[119.907121,53.840249],[-102.585115,53.835394],[34.922649,53.83054],[172.430413,53.825686],[-50.061823,53.820832],[87.445941,53.81598],[-135.046295,53.811128],[2.461469,53.806276],[139.969233,53.801425],[-82.523003,53.796574],[54.984761,53.791725],[-167.507475,53.786875],[-29.999711,53.782026],[107.508053,53.777178],[-114.984183,53.77233],[22.523581,53.767483],[160.031346,53.762637],[-62.46089,53.757791],[75.046874,53.752945],[-147.445362,53.7481],[-9.937598,53.743256],[127.570166,53.738412],[-94.92207,53.733569],[42.585694,53.728727],[-179.906542,53.723884],[-42.398778,53.719043],[95.108986,53.714202],[-127.38325,53.709362],[10.124514,53.704522],[147.632278,53.699682],[-74.859958,53.694844],[62.647806,53.690005],[-159.84443,53.685168],[-22.336666,53.680331],[115.171098,53.675494],[-107.321138,53.670658],[30.186627,53.665823],[167.694391,53.660988],[-54.797845,53.656154],[82.709919,53.65132],[-139.782317,53.646487],[-2.274553,53.641654],[135.233211,53.636822],[-87.259025,53.63199],[50.248739,53.627159],[-172.243497,53.622329],[-34.735733,53.617499],[102.772031,53.61267],[-119.720205,53.607841],[17.787559,53.603013],[155.295323,53.598185],[-67.196913,53.593358],[70.310851,53.588531],[-152.181385,53.583705],[-14.673621,53.57888],[122.834143,53.574055],[-99.658092,53.569231],[37.849672,53.564407],[175.357436,53.559584],[-47.1348,53.554761],[90.372964,53.549939],[-132.119272,53.545117],[5.388492,53.540296],[142.896256,53.535476],[-79.59598,53.530656],[57.911784,53.525836],[-164.580452,53.521017],[-27.072688,53.516199],[110.435076,53.511381],[-112.05716,53.506564],[25.450604,53.501747],[162.958368,53.496931],[-59.533868,53.492116],[77.973896,53.487301],[-144.51834,53.482486],[-7.010576,53.477672],[130.497189,53.472859],[-91.995047,53.468046],[45.512717,53.463234],[-176.979519,53.458422],[-39.471755,53.453611],[98.036009,53.4488],[-124.456227,53.44399],[13.051537,53.43918],[150.559301,53.434371],[-71.932935,53.429563],[65.574829,53.424755],[-156.917407,53.419947],[-19.409643,53.41514],[118.098121,53.410334],[-104.394115,53.405528],[33.113649,53.400723],[170.621413,53.395918],[-51.870823,53.391114],[85.636941,53.386311],[-136.855295,53.381508],[0.65247,53.376705],[138.160234,53.371903],[-84.332002,53.367102],[53.175762,53.362301],[-169.316474,53.3575],[-31.80871,53.352701],[105.699054,53.347901],[-116.793182,53.343103],[20.714582,53.338304],[158.222346,53.333507],[-64.26989,53.32871],[73.237874,53.323913],[-149.254362,53.319117],[-11.746598,53.314322],[125.761166,53.309527],[-96.73107,53.304732],[40.776694,53.299938],[178.284458,53.295145],[-44.207778,53.290352],[93.299987,53.28556],[-129.192249,53.280768],[8.315515,53.275977],[145.823279,53.271186],[-76.668957,53.266396],[60.838807,53.261607],[-161.653429,53.256817],[-24.145665,53.252029],[113.362099,53.247241],[-109.130137,53.242454],[28.377627,53.237667],[165.885391,53.23288],[-56.606845,53.228094],[80.900919,53.223309],[-141.591317,53.218524],[-4.083553,53.21374],[133.424211,53.208956],[-89.068025,53.204173],[48.439739,53.199391],[-174.052497,53.194609],[-36.544732,53.189827],[100.963032,53.185046],[-121.529204,53.180265],[15.97856,53.175485],[153.486324,53.170706],[-69.005912,53.165927],[68.501852,53.161149],[-153.990384,53.156371],[-16.48262,53.151594],[121.025144,53.146817],[-101.467092,53.142041],[36.040672,53.137265],[173.548436,53.13249],[-48.9438,53.127715],[88.563964,53.122941],[-133.928272,53.118167],[3.579492,53.113394],[141.087256,53.108622],[-81.40498,53.10385],[56.102784,53.099078],[-166.389451,53.094307],[-28.881687,53.089537],[108.626077,53.084767],[-113.866159,53.079998],[23.641605,53.075229],[161.149369,53.070461],[-61.342867,53.065693],[76.164897,53.060926],[-146.327339,53.056159],[-8.819575,53.051393],[128.688189,53.046627],[-93.804047,53.041862],[43.703717,53.037097],[-178.788519,53.032333],[-41.280755,53.02757],[96.227009,53.022807],[-126.265227,53.018044],[11.242537,53.013282],[148.750301,53.008521],[-73.741935,53.00376],[63.76583,52.998999],[-158.726406,52.99424],[-21.218642,52.98948],[116.289122,52.984721],[-106.203114,52.979963],[31.30465,52.975205],[168.812414,52.970448],[-53.679822,52.965691],[83.827942,52.960935],[-138.664294,52.956179],[-1.15653,52.951424],[136.351234,52.94667],[-86.141002,52.941915],[51.366762,52.937162],[-171.125474,52.932409],[-33.61771,52.927656],[103.890054,52.922904],[-118.602182,52.918153],[18.905582,52.913402],[156.413346,52.908651],[-66.078889,52.903901],[71.428875,52.899152],[-151.063361,52.894403],[-13.555597,52.889655],[123.952167,52.884907],[-98.540069,52.880159],[38.967695,52.875413],[176.475459,52.870666],[-46.016777,52.865921],[91.490987,52.861175],[-131.001249,52.85643],[6.506515,52.851686],[144.014279,52.846943],[-78.477957,52.842199],[59.029807,52.837457],[-163.462429,52.832715],[-25.954665,52.827973],[111.553099,52.823232],[-110.939137,52.818491],[26.568627,52.813751],[164.076392,52.809012],[-58.415844,52.804272],[79.09192,52.799534],[-143.400316,52.794796],[-5.892552,52.790058],[131.615212,52.785321],[-90.877024,52.780585],[46.63074,52.775849],[-175.861496,52.771114],[-38.353732,52.766379],[99.154032,52.761644],[-123.338204,52.75691],[14.16956,52.752177],[151.677324,52.747444],[-70.814912,52.742712],[66.692852,52.73798],[-155.799384,52.733249],[-18.29162,52.728518],[119.216144,52.723787],[-103.276092,52.719058],[34.231673,52.714328],[171.739437,52.7096],[-50.752799,52.704871],[86.754965,52.700144],[-135.737271,52.695416],[1.770493,52.69069],[139.278257,52.685963],[-83.213979,52.681238],[54.293785,52.676513],[-168.198451,52.671788],[-30.690687,52.667064],[106.817077,52.66234],[-115.675159,52.657617],[21.832605,52.652894],[159.340369,52.648172],[-63.151867,52.643451],[74.355897,52.63873],[-148.136339,52.634009],[-10.628575,52.629289],[126.879189,52.624569],[-95.613046,52.61985],[41.894718,52.615132],[179.402482,52.610414],[-43.089754,52.605696],[94.41801,52.600979],[-128.074226,52.596263],[9.433538,52.591547],[146.941302,52.586831],[-75.550934,52.582116],[61.95683,52.577402],[-160.535406,52.572688],[-23.027642,52.567974],[114.480122,52.563261],[-108.012114,52.558549],[29.49565,52.553837],[167.003414,52.549125],[-55.488822,52.544414],[82.018942,52.539704],[-140.473294,52.534994],[-2.96553,52.530285],[134.542235,52.525576],[-87.950001,52.520867],[49.557763,52.516159],[-172.934473,52.511452],[-35.426709,52.506745],[102.081055,52.502039],[-120.411181,52.497333],[17.096583,52.492627],[154.604347,52.487922],[-67.887889,52.483218],[69.619875,52.478514],[-152.872361,52.473811],[-15.364597,52.469108],[122.143167,52.464406],[-100.349069,52.459704],[37.158695,52.455002],[174.666459,52.450301],[-47.825777,52.445601],[89.681987,52.440901],[-132.810249,52.436202],[4.697516,52.431503],[142.20528,52.426805],[-80.286956,52.422107],[57.220808,52.417409],[-165.271428,52.412713],[-27.763664,52.408016],[109.7441,52.40332],[-112.748136,52.398625],[24.759628,52.39393],[162.267392,52.389236],[-60.224844,52.384542],[77.28292,52.379848],[-145.209316,52.375156],[-7.701552,52.370463],[129.806212,52.365771],[-92.686024,52.36108],[44.82174,52.356389],[-177.670496,52.351699],[-40.162732,52.347009],[97.345032,52.34232],[-125.147203,52.337631],[12.360561,52.332942],[149.868325,52.328254],[-72.623911,52.323567],[64.883853,52.31888],[-157.608383,52.314194],[-20.100619,52.309508],[117.407145,52.304822],[-105.085091,52.300137],[32.422673,52.295453],[169.930437,52.290769],[-52.561799,52.286086],[84.945965,52.281403],[-137.546271,52.27672],[-0.038507,52.272038],[137.469257,52.267357],[-85.022979,52.262676],[52.484785,52.257996],[-170.007451,52.253316],[-32.499687,52.248636],[105.008078,52.243957],[-117.484158,52.239279],[20.023606,52.234601],[157.53137,52.229923],[-64.960866,52.225246],[72.546898,52.22057],[-149.945338,52.215894],[-12.437574,52.211218],[125.07019,52.206543],[-97.422046,52.201869],[40.085718,52.197194],[177.593482,52.192521],[-44.898754,52.187848],[92.60901,52.183175],[-129.883226,52.178503],[7.624538,52.173832],[145.132302,52.16916],[-77.359934,52.16449],[60.14783,52.15982],[-162.344406,52.15515],[-24.836641,52.150481],[112.671123,52.145812],[-109.821113,52.141144],[27.686651,52.136476],[165.194415,52.131809],[-57.297821,52.127143],[80.209943,52.122476],[-142.282293,52.117811],[-4.774529,52.113145],[132.733235,52.108481],[-89.759001,52.103816],[47.748763,52.099153],[-174.743473,52.094489],[-37.235709,52.089827],[100.272055,52.085164],[-122.220181,52.080502],[15.287583,52.075841],[152.795347,52.07118],[-69.696889,52.06652],[67.810875,52.06186],[-154.68136,52.057201],[-17.173596,52.052542],[120.334168,52.047883],[-102.158068,52.043225],[35.349696,52.038568],[172.85746,52.033911],[-49.634776,52.029255],[87.872988,52.024599],[-134.619248,52.019943],[2.888516,52.015288],[140.39628,52.010633],[-82.095956,52.005979],[55.411808,52.001326],[-167.080428,51.996673],[-29.572664,51.99202],[107.9351,51.987368],[-114.557136,51.982716],[22.950628,51.978065],[160.458392,51.973415],[-62.033844,51.968764],[75.473921,51.964115],[-147.018315,51.959465],[-9.510551,51.954817],[127.997213,51.950168],[-94.495023,51.945521],[43.012741,51.940873],[-179.479495,51.936227],[-41.971731,51.93158],[95.536033,51.926934],[-126.956203,51.922289],[10.551561,51.917644],[148.059325,51.913],[-74.432911,51.908356],[63.074853,51.903712],[-159.417383,51.899069],[-21.909619,51.894427],[115.598145,51.889785],[-106.894091,51.885143],[30.613673,51.880502],[168.121437,51.875862],[-54.370798,51.871222],[83.136966,51.866582],[-139.35527,51.861943],[-1.847506,51.857304],[135.660258,51.852666],[-86.831978,51.848028],[50.675786,51.843391],[-171.81645,51.838754],[-34.308686,51.834118],[103.199078,51.829482],[-119.293158,51.824847],[18.214606,51.820212],[155.72237,51.815578],[-66.769866,51.810944],[70.737898,51.806311],[-151.754338,51.801678],[-14.246574,51.797045],[123.26119,51.792413],[-99.231046,51.787782],[38.276718,51.783151],[175.784483,51.77852],[-46.707753,51.77389],[90.800011,51.76926],[-131.692225,51.764631],[5.815539,51.760003],[143.323303,51.755374],[-79.168933,51.750747],[58.338831,51.74612],[-164.153405,51.741493],[-26.645641,51.736867],[110.862123,51.732241],[-111.630113,51.727615],[25.877651,51.722991],[163.385415,51.718366],[-59.106821,51.713742],[78.400943,51.709119],[-144.091293,51.704496],[-6.583529,51.699873],[130.924235,51.695251],[-91.568001,51.69063],[45.939764,51.686009],[-176.552472,51.681388],[-39.044708,51.676768],[98.463056,51.672148],[-124.02918,51.667529],[13.478584,51.66291],[150.986348,51.658292],[-71.505888,51.653674],[66.001876,51.649057],[-156.49036,51.64444],[-18.982596,51.639824],[118.525168,51.635208],[-103.967068,51.630592],[33.540696,51.625977],[171.04846,51.621363],[-51.443776,51.616749],[86.063988,51.612135],[-136.428248,51.607522],[1.079516,51.60291],[138.58728,51.598297],[-83.904955,51.593686],[53.602809,51.589075],[-168.889427,51.584464],[-31.381663,51.579854],[106.126101,51.575244],[-116.366135,51.570634],[21.141629,51.566026],[158.649393,51.561417],[-63.842843,51.556809],[73.664921,51.552202],[-148.827315,51.547595],[-11.319551,51.542988],[126.188213,51.538382],[-96.304023,51.533776],[41.203741,51.529171],[178.711505,51.524567],[-43.780731,51.519962],[93.727033,51.515359],[-128.765203,51.510755],[8.742561,51.506153],[146.250326,51.50155],[-76.24191,51.496948],[61.265854,51.492347],[-161.226382,51.487746],[-23.718618,51.483145],[113.789146,51.478545],[-108.70309,51.473946],[28.804674,51.469347],[166.312438,51.464748],[-56.179798,51.46015],[81.327966,51.455552],[-141.16427,51.450955],[-3.656506,51.446358],[133.851258,51.441762],[-88.640978,51.437166],[48.866786,51.432571],[-173.62545,51.427976],[-36.117686,51.423381],[101.390078,51.418787],[-121.102158,51.414194],[16.405607,51.409601],[153.913371,51.405008],[-68.578865,51.400416],[68.928899,51.395824],[-153.563337,51.391233],[-16.055573,51.386642],[121.452191,51.382052],[-101.040045,51.377462],[36.467719,51.372872],[173.975483,51.368284],[-48.516753,51.363695],[88.991011,51.359107],[-133.501225,51.354519],[4.006539,51.349932],[141.514303,51.345346],[-80.977933,51.34076],[56.529831,51.336174],[-165.962405,51.331589],[-28.454641,51.327004],[109.053123,51.322419],[-113.439112,51.317835],[24.068652,51.313252],[161.576416,51.308669],[-60.91582,51.304087],[76.591944,51.299504],[-145.900292,51.294923],[-8.392528,51.290342],[129.115236,51.285761],[-93.377,51.281181],[44.130764,51.276601],[-178.361472,51.272022],[-40.853708,51.267443],[96.654056,51.262864],[-125.83818,51.258286],[11.669584,51.253709],[149.177348,51.249132],[-73.314888,51.244555],[64.192876,51.239979],[-158.29936,51.235404],[-20.791596,51.230828],[116.716169,51.226254],[-105.776067,51.221679],[31.731697,51.217105],[169.239461,51.212532],[-53.252775,51.207959],[84.254989,51.203387],[-138.237247,51.198815],[-0.729483,51.194243],[136.778281,51.189672],[-85.713955,51.185101],[51.793809,51.180531],[-170.698427,51.175961],[-33.190663,51.171392],[104.317101,51.166823],[-118.175135,51.162255],[19.332629,51.157687],[156.840393,51.153119],[-65.651843,51.148552],[71.855921,51.143985],[-150.636315,51.139419],[-13.12855,51.134854],[124.379214,51.130288],[-98.113022,51.125723],[39.394742,51.121159],[176.902506,51.116595],[-45.58973,51.112032],[91.918034,51.107469],[-130.574202,51.102906],[6.933562,51.098344],[144.441326,51.093782],[-78.05091,51.089221],[59.456854,51.084661],[-163.035382,51.0801],[-25.527618,51.07554],[111.980146,51.070981],[-110.51209,51.066422],[26.995674,51.061864],[164.503438,51.057306],[-57.988798,51.052748],[79.518966,51.048191],[-142.973269,51.043634],[-5.465505,51.039078],[132.042259,51.034522],[-90.449977,51.029967],[47.057787,51.025412],[-175.434449,51.020857],[-37.926685,51.016303],[99.581079,51.01175],[-122.911157,51.007197],[14.596607,51.002644],[152.104371,50.998092],[-70.387865,50.99354],[67.119899,50.988989],[-155.372337,50.984438],[-17.864573,50.979887],[119.643191,50.975337],[-102.849045,50.970788],[34.658719,50.966239],[172.166483,50.96169],[-50.325753,50.957142],[87.182012,50.952594],[-135.310224,50.948047],[2.19754,50.9435],[139.705304,50.938953],[-82.786932,50.934407],[54.720832,50.929862],[-167.771404,50.925317],[-30.26364,50.920772],[107.244124,50.916228],[-115.248112,50.911684],[22.259652,50.907141],[159.767416,50.902598],[-62.72482,50.898055],[74.782944,50.893513],[-147.709292,50.888972],[-10.201528,50.884431],[127.306236,50.87989],[-95.186,50.87535],[42.321764,50.87081],[179.829528,50.866271],[-42.662707,50.861732],[94.845057,50.857193],[-127.647179,50.852655],[9.860585,50.848118],[147.368349,50.84358],[-75.123887,50.839044],[62.383877,50.834507],[-160.108359,50.829972],[-22.600595,50.825436],[114.907169,50.820901],[-107.585067,50.816367],[29.922697,50.811833],[167.430461,50.807299],[-55.061775,50.802766],[82.445989,50.798233],[-140.046247,50.793701],[-2.538483,50.789169],[134.969281,50.784638],[-87.522955,50.780107],[49.984809,50.775576],[-172.507426,50.771046],[-34.999662,50.766516],[102.508102,50.761987],[-119.984134,50.757458],[17.52363,50.75293],[155.031394,50.748402],[-67.460842,50.743875],[70.046922,50.739348],[-152.445314,50.734821],[-14.93755,50.730295],[122.570214,50.725769],[-99.922022,50.721244],[37.585742,50.716719],[175.093506,50.712195],[-47.39873,50.707671],[90.109034,50.703147],[-132.383202,50.698624],[5.124562,50.694101],[142.632326,50.689579],[-79.85991,50.685057],[57.647855,50.680536],[-164.844381,50.676015],[-27.336617,50.671495],[110.171147,50.666975],[-112.321089,50.662455],[25.186675,50.657936],[162.694439,50.653417],[-59.797797,50.648899],[77.709967,50.644381],[-144.782269,50.639864],[-7.274505,50.635347],[130.233259,50.63083],[-92.258977,50.626314],[45.248787,50.621798],[-177.243449,50.617283],[-39.735685,50.612768],[97.772079,50.608254],[-124.720157,50.60374],[12.787607,50.599226],[150.295371,50.594713],[-72.196864,50.5902],[65.3109,50.585688],[-157.181336,50.581176],[-19.673572,50.576665],[117.834192,50.572154],[-104.658044,50.567643],[32.84972,50.563133],[170.357484,50.558624],[-52.134752,50.554115],[85.373012,50.549606],[-137.119224,50.545097],[0.38854,50.540589],[137.896304,50.536082],[-84.595932,50.531575],[52.911832,50.527068],[-169.580404,50.522562],[-32.07264,50.518056],[105.435124,50.513551],[-117.057112,50.509046],[20.450652,50.504542],[157.958417,50.500038],[-64.533819,50.495534],[72.973945,50.491031],[-149.518291,50.486528],[-12.010527,50.482026],[125.497237,50.477524],[-96.994999,50.473022],[40.512765,50.468521],[178.020529,50.464021],[-44.471707,50.45952],[93.036057,50.455021],[-129.456179,50.450521],[8.051585,50.446022],[145.559349,50.441524],[-76.932887,50.437026],[60.574877,50.432528],[-161.917359,50.428031],[-24.409595,50.423534],[113.098169,50.419038],[-109.394067,50.414542],[28.113698,50.410047],[165.621462,50.405551],[-56.870774,50.401057],[80.63699,50.396563],[-141.855246,50.392069],[-4.347482,50.387575],[133.160282,50.383083],[-89.331954,50.37859],[48.17581,50.374098],[-174.316426,50.369606],[-36.808662,50.365115],[100.699102,50.360624],[-121.793134,50.356134],[15.71463,50.351644],[153.222394,50.347154],[-69.269842,50.342665],[68.237922,50.338177],[-154.254314,50.333688],[-16.74655,50.329201],[120.761214,50.324713],[-101.731021,50.320226],[35.776743,50.31574],[173.284507,50.311253],[-49.207729,50.306768],[88.300035,50.302282],[-134.192201,50.297798],[3.315563,50.293313],[140.823327,50.288829],[-81.668909,50.284345],[55.838855,50.279862],[-166.653381,50.27538],[-29.145617,50.270897],[108.362147,50.266415],[-114.130089,50.261934],[23.377675,50.257453],[160.885439,50.252972],[-61.606797,50.248492],[75.900967,50.244012],[-146.591269,50.239533],[-9.083505,50.235054],[128.42426,50.230575],[-94.067976,50.226097],[43.439788,50.221619],[-179.052448,50.217142],[-41.544684,50.212665],[95.96308,50.208189],[-126.529156,50.203713],[10.978608,50.199237],[148.486372,50.194762],[-74.005864,50.190287],[63.5019,50.185813],[-158.990336,50.181339],[-21.482572,50.176865],[116.025192,50.172392],[-106.467044,50.16792],[31.04072,50.163447],[168.548484,50.158975],[-53.943752,50.154504],[83.564012,50.150033],[-138.928224,50.145563],[-1.420459,50.141092],[136.087305,50.136623],[-86.404931,50.132153],[51.102833,50.127684],[-171.389403,50.123216],[-33.881639,50.118748],[103.626125,50.11428],[-118.866111,50.109813],[18.641653,50.105346],[156.149417,50.10088],[-66.342819,50.096414],[71.164945,50.091948],[-151.327291,50.087483],[-13.819527,50.083018],[123.688237,50.078554],[-98.803999,50.07409],[38.703765,50.069626],[176.211529,50.065163],[-46.280707,50.060701],[91.227057,50.056238],[-131.265178,50.051777],[6.242586,50.047315],[143.75035,50.042854],[-78.741886,50.038394],[58.765878,50.033933],[-163.726358,50.029474],[-26.218594,50.025014],[111.28917,50.020555],[-111.203066,50.016097],[26.304698,50.011639],[163.812462,50.007181],[-58.679774,50.002724],[78.82799,49.998267],[-143.664246,49.99381],[-6.156482,49.989354],[131.351282,49.984899],[-91.140954,49.980444],[46.36681,49.975989],[-176.125426,49.971534],[-38.617662,49.96708],[98.890103,49.962627],[-123.602133,49.958174],[13.905631,49.953721],[151.413395,49.949269],[-71.078841,49.944817],[66.428923,49.940365],[-156.063313,49.935914],[-18.555549,49.931463],[118.952215,49.927013],[-103.540021,49.922563],[33.967743,49.918114],[171.475507,49.913665],[-51.016729,49.909216],[86.491035,49.904768],[-136.001201,49.90032],[1.506563,49.895873],[139.014327,49.891426],[-83.477909,49.886979],[54.029855,49.882533],[-168.462381,49.878087],[-30.954616,49.873642],[106.553148,49.869197],[-115.939088,49.864752],[21.568676,49.860308],[159.07644,49.855865],[-63.415796,49.851421],[74.091968,49.846978],[-148.400268,49.842536],[-10.892504,49.838094],[126.61526,49.833652],[-95.876976,49.829211],[41.630788,49.82477],[179.138552,49.82033],[-43.353684,49.815889],[94.15408,49.81145],[-128.338156,49.807011],[9.169608,49.802572],[146.677372,49.798133],[-75.814864,49.793695],[61.6929,49.789258],[-160.799335,49.784821],[-23.291571,49.780384],[114.216193,49.775947],[-108.276043,49.771511],[29.231721,49.767076],[166.739485,49.762641],[-55.752751,49.758206],[81.755013,49.753772],[-140.737223,49.749338],[-3.229459,49.744904],[134.278305,49.740471],[-88.213931,49.736038],[49.293833,49.731606],[-173.198403,49.727174],[-35.690639,49.722742],[101.817125,49.718311],[-120.675111,49.713881],[16.832653,49.70945],[154.340417,49.70502],[-68.151819,49.700591],[69.355946,49.696162],[-153.13629,49.691733],[-15.628526,49.687305],[121.879238,49.682877],[-100.612998,49.678449],[36.894766,49.674022],[174.40253,49.669596],[-48.089706,49.665169],[89.418058,49.660744],[-133.074178,49.656318],[4.433586,49.651893],[141.94135,49.647468],[-80.550886,49.643044],[56.956878,49.63862],[-165.535358,49.634197],[-28.027594,49.629774],[109.48017,49.625351],[-113.012066,49.620929],[24.495698,49.616507],[162.003462,49.612086],[-60.488773,49.607664],[77.018991,49.603244],[-145.473245,49.598824],[-7.965481,49.594404],[129.542283,49.589984],[-92.949953,49.585565],[44.557811,49.581147],[-177.934425,49.576728],[-40.426661,49.572311],[97.081103,49.567893],[-125.411133,49.563476],[12.096631,49.559059],[149.604395,49.554643],[-72.887841,49.550227],[64.619923,49.545812],[-157.872313,49.541397],[-20.364549,49.536982],[117.143215,49.532568],[-105.349021,49.528154],[32.158743,49.523741],[169.666508,49.519328],[-52.825728,49.514915],[84.682036,49.510503],[-137.8102,49.506091],[-0.302436,49.501679],[137.205328,49.497268],[-85.286908,49.492858],[52.220856,49.488447],[-170.27138,49.484037],[-32.763616,49.479628],[104.744148,49.475219],[-117.748088,49.47081],[19.759676,49.466402],[157.26744,49.461994],[-65.224796,49.457587],[72.282968,49.453179],[-150.209268,49.448773],[-12.701504,49.444366],[124.80626,49.43996],[-97.685976,49.435555],[39.821789,49.43115],[177.329553,49.426745],[-45.162683,49.422341],[92.345081,49.417937],[-130.147155,49.413533],[7.360609,49.40913],[144.868373,49.404727],[-77.623863,49.400325],[59.883901,49.395923],[-162.608335,49.391522],[-25.100571,49.38712],[112.407193,49.38272],[-110.085043,49.378319],[27.422721,49.373919],[164.930485,49.36952],[-57.561751,49.365121],[79.946013,49.360722],[-142.546223,49.356323],[-5.038459,49.351925],[132.469305,49.347528],[-90.02293,49.34313],[47.484834,49.338734],[-175.007402,49.334337],[-37.499638,49.329941],[100.008126,49.325545],[-122.48411,49.32115],[15.023654,49.316755],[152.531418,49.312361],[-69.960818,49.307967],[67.546946,49.303573],[-154.94529,49.29918],[-17.437526,49.294787],[120.070238,49.290394],[-102.421998,49.286002],[35.085766,49.28161],[172.59353,49.277219],[-49.898706,49.272828],[87.609058,49.268437],[-134.883178,49.264047],[2.624586,49.259658],[140.132351,49.255268],[-82.359885,49.250879],[55.147879,49.246491],[-167.344357,49.242102],[-29.836593,49.237714],[107.671171,49.233327],[-114.821065,49.22894],[22.686699,49.224553],[160.194463,49.220167],[-62.297773,49.215781],[75.209991,49.211396],[-147.282245,49.20701],[-9.774481,49.202626],[127.733283,49.198241],[-94.758953,49.193857],[42.748811,49.189474],[-179.743425,49.185091],[-42.235661,49.180708],[95.272103,49.176326],[-127.220133,49.171944],[10.287632,49.167562],[147.795396,49.163181],[-74.69684,49.1588],[62.810924,49.154419],[-159.681312,49.150039],[-22.173548,49.14566],[115.334216,49.14128],[-107.15802,49.136902],[30.349744,49.132523],[167.857508,49.128145],[-54.634728,49.123767],[82.873036,49.11939],[-139.6192,49.115013],[-2.111436,49.110636],[135.396328,49.10626],[-87.095908,49.101884],[50.411856,49.097509],[-172.08038,49.093134],[-34.572616,49.088759],[102.935148,49.084385],[-119.557087,49.080011],[17.950677,49.075637],[155.458441,49.071264],[-67.033795,49.066892],[70.473969,49.062519],[-152.018267,49.058147],[-14.510503,49.053776],[122.997261,49.049404],[-99.494975,49.045034],[38.012789,49.040663],[175.520553,49.036293],[-46.971683,49.031924],[90.536081,49.027554],[-131.956155,49.023185],[5.551609,49.018817],[143.059373,49.014449],[-79.432863,49.010081],[58.074901,49.005714],[-164.417335,49.001347],[-26.909571,48.99698],[110.598194,48.992614],[-111.894042,48.988248],[25.613722,48.983883],[163.121486,48.979518],[-59.37075,48.975153],[78.137014,48.970789],[-144.355222,48.966425],[-6.847458,48.962061],[130.660306,48.957698],[-91.83193,48.953335],[45.675834,48.948973],[-176.816402,48.944611],[-39.308638,48.940249],[98.199126,48.935888],[-124.29311,48.931527],[13.214654,48.927167],[150.722418,48.922807],[-71.769818,48.918447],[65.737946,48.914087],[-156.75429,48.909728],[-19.246525,48.90537],[118.261239,48.901012],[-104.230997,48.896654],[33.276767,48.892296],[170.784531,48.887939],[-51.707705,48.883583],[85.800059,48.879226],[-136.692177,48.874871],[0.815587,48.870515],[138.323351,48.86616],[-84.168885,48.861805],[53.338879,48.857451],[-169.153357,48.853097],[-31.645593,48.848743],[105.862171,48.84439],[-116.630065,48.840037],[20.877699,48.835684],[158.385463,48.831332],[-64.106773,48.82698],[73.400991,48.822629],[-149.091244,48.818278],[-11.58348,48.813927],[125.924284,48.809577],[-96.567952,48.805227],[40.939812,48.800878],[178.447576,48.796529],[-44.04466,48.79218],[93.463104,48.787832],[-129.029132,48.783484],[8.478632,48.779136],[145.986396,48.774789],[-76.50584,48.770442],[61.001924,48.766095],[-161.490312,48.761749],[-23.982548,48.757404],[113.525216,48.753058],[-108.96702,48.748713],[28.540744,48.744369],[166.048508,48.740024],[-56.443728,48.735681],[81.064037,48.731337],[-141.428199,48.726994],[-3.920435,48.722651],[133.587329,48.718309],[-88.904907,48.713967],[48.602857,48.709625],[-173.889379,48.705284],[-36.381615,48.700943],[101.126149,48.696603],[-121.366087,48.692263],[16.141677,48.687923],[153.649441,48.683584],[-68.842795,48.679245],[68.664969,48.674906],[-153.827267,48.670568],[-16.319503,48.66623],[121.188261,48.661893],[-101.303975,48.657555],[36.203789,48.653219],[173.711553,48.648882],[-48.780682,48.644546],[88.727082,48.640211],[-133.765154,48.635875],[3.74261,48.631541],[141.250374,48.627206],[-81.241862,48.622872],[56.265902,48.618538],[-166.226334,48.614205],[-28.71857,48.609872],[108.789194,48.605539],[-113.703042,48.601207],[23.804722,48.596875],[161.312486,48.592544],[-61.17975,48.588212],[76.328014,48.583882],[-146.164222,48.579551],[-8.656458,48.575221],[128.851306,48.570891],[-93.64093,48.566562],[43.866834,48.562233],[-178.625401,48.557905],[-41.117637,48.553576],[96.390127,48.549249],[-126.102109,48.544921],[11.405655,48.540594],[148.913419,48.536267],[-73.578817,48.531941],[63.928947,48.527615],[-158.563289,48.52329],[-21.055525,48.518964],[116.452239,48.514639],[-106.039997,48.510315],[31.467767,48.505991],[168.975531,48.501667],[-53.516705,48.497344],[83.991059,48.493021],[-138.501177,48.488698],[-0.993413,48.484376],[136.514351,48.480054],[-85.977885,48.475732],[51.52988,48.471411],[-170.962356,48.46709],[-33.454592,48.46277],[104.053172,48.45845],[-118.439064,48.45413],[19.0687,48.449811],[156.576464,48.445492],[-65.915772,48.441173],[71.591992,48.436855],[-150.900244,48.432537],[-13.39248,48.42822],[124.115284,48.423902],[-98.376952,48.419586],[39.130812,48.415269],[176.638576,48.410953],[-45.85366,48.406638],[91.654104,48.402322],[-130.838132,48.398007],[6.669632,48.393693],[144.177396,48.389379],[-78.314839,48.385065],[59.192925,48.380751],[-163.299311,48.376438],[-25.791547,48.372125],[111.716217,48.367813],[-110.776019,48.363501],[26.731745,48.359189],[164.239509,48.354878],[-58.252727,48.350567],[79.255037,48.346257],[-143.237199,48.341946],[-5.729435,48.337637],[131.778329,48.333327],[-90.713907,48.329018],[46.793857,48.324709],[-175.698379,48.320401],[-38.190615,48.316093],[99.317149,48.311785],[-123.175087,48.307478],[14.332677,48.303171],[151.840442,48.298865],[-70.651794,48.294558],[66.85597,48.290253],[-155.636266,48.285947],[-18.128502,48.281642],[119.379262,48.277337],[-103.112974,48.273033],[34.39479,48.268729],[171.902554,48.264425],[-50.589682,48.260122],[86.918082,48.255819],[-135.574154,48.251517],[1.93361,48.247214],[139.441374,48.242913],[-83.050862,48.238611],[54.456902,48.23431],[-168.035334,48.230009],[-30.52757,48.225709],[106.980194,48.221409],[-115.512042,48.217109],[21.995723,48.21281],[159.503487,48.208511],[-62.988749,48.204212],[74.519015,48.199914],[-147.973221,48.195616],[-10.465457,48.191319],[127.042307,48.187022],[-95.449929,48.182725],[42.057835,48.178428],[179.565599,48.174132],[-42.926637,48.169837],[94.581127,48.165541],[-127.911109,48.161246],[9.596655,48.156952],[147.104419,48.152657],[-75.387817,48.148363],[62.119947,48.14407],[-160.372289,48.139777],[-22.864525,48.135484],[114.643239,48.131191],[-107.848996,48.126899],[29.658768,48.122608],[167.166532,48.118316],[-55.325704,48.114025],[82.18206,48.109735],[-140.310176,48.105444],[-2.802412,48.101154],[134.705352,48.096865],[-87.786884,48.092575],[49.72088,48.088287],[-172.771356,48.083998],[-35.263592,48.07971],[102.244172,48.075422],[-120.248064,48.071135],[17.2597,48.066847],[154.767464,48.062561],[-67.724772,48.058274],[69.782992,48.053988],[-152.709244,48.049703],[-15.20148,48.045417],[122.306285,48.041132],[-100.185951,48.036848],[37.321813,48.032564],[174.829577,48.02828],[-47.662659,48.023996],[89.845105,48.019713],[-132.647131,48.01543],[4.860633,48.011148],[142.368397,48.006866],[-80.123839,48.002584],[57.383925,47.998302],[-165.108311,47.994021],[-27.600547,47.989741],[109.907217,47.98546],[-112.585019,47.98118],[24.922745,47.976901],[162.430509,47.972622],[-60.061727,47.968343],[77.446037,47.964064],[-145.046199,47.959786],[-7.538434,47.955508],[129.96933,47.95123],[-92.522906,47.946953],[44.984858,47.942677],[-177.507378,47.9384],[-39.999614,47.934124],[97.50815,47.929848],[-124.984086,47.925573],[12.523678,47.921298],[150.031442,47.917023],[-72.460794,47.912749],[65.04697,47.908475],[-157.445266,47.904201],[-19.937502,47.899928],[117.570262,47.895655],[-104.921974,47.891383],[32.58579,47.88711],[170.093554,47.882839],[-52.398682,47.878567],[85.109082,47.874296],[-137.383153,47.870025],[0.124611,47.865755],[137.632375,47.861485],[-84.859861,47.857215],[52.647903,47.852946],[-169.844333,47.848677],[-32.336569,47.844408],[105.171195,47.84014],[-117.321041,47.835872],[20.186723,47.831604],[157.694487,47.827337],[-64.797749,47.82307],[72.710015,47.818803],[-149.782221,47.814537],[-12.274457,47.810271],[125.233307,47.806006],[-97.258929,47.80174],[40.248835,47.797476],[177.756599,47.793211],[-44.735637,47.788947],[92.772128,47.784683],[-129.720108,47.78042],[7.787656,47.776157],[145.29542,47.771894],[-77.196816,47.767632],[60.310948,47.76337],[-162.181288,47.759108],[-24.673524,47.754847],[112.83424,47.750586],[-109.657996,47.746325],[27.849768,47.742065],[165.357532,47.737805],[-57.134704,47.733545],[80.37306,47.729286],[-142.119176,47.725027],[-4.611412,47.720769],[132.896352,47.71651],[-89.595884,47.712253],[47.91188,47.707995],[-174.580356,47.703738],[-37.072591,47.699481],[100.435173,47.695225],[-122.057063,47.690969],[15.450701,47.686713],[152.958465,47.682457],[-69.533771,47.678202],[67.973993,47.673948],[-154.518243,47.669693],[-17.010479,47.665439],[120.497285,47.661186],[-101.994951,47.656932],[35.512813,47.652679],[173.020577,47.648427],[-49.471659,47.644174],[88.036105,47.639922],[-134.456131,47.635671],[3.051633,47.63142],[140.559397,47.627169],[-81.932839,47.622918],[55.574925,47.618668],[-166.91731,47.614418],[-29.409546,47.610168],[108.098218,47.605919],[-114.394018,47.60167],[23.113746,47.597422],[160.62151,47.593174],[-61.870726,47.588926],[75.637038,47.584679],[-146.855198,47.580432],[-9.347434,47.576185],[128.16033,47.571938],[-94.331906,47.567692],[43.175858,47.563447],[-179.316378,47.559201],[-41.808614,47.554956],[95.69915,47.550711],[-126.793086,47.546467],[10.714678,47.542223],[148.222442,47.537979],[-74.269794,47.533736],[63.237971,47.529493],[-159.254265,47.52525],[-21.746501,47.521008],[115.761263,47.516766],[-106.730973,47.512525],[30.776791,47.508283],[168.284555,47.504042],[-54.207681,47.499802],[83.300083,47.495562],[-139.192153,47.491322],[-1.684389,47.487082],[135.823375,47.482843],[-86.668861,47.478604],[50.838903,47.474366],[-171.653333,47.470127],[-34.145569,47.46589],[103.362195,47.461652],[-119.130041,47.457415],[18.377723,47.453178],[155.885487,47.448942],[-66.606748,47.444705],[70.901016,47.44047],[-151.59122,47.436234],[-14.083456,47.431999],[123.424308,47.427764],[-99.067928,47.42353],[38.439836,47.419296],[175.9476,47.415062],[-46.544636,47.410829],[90.963128,47.406596],[-131.529108,47.402363],[5.978656,47.39813],[143.48642,47.393898],[-79.005816,47.389667],[58.501948,47.385435],[-163.990288,47.381204],[-26.482524,47.376974],[111.02524,47.372743],[-111.466996,47.368513],[26.040769,47.364284],[163.548533,47.360054],[-58.943703,47.355825],[78.564061,47.351597],[-143.928175,47.347368],[-6.420411,47.34314],[131.087353,47.338913],[-91.404883,47.334685],[46.102881,47.330458],[-176.389355,47.326232],[-38.881591,47.322005],[98.626173,47.317779],[-123.866063,47.313554],[13.641701,47.309329],[151.149465,47.305104],[-71.342771,47.300879],[66.164993,47.296655],[-156.327243,47.292431],[-18.819479,47.288207],[118.688285,47.283984],[-103.80395,47.279761],[33.703814,47.275539],[171.211578,47.271316],[-51.280658,47.267094],[86.227106,47.262873],[-136.26513,47.258652],[1.242634,47.254431],[138.750398,47.25021],[-83.741838,47.24599],[53.765926,47.24177],[-168.72631,47.237551],[-31.218546,47.233331],[106.289218,47.229113],[-116.203018,47.224894],[21.304746,47.220676],[158.81251,47.216458],[-63.679726,47.21224],[73.828038,47.208023],[-148.664198,47.203806],[-11.156434,47.19959],[126.351331,47.195374],[-96.140905,47.191158],[41.366859,47.186942],[178.874623,47.182727],[-43.617613,47.178512],[93.890151,47.174298],[-128.602085,47.170083],[8.905679,47.16587],[146.413443,47.161656],[-76.078793,47.157443],[61.428971,47.15323],[-161.063265,47.149018],[-23.555501,47.144805],[113.952263,47.140594],[-108.539973,47.136382],[28.967791,47.132171],[166.475555,47.12796],[-56.016681,47.12375],[81.491083,47.119539],[-141.001153,47.11533],[-3.493388,47.11112],[134.014376,47.106911],[-88.47786,47.102702],[49.029904,47.098493],[-173.462332,47.094285],[-35.954568,47.090077],[101.553196,47.08587],[-120.93904,47.081663],[16.568724,47.077456],[154.076488,47.073249],[-68.415748,47.069043],[69.092016,47.064837],[-153.40022,47.060632],[-15.892456,47.056427],[121.615308,47.052222],[-100.876928,47.048017],[36.630836,47.043813],[174.1386,47.039609],[-48.353636,47.035406],[89.154128,47.031202],[-133.338107,47.027],[4.169657,47.022797],[141.677421,47.018595],[-80.814815,47.014393],[56.692949,47.010191],[-165.799287,47.00599],[-28.291523,47.001789],[109.216241,46.997589],[-113.275995,46.993389],[24.231769,46.989189],[161.739533,46.984989],[-60.752703,46.98079],[76.755061,46.976591],[-145.737175,46.972392],[-8.229411,46.968194],[129.278353,46.963996],[-93.213883,46.959799],[44.293881,46.955601],[-178.198355,46.951404],[-40.690591,46.947208],[96.817174,46.943012],[-125.675062,46.938816],[11.832702,46.93462],[149.340466,46.930425],[-73.15177,46.92623],[64.355994,46.922035],[-158.136242,46.917841],[-20.628478,46.913647],[116.879286,46.909453],[-105.61295,46.90526],[31.894814,46.901067],[169.402578,46.896874],[-53.089658,46.892682],[84.418106,46.88849],[-138.07413,46.884298],[-0.566366,46.880107],[136.941398,46.875916],[-85.550838,46.871725],[51.956926,46.867535],[-170.53531,46.863345],[-33.027545,46.859155],[104.480219,46.854966],[-118.012017,46.850777],[19.495747,46.846588],[157.003511,46.842399],[-65.488725,46.838211],[72.019039,46.834024],[-150.473197,46.829836],[-12.965433,46.825649],[124.542331,46.821462],[-97.949905,46.817276],[39.557859,46.81309],[177.065623,46.808904],[-45.426613,46.804719],[92.081151,46.800533],[-130.411085,46.796349],[7.096679,46.792164],[144.604443,46.78798],[-77.887793,46.783796],[59.619971,46.779613],[-162.872264,46.775429],[-25.3645,46.771246],[112.143264,46.767064],[-110.348972,46.762882],[27.158792,46.7587],[164.666556,46.754518],[-57.82568,46.750337],[79.682084,46.746156],[-142.810152,46.741975],[-5.302388,46.737795],[132.205376,46.733615],[-90.28686,46.729436],[47.220904,46.725256],[-175.271332,46.721077],[-37.763568,46.716899],[99.744196,46.71272],[-122.74804,46.708542],[14.759724,46.704365],[152.267488,46.700187],[-70.224748,46.69601],[67.283017,46.691834],[-155.209219,46.687657],[-17.701455,46.683481],[119.806309,46.679305],[-102.685927,46.67513],[34.821837,46.670955],[172.329601,46.66678],[-50.162635,46.662606],[87.345129,46.658431],[-135.147107,46.654258],[2.360657,46.650084],[139.868421,46.645911],[-82.623815,46.641738],[54.883949,46.637566],[-167.608287,46.633393],[-30.100523,46.629222],[107.407241,46.62505],[-115.084995,46.620879],[22.422769,46.616708],[159.930533,46.612537],[-62.561702,46.608367],[74.946062,46.604197],[-147.546174,46.600027],[-10.03841,46.595858],[127.469354,46.591689],[-95.022882,46.58752],[42.484882,46.583352],[179.992646,46.579184],[-42.49959,46.575016],[95.008174,46.570849],[-127.484062,46.566682],[10.023702,46.562515],[147.531466,46.558349],[-74.96077,46.554183],[62.546994,46.550017],[-159.945242,46.545851],[-22.437478,46.541686],[115.070286,46.537521],[-107.42195,46.533357],[30.085814,46.529193],[167.593579,46.525029],[-54.898657,46.520865],[82.609107,46.516702],[-139.883129,46.512539],[-2.375365,46.508377],[135.132399,46.504214],[-87.359837,46.500052],[50.147927,46.495891],[-172.344309,46.491729],[-34.836545,46.487568],[102.671219,46.483408],[-119.821017,46.479247],[17.686747,46.475087],[155.194511,46.470928],[-67.297725,46.466768],[70.210039,46.462609],[-152.282197,46.45845],[-14.774433,46.454292],[122.733331,46.450134],[-99.758905,46.445976],[37.74886,46.441818],[175.256624,46.437661],[-47.235612,46.433504],[90.272152,46.429348],[-132.220084,46.425192],[5.28768,46.421036],[142.795444,46.41688],[-79.696792,46.412725],[57.810972,46.40857],[-164.681264,46.404415],[-27.1735,46.400261],[110.334264,46.396107],[-112.157972,46.391953],[25.349792,46.3878],[162.857556,46.383647],[-59.63468,46.379494],[77.873084,46.375341],[-144.619152,46.371189],[-7.111388,46.367037],[130.396376,46.362886],[-92.095859,46.358735],[45.411905,46.354584],[-177.080331,46.350433],[-39.572567,46.346283],[97.935197,46.342133],[-124.557039,46.337984],[12.950725,46.333834],[150.458489,46.329685],[-72.033747,46.325537],[65.474017,46.321388],[-157.018219,46.31724],[-19.510455,46.313093],[117.997309,46.308945],[-104.494927,46.304798],[33.012837,46.300651],[170.520601,46.296505],[-51.971635,46.292359],[85.536129,46.288213],[-136.956107,46.284067],[0.551657,46.279922],[138.059422,46.275777],[-84.432814,46.271633],[53.07495,46.267488],[-169.417286,46.263345],[-31.909522,46.259201],[105.598242,46.255058],[-116.893994,46.250915],[20.61377,46.246772],[158.121534,46.242629],[-64.370702,46.238487],[73.137062,46.234346],[-149.355174,46.230204],[-11.84741,46.226063],[125.660354,46.221922],[-96.831882,46.217782],[40.675882,46.213642],[178.183646,46.209502],[-44.30859,46.205362],[93.199174,46.201223],[-129.293062,46.197084],[8.214703,46.192945],[145.722467,46.188807],[-76.769769,46.184669],[60.737995,46.180531],[-161.754241,46.176394],[-24.246477,46.172257],[113.261287,46.16812],[-109.230949,46.163984],[28.276815,46.159847],[165.784579,46.155712],[-56.707657,46.151576],[80.800107,46.147441],[-141.692129,46.143306],[-4.184365,46.139171],[133.323399,46.135037],[-89.168837,46.130903],[48.338927,46.126769],[-174.153309,46.122636],[-36.645545,46.118503],[100.862219,46.11437],[-121.630016,46.110238],[15.877748,46.106106],[153.385512,46.101974],[-69.106724,46.097842],[68.40104,46.093711],[-154.091196,46.08958],[-16.583432,46.08545],[120.924332,46.08132],[-101.567904,46.07719],[35.93986,46.07306],[173.447624,46.068931],[-49.044612,46.064802],[88.463152,46.060673],[-134.029084,46.056545],[3.47868,46.052416],[140.986444,46.048289],[-81.505792,46.044161],[56.001972,46.040034],[-166.490264,46.035907],[-28.9825,46.031781],[108.525265,46.027654],[-113.966971,46.023528],[23.540793,46.019403],[161.048557,46.015277],[-61.443679,46.011152],[76.064085,46.007028],[-146.428151,46.002903],[-8.920387,45.998779],[128.587377,45.994655],[-93.904859,45.990532],[43.602905,45.986409],[-178.889331,45.982286],[-41.381567,45.978163],[96.126197,45.974041],[-126.366039,45.969919],[11.141725,45.965798],[148.649489,45.961676],[-73.842747,45.957555],[63.665017,45.953435],[-158.827219,45.949314],[-21.319454,45.945194],[116.18831,45.941074],[-106.303926,45.936955],[31.203838,45.932836],[168.711602,45.928717],[-53.780634,45.924598],[83.72713,45.92048],[-138.765106,45.916362],[-1.257342,45.912244],[136.250422,45.908127],[-86.241814,45.90401],[51.26595,45.899893],[-171.226286,45.895777],[-33.718522,45.891661],[103.789242,45.887545],[-118.702994,45.883429],[18.80477,45.879314],[156.312534,45.875199],[-66.179702,45.871085],[71.328062,45.86697],[-151.164173,45.862856],[-13.656409,45.858743],[123.851355,45.854629],[-98.640881,45.850516],[38.866883,45.846403],[176.374647,45.842291],[-46.117589,45.838179],[91.390175,45.834067],[-131.102061,45.829955],[6.405703,45.825844],[143.913467,45.821733],[-78.578769,45.817622],[58.928995,45.813512],[-163.563241,45.809402],[-26.055477,45.805292],[111.452287,45.801183],[-111.039949,45.797074],[26.467815,45.792965],[163.975579,45.788856],[-58.516657,45.784748],[78.991108,45.78064],[-143.501128,45.776533],[-5.993364,45.772425],[131.5144,45.768318],[-90.977836,45.764212],[46.529928,45.760105],[-175.962308,45.755999],[-38.454544,45.751893],[99.05322,45.747788],[-123.439016,45.743683],[14.068748,45.739578],[151.576512,45.735473],[-70.915724,45.731369],[66.59204,45.727265],[-155.900196,45.723161],[-18.392432,45.719058],[119.115332,45.714955],[-103.376904,45.710852],[34.13086,45.706749],[171.638624,45.702647],[-50.853611,45.698545],[86.654153,45.694444],[-135.838083,45.690342],[1.669681,45.686241],[139.177445,45.682141],[-83.314791,45.67804],[54.192973,45.67394],[-168.299263,45.66984],[-30.791499,45.665741],[106.716265,45.661642],[-115.775971,45.657543],[21.731793,45.653444],[159.239557,45.649346],[-63.252679,45.645248],[74.255085,45.64115],[-148.237151,45.637053],[-10.729387,45.632956],[126.778377,45.628859],[-95.713859,45.624763],[41.793905,45.620666],[179.30167,45.616571],[-43.190566,45.612475],[94.317198,45.60838],[-128.175038,45.604285],[9.332726,45.60019],[146.84049,45.596096],[-75.651746,45.592002],[61.856018,45.587908],[-160.636218,45.583814],[-23.128454,45.579721],[114.37931,45.575628],[-108.112926,45.571536],[29.394838,45.567443],[166.902602,45.563351],[-55.589634,45.55926],[81.91813,45.555168],[-140.574106,45.551077],[-3.066342,45.546986],[134.441422,45.542896],[-88.050814,45.538806],[49.456951,45.534716],[-173.035285,45.530626],[-35.527521,45.526537],[101.980243,45.522448],[-120.511993,45.518359],[16.995771,45.51427],[154.503535,45.510182],[-67.988701,45.506094],[69.519063,45.502007],[-152.973173,45.49792],[-15.465409,45.493833],[122.042355,45.489746],[-100.449881,45.48566],[37.057883,45.481574],[174.565647,45.477488],[-47.926589,45.473402],[89.581175,45.469317],[-132.911061,45.465232],[4.596703,45.461148],[142.104467,45.457064],[-80.387768,45.45298],[57.119996,45.448896],[-165.37224,45.444812],[-27.864476,45.440729],[109.643288,45.436647],[-112.848948,45.432564],[24.658816,45.428482],[162.16658,45.4244],[-60.325656,45.420318],[77.182108,45.416237],[-145.310128,45.412156],[-7.802364,45.408075],[129.7054,45.403995],[-92.786836,45.399915],[44.720928,45.395835],[-177.771308,45.391755],[-40.263544,45.387676],[97.24422,45.383597],[-125.248016,45.379518],[12.259748,45.37544],[149.767513,45.371362],[-72.724723,45.367284],[64.783041,45.363207],[-157.709195,45.359129],[-20.201431,45.355052],[117.306333,45.350976],[-105.185903,45.3469],[32.321861,45.342823],[169.829625,45.338748],[-52.662611,45.334672],[84.845153,45.330597],[-137.647083,45.326522],[-0.139319,45.322448],[137.368445,45.318373],[-85.123791,45.314299],[52.383973,45.310226],[-170.108263,45.306152],[-32.600499,45.302079],[104.907265,45.298006],[-117.584971,45.293934],[19.922794,45.289862],[157.430558,45.28579],[-65.061678,45.281718],[72.446086,45.277647],[-150.04615,45.273576],[-12.538386,45.269505],[124.969378,45.265435],[-97.522858,45.261364],[39.984906,45.257294],[177.49267,45.253225],[-44.999566,45.249156],[92.508198,45.245087],[-129.984038,45.241018],[7.523726,45.236949],[145.03149,45.232881],[-77.460746,45.228813],[60.047018,45.224746],[-162.445218,45.220679],[-24.937454,45.216612],[112.57031,45.212545],[-109.921925,45.208479],[27.585839,45.204412],[165.093603,45.200347],[-57.398633,45.196281],[80.109131,45.192216],[-142.383105,45.188151],[-4.875341,45.184086],[132.632423,45.180022],[-89.859813,45.175958],[47.647951,45.171894],[-174.844285,45.167831],[-37.336521,45.163767],[100.171243,45.159705],[-122.320993,45.155642],[15.186771,45.15158],[152.694535,45.147518],[-69.797701,45.143456],[67.710063,45.139394],[-154.782173,45.135333],[-17.274409,45.131272],[120.233356,45.127212],[-102.25888,45.123151],[35.248884,45.119091],[172.756648,45.115032],[-49.735588,45.110972],[87.772176,45.106913],[-134.72006,45.102854],[2.787704,45.098796],[140.295468,45.094737],[-82.196768,45.090679],[55.310996,45.086622],[-167.18124,45.082564],[-29.673476,45.078507],[107.834288,45.07445],[-114.657948,45.070394],[22.849816,45.066337],[160.35758,45.062281],[-62.134656,45.058226],[75.373108,45.05417],[-147.119128,45.050115],[-9.611363,45.04606],[127.896401,45.042006],[-94.595835,45.037952],[42.911929,45.033898],[-179.580307,45.029844],[-42.072543,45.025791],[95.435221,45.021737],[-127.057015,45.017685],[10.450749,45.013632],[147.958513,45.00958],[-74.533723,45.005528],[62.974041,45.001476],[-159.518195,44.997425],[-22.010431,44.993374],[115.497333,44.989323],[-106.994903,44.985272],[30.512861,44.981222],[168.020625,44.977172],[-54.471611,44.973123],[83.036153,44.969073],[-139.456082,44.965024],[-1.948318,44.960975],[135.559446,44.956927],[-86.93279,44.952879],[50.574974,44.948831],[-171.917262,44.944783],[-34.409498,44.940736],[103.098266,44.936688],[-119.39397,44.932642],[18.113794,44.928595],[155.621558,44.924549],[-66.870678,44.920503],[70.637086,44.916457],[-151.85515,44.912412],[-14.347386,44.908367],[123.160378,44.904322],[-99.331858,44.900277],[38.175906,44.896233],[175.68367,44.892189],[-46.808566,44.888145],[90.699199,44.884102],[-131.793037,44.880059],[5.714727,44.876016],[143.222491,44.871974],[-79.269745,44.867931],[58.238019,44.863889],[-164.254217,44.859848],[-26.746453,44.855806],[110.761311,44.851765],[-111.730925,44.847724],[25.776839,44.843684],[163.284603,44.839643],[-59.207633,44.835604],[78.300131,44.831564],[-144.192105,44.827524],[-6.684341,44.823485],[130.823423,44.819446],[-91.668813,44.815408],[45.838951,44.81137],[-176.653285,44.807331],[-39.14552,44.803294],[98.362244,44.799256],[-124.129992,44.795219],[13.377772,44.791182],[150.885536,44.787146],[-71.6067,44.783109],[65.901064,44.779073],[-156.591172,44.775038],[-19.083408,44.771002],[118.424356,44.766967],[-104.06788,44.762932],[33.439884,44.758897],[170.947648,44.754863],[-51.544588,44.750829],[85.963176,44.746795],[-136.52906,44.742762],[0.978704,44.738729],[138.486468,44.734696],[-84.005768,44.730663],[53.501996,44.726631],[-168.990239,44.722598],[-31.482475,44.718567],[106.025289,44.714535],[-116.466947,44.710504],[21.040817,44.706473],[158.548581,44.702442],[-63.943655,44.698412],[73.564109,44.694382],[-148.928127,44.690352],[-11.420363,44.686322],[126.087401,44.682293],[-96.404835,44.678264],[41.102929,44.674235],[178.610693,44.670207],[-43.881543,44.666179],[93.626221,44.662151],[-128.866015,44.658123],[8.641749,44.654096],[146.149513,44.650069],[-76.342723,44.646042],[61.165042,44.642016],[-161.327194,44.637989],[-23.81943,44.633963],[113.688334,44.629938],[-108.803902,44.625912],[28.703862,44.621887],[166.211626,44.617863],[-56.28061,44.613838],[81.227154,44.609814],[-141.265082,44.60579],[-3.757318,44.601766],[133.750446,44.597743],[-88.74179,44.59372],[48.765974,44.589697],[-173.726262,44.585674],[-36.218498,44.581652],[101.289266,44.57763],[-121.20297,44.573608],[16.304794,44.569587],[153.812558,44.565565],[-68.679677,44.561544],[68.828087,44.557524],[-153.664149,44.553503],[-16.156385,44.549483],[121.351379,44.545464],[-101.140857,44.541444],[36.366907,44.537425],[173.874671,44.533406],[-48.617565,44.529387],[88.890199,44.525369],[-133.602037,44.521351],[3.905727,44.517333],[141.413491,44.513315],[-81.078745,44.509298],[56.429019,44.505281],[-166.063217,44.501264],[-28.555453,44.497248],[108.952311,44.493231],[-113.539925,44.489215],[23.967839,44.4852],[161.475604,44.481184],[-61.016632,44.477169],[76.491132,44.473155],[-146.001104,44.46914],[-8.49334,44.465126],[129.014424,44.461112],[-93.477812,44.457098],[44.029952,44.453085],[-178.462284,44.449071],[-40.95452,44.445059],[96.553244,44.441046],[-125.938992,44.437034],[11.568772,44.433022],[149.076536,44.42901],[-73.4157,44.424998],[64.092064,44.420987],[-158.400172,44.416976],[-20.892408,44.412965],[116.615356,44.408955],[-105.87688,44.404945],[31.630885,44.400935],[169.138649,44.396925],[-53.353587,44.392916],[84.154177,44.388907],[-138.338059,44.384898],[-0.830295,44.38089],[136.677469,44.376882],[-85.814767,44.372874],[51.692997,44.368866],[-170.799239,44.364859],[-33.291475,44.360852],[104.216289,44.356845],[-118.275947,44.352838],[19.231817,44.348832],[156.739581,44.344826],[-65.752655,44.34082],[71.755109,44.336815],[-150.737127,44.332809],[-13.229363,44.328805],[124.278401,44.3248],[-98.213834,44.320795],[39.29393,44.316791],[176.801694,44.312788],[-45.690542,44.308784],[91.817222,44.304781],[-130.675014,44.300778],[6.83275,44.296775],[144.340514,44.292773],[-78.151722,44.28877],[59.356042,44.284768],[-163.136194,44.280767],[-25.62843,44.276765],[111.879334,44.272764],[-110.612902,44.268763],[26.894862,44.264763],[164.402626,44.260763],[-58.08961,44.256763],[79.418154,44.252763],[-143.074082,44.248763],[-5.566318,44.244764],[131.941447,44.240765],[-90.550789,44.236767],[46.956975,44.232768],[-175.535261,44.22877],[-38.027497,44.224772],[99.480267,44.220775],[-123.011969,44.216777],[14.495795,44.21278],[152.003559,44.208784],[-70.488677,44.204787],[67.019087,44.200791],[-155.473149,44.196795],[-17.965385,44.192799],[119.542379,44.188804],[-102.949857,44.184809],[34.557907,44.180814],[172.065671,44.176819],[-50.426565,44.172825],[87.081199,44.168831],[-135.411037,44.164837],[2.096728,44.160844],[139.604492,44.156851],[-82.887744,44.152858],[54.62002,44.148865],[-167.872216,44.144872],[-30.364452,44.14088],[107.143312,44.136888],[-115.348924,44.132897],[22.15884,44.128906],[159.666604,44.124914],[-62.825632,44.120924],[74.682132,44.116933],[-147.810104,44.112943],[-10.30234,44.108953],[127.205424,44.104963],[-95.286812,44.100974],[42.220952,44.096984],[179.728716,44.092996],[-42.76352,44.089007],[94.744244,44.085019],[-127.747991,44.08103],[9.759773,44.077043],[147.267537,44.073055],[-75.224699,44.069068],[62.283065,44.065081],[-160.209171,44.061094],[-22.701407,44.057107],[114.806357,44.053121],[-107.685879,44.049135],[29.821885,44.04515],[167.329649,44.041164],[-55.162587,44.037179],[82.345177,44.033194],[-140.147059,44.029209],[-2.639295,44.025225],[134.868469,44.021241],[-87.623767,44.017257],[49.883997,44.013274],[-172.608239,44.00929],[-35.100475,44.005307],[102.40729,44.001325],[-120.084946,43.997342],[17.422818,43.99336],[154.930582,43.989378],[-67.561654,43.985396],[69.94611,43.981415],[-152.546126,43.977434],[-15.038362,43.973453],[122.469402,43.969472],[-100.022834,43.965492],[37.48493,43.961512],[174.992694,43.957532],[-47.499542,43.953552],[90.008222,43.949573],[-132.484014,43.945594],[5.02375,43.941615],[142.531514,43.937637],[-79.960722,43.933659],[57.547042,43.929681],[-164.945194,43.925703],[-27.437429,43.921726],[110.070335,43.917749],[-112.421901,43.913772],[25.085863,43.909795],[162.593627,43.905819],[-59.898609,43.901843],[77.609155,43.897867],[-144.883081,43.893891],[-7.375317,43.889916],[130.132447,43.885941],[-92.359789,43.881966],[45.147975,43.877992],[-177.344261,43.874017],[-39.836497,43.870043],[97.671267,43.86607],[-124.820969,43.862096],[12.686795,43.858123],[150.194559,43.85415],[-72.297677,43.850178],[65.210087,43.846205],[-157.282148,43.842233],[-19.774384,43.838261],[117.73338,43.83429],[-104.758856,43.830318],[32.748908,43.826347],[170.256672,43.822377],[-52.235564,43.818406],[85.2722,43.814436],[-137.220036,43.810466],[0.287728,43.806496],[137.795492,43.802527],[-84.696744,43.798557],[52.81102,43.794588],[-169.681216,43.79062],[-32.173452,43.786651],[105.334312,43.782683],[-117.157924,43.778715],[20.34984,43.774748],[157.857604,43.77078],[-64.634632,43.766813],[72.873133,43.762846],[-149.619103,43.75888],[-12.111339,43.754913],[125.396425,43.750947],[-97.095811,43.746982],[40.411953,43.743016],[177.919717,43.739051],[-44.572519,43.735086],[92.935245,43.731121],[-129.556991,43.727157],[7.950773,43.723192],[145.458537,43.719228],[-77.033699,43.715265],[60.474065,43.711301],[-162.018171,43.707338],[-24.510407,43.703375],[112.997357,43.699413],[-109.494879,43.69545],[28.012885,43.691488],[165.520649,43.687526],[-56.971586,43.683565],[80.536178,43.679603],[-141.956058,43.675642],[-4.448294,43.671682],[133.05947,43.667721],[-89.432766,43.663761],[48.074998,43.659801],[-174.417238,43.655841],[-36.909474,43.651881],[100.59829,43.647922],[-121.893946,43.643963],[15.613818,43.640005],[153.121582,43.636046],[-69.370654,43.632088],[68.13711,43.62813],[-154.355126,43.624172],[-16.847362,43.620215],[120.660402,43.616258],[-101.831834,43.612301],[35.67593,43.608344],[173.183695,43.604388],[-49.308541,43.600432],[88.199223,43.596476],[-134.293013,43.59252],[3.214751,43.588565],[140.722515,43.58461],[-81.769721,43.580655],[55.738043,43.5767],[-166.754193,43.572746],[-29.246429,43.568792],[108.261335,43.564838],[-114.230901,43.560885],[23.276863,43.556932],[160.784627,43.552979],[-61.707609,43.549026],[75.800155,43.545073],[-146.692081,43.541121],[-9.184317,43.537169],[128.323447,43.533218],[-94.168789,43.529266],[43.338976,43.525315],[-179.15326,43.521364],[-41.645496,43.517413],[95.862268,43.513463],[-126.629968,43.509513],[10.877796,43.505563],[148.38556,43.501613],[-74.106676,43.497664],[63.401088,43.493715],[-159.091148,43.489766],[-21.583384,43.485817],[115.92438,43.481869],[-106.567856,43.477921],[30.939908,43.473973],[168.447672,43.470026],[-54.044564,43.466078],[83.4632,43.462131],[-139.029036,43.458184],[-1.521272,43.454238],[135.986492,43.450292],[-86.505743,43.446346],[51.002021,43.4424],[-171.490215,43.438454],[-33.982451,43.434509],[103.525313,43.430564],[-118.966923,43.426619],[18.540841,43.422675],[156.048605,43.418731],[-66.443631,43.414787],[71.064133,43.410843],[-151.428103,43.4069],[-13.920339,43.402956],[123.587425,43.399013],[-98.904811,43.395071],[38.602953,43.391128],[176.110717,43.387186],[-46.381519,43.383244],[91.126245,43.379303],[-131.365991,43.375361],[6.141773,43.37142],[143.649538,43.367479],[-78.842698,43.363539],[58.665066,43.359598],[-163.82717,43.355658],[-26.319406,43.351718],[111.188358,43.347779],[-111.303878,43.343839],[26.203886,43.3399],[163.71165,43.335961],[-58.780586,43.332023],[78.727178,43.328084],[-143.765058,43.324146],[-6.257294,43.320209],[131.25047,43.316271],[-91.241766,43.312334],[46.265998,43.308397],[-176.226238,43.30446],[-38.718474,43.300523],[98.78929,43.296587],[-123.702946,43.292651],[13.804819,43.288715],[151.312583,43.28478],[-71.179653,43.280844],[66.328111,43.276909],[-156.164125,43.272975],[-18.656361,43.26904],[118.851403,43.265106],[-103.640833,43.261172],[33.866931,43.257238],[171.374695,43.253305],[-51.117541,43.249371],[86.390223,43.245438],[-136.102013,43.241506],[1.405751,43.237573],[138.913515,43.233641],[-83.578721,43.229709],[53.929043,43.225777],[-168.563193,43.221846],[-31.055429,43.217915],[106.452335,43.213984],[-116.0399,43.210053],[21.467864,43.206123],[158.975628,43.202192],[-63.516608,43.198263],[73.991156,43.194333],[-148.50108,43.190403],[-10.993316,43.186474],[126.514448,43.182545],[-95.977788,43.178617],[41.529976,43.174688],[179.03774,43.17076],[-43.454496,43.166832],[94.053268,43.162904],[-128.438968,43.158977],[9.068796,43.15505],[146.57656,43.151123],[-75.915676,43.147196],[61.592088,43.14327],[-160.900148,43.139344],[-23.392384,43.135418],[114.115381,43.131492],[-108.376855,43.127567],[29.130909,43.123642],[166.638673,43.119717],[-55.853563,43.115792],[81.654201,43.111868],[-140.838035,43.107944],[-3.330271,43.10402],[134.177493,43.100096],[-88.314743,43.096173],[49.193021,43.09225],[-173.299215,43.088327],[-35.791451,43.084404],[101.716313,43.080482],[-120.775923,43.07656],[16.731841,43.072638],[154.239605,43.068716],[-68.252631,43.064795],[69.255133,43.060874],[-153.237103,43.056953],[-15.729338,43.053032],[121.778426,43.049112],[-100.71381,43.045192],[36.793954,43.041272],[174.301718,43.037352],[-48.190518,43.033433],[89.317246,43.029514],[-133.17499,43.025595],[4.332774,43.021676],[141.840538,43.017758],[-80.651698,43.01384],[56.856066,43.009922],[-165.63617,43.006004],[-28.128406,43.002087],[109.379358,42.99817],[-113.112878,42.994253],[24.394886,42.990336],[161.90265,42.98642],[-60.589586,42.982504],[76.918178,42.978588],[-145.574057,42.974673],[-8.066293,42.970757],[129.441471,42.966842],[-93.050765,42.962927],[44.456999,42.959013],[-178.035237,42.955098],[-40.527473,42.951184],[96.980291,42.94727],[-125.511945,42.943357],[11.995819,42.939443],[149.503583,42.93553],[-72.988653,42.931617],[64.519111,42.927705],[-157.973125,42.923792],[-20.465361,42.91988],[117.042403,42.915968],[-105.449833,42.912057],[32.057931,42.908145],[169.565695,42.904234],[-52.926541,42.900323],[84.581224,42.896412],[-137.911012,42.892502],[-0.403248,42.888592],[137.104516,42.884682],[-85.38772,42.880772],[52.120044,42.876863],[-170.372192,42.872954],[-32.864428,42.869045],[104.643336,42.865136],[-117.8489,42.861228],[19.658864,42.85732],[157.166628,42.853412],[-65.325608,42.849504],[72.182156,42.845597],[-150.31008,42.841689],[-12.802316,42.837783],[124.705448,42.833876],[-97.786788,42.829969],[39.720976,42.826063],[177.22874,42.822157],[-45.263495,42.818252],[92.244269,42.814346],[-130.247967,42.810441],[7.259797,42.806536],[144.767561,42.802631],[-77.724675,42.798727],[59.783089,42.794823],[-162.709147,42.790919],[-25.201383,42.787015],[112.306381,42.783111],[-110.185855,42.779208],[27.321909,42.775305],[164.829673,42.771402],[-57.662563,42.7675],[79.845201,42.763598],[-142.647035,42.759696],[-5.139271,42.755794],[132.368493,42.751892],[-90.123743,42.747991],[47.384021,42.74409],[-175.108214,42.740189],[-37.60045,42.736289],[99.907314,42.732389],[-122.584922,42.728489],[14.922842,42.724589],[152.430606,42.720689],[-70.06163,42.71679],[67.446134,42.712891],[-155.046102,42.708992],[-17.538338,42.705094],[119.969426,42.701195],[-102.52281,42.697297],[34.984954,42.693399],[172.492718,42.689502],[-49.999518,42.685604],[87.508246,42.681707],[-134.98399,42.67781],[2.523774,42.673914],[140.031538,42.670017],[-82.460698,42.666121],[55.047067,42.662225],[-167.445169,42.65833],[-29.937405,42.654434],[107.570359,42.650539],[-114.921877,42.646644],[22.585887,42.64275],[160.093651,42.638855],[-62.398585,42.634961],[75.109179,42.631067],[-147.383057,42.627173],[-9.875293,42.62328],[127.632471,42.619387],[-94.859765,42.615494],[42.647999,42.611601],[-179.844237,42.607709],[-42.336473,42.603817],[95.171291,42.599925],[-127.320945,42.596033],[10.186819,42.592141],[147.694583,42.58825],[-74.797652,42.584359],[62.710112,42.580468],[-159.782124,42.576578],[-22.27436,42.572687],[115.233404,42.568797],[-107.258832,42.564908],[30.248932,42.561018],[167.756696,42.557129],[-54.73554,42.55324],[82.772224,42.549351],[-139.720012,42.545462],[-2.212248,42.541574],[135.295516,42.537686],[-87.19672,42.533798],[50.311044,42.52991],[-172.181192,42.526023],[-34.673428,42.522136],[102.834336,42.518249],[-119.6579,42.514362],[17.849864,42.510476],[155.357629,42.50659],[-67.134607,42.502704],[70.373157,42.498818],[-152.119079,42.494933],[-14.611315,42.491048],[122.896449,42.487163],[-99.595787,42.483278],[37.911977,42.479393],[175.419741,42.475509],[-47.072495,42.471625],[90.435269,42.467741],[-132.056967,42.463858],[5.450797,42.459975],[142.958561,42.456092],[-79.533675,42.452209],[57.974089,42.448326],[-164.518147,42.444444],[-27.010383,42.440562],[110.497381,42.43668],[-111.994855,42.432799],[25.51291,42.428917],[163.020674,42.425036],[-59.471562,42.421155],[78.036202,42.417275],[-144.456034,42.413394],[-6.94827,42.409514],[130.559494,42.405634],[-91.932742,42.401754],[45.575022,42.397875],[-176.917214,42.393996],[-39.40945,42.390117],[98.098314,42.386238],[-124.393922,42.38236],[13.113842,42.378482],[150.621606,42.374604],[-71.87063,42.370726],[65.637134,42.366848],[-156.855102,42.362971],[-19.347338,42.359094],[118.160426,42.355217],[-104.331809,42.351341],[33.175955,42.347464],[170.683719,42.343588],[-51.808517,42.339712],[85.699247,42.335837],[-136.792989,42.331962],[0.714775,42.328086],[138.222539,42.324212],[-84.269697,42.320337],[53.238067,42.316462],[-169.254169,42.312588],[-31.746405,42.308714],[105.761359,42.304841],[-116.730877,42.300967],[20.776887,42.297094],[158.284651,42.293221],[-64.207585,42.289348],[73.300179,42.285476],[-149.192057,42.281604],[-11.684293,42.277732],[125.823472,42.27386],[-96.668764,42.269988],[40.839,42.266117],[178.346764,42.262246],[-44.145472,42.258375],[93.362292,42.254504],[-129.129944,42.250634],[8.37782,42.246764],[145.885584,42.242894],[-76.606652,42.239025],[60.901112,42.235155],[-161.591124,42.231286],[-24.08336,42.227417],[113.424404,42.223548],[-109.067832,42.21968],[28.439932,42.215812],[165.947696,42.211944],[-56.54454,42.208076],[80.963224,42.204208],[-141.529012,42.200341],[-4.021247,42.196474],[133.486517,42.192607],[-89.005719,42.188741],[48.502045,42.184874],[-173.990191,42.181008],[-36.482427,42.177142],[101.025337,42.173277],[-121.466899,42.169411],[16.040865,42.165546],[153.548629,42.161681],[-68.943607,42.157817],[68.564157,42.153952],[-153.928079,42.150088],[-16.420315,42.146224],[121.087449,42.14236],[-101.404787,42.138497],[36.102977,42.134634],[173.610741,42.130771],[-48.881495,42.126908],[88.626269,42.123045],[-133.865966,42.119183],[3.641798,42.115321],[141.149562,42.111459],[-81.342674,42.107597],[56.16509,42.103736],[-166.327146,42.099875],[-28.819382,42.096014],[108.688382,42.092153],[-113.803854,42.088293],[23.70391,42.084433],[161.211674,42.080573],[-61.280562,42.076713],[76.227202,42.072854],[-146.265034,42.068994],[-8.75727,42.065135],[128.750494,42.061277],[-93.741742,42.057418],[43.766022,42.05356],[-178.726214,42.049702],[-41.21845,42.045844],[96.289315,42.041986],[-126.202921,42.038129],[11.304843,42.034272],[148.812607,42.030415],[-73.679629,42.026558],[63.828135,42.022702],[-158.664101,42.018845],[-21.156337,42.014989],[116.351427,42.011134],[-106.140809,42.007278],[31.366955,42.003423],[168.874719,41.999568],[-53.617517,41.995713],[83.890247,41.991858],[-138.601989,41.988004],[-1.094225,41.98415],[136.413539,41.980296],[-86.078697,41.976442],[51.429067,41.972589],[-171.063168,41.968736],[-33.555404,41.964883],[103.95236,41.96103],[-118.539876,41.957178],[18.967888,41.953325],[156.475652,41.949473],[-66.016584,41.945622],[71.49118,41.94177],[-151.001056,41.937919],[-13.493292,41.934068],[124.014472,41.930217],[-98.477764,41.926366],[39.03,41.922516],[176.537764,41.918666],[-45.954472,41.914816],[91.553292,41.910966],[-130.938944,41.907117],[6.56882,41.903267],[144.076584,41.899418],[-78.415652,41.89557],[59.092113,41.891721],[-163.400123,41.887873],[-25.892359,41.884025],[111.615405,41.880177],[-110.876831,41.876329],[26.630933,41.872482],[164.138697,41.868635],[-58.353539,41.864788],[79.154225,41.860941],[-143.338011,41.857095],[-5.830247,41.853249],[131.677517,41.849403],[-90.814719,41.845557],[46.693045,41.841711],[-175.799191,41.837866],[-38.291427,41.834021],[99.216337,41.830176],[-123.275899,41.826332],[14.231865,41.822487],[151.739629,41.818643],[-70.752606,41.814799],[66.755158,41.810955],[-155.737078,41.807112],[-18.229314,41.803269],[119.27845,41.799426],[-103.213786,41.795583],[34.293978,41.791741],[171.801742,41.787898],[-50.690494,41.784056],[86.81727,41.780214],[-135.674966,41.776373],[1.832798,41.772531],[139.340562,41.76869],[-83.151674,41.764849],[54.35609,41.761009],[-168.136146,41.757168],[-30.628382,41.753328],[106.879382,41.749488],[-115.612854,41.745648],[21.89491,41.741809],[159.402675,41.737969],[-63.089561,41.73413],[74.418203,41.730292],[-148.074033,41.726453],[-10.566269,41.722615],[126.941495,41.718776],[-95.550741,41.714938],[41.957023,41.711101],[179.464787,41.707263],[-43.027449,41.703426],[94.480315,41.699589],[-128.011921,41.695752],[9.495843,41.691916],[147.003607,41.688079],[-75.488629,41.684243],[62.019135,41.680407],[-160.473101,41.676572],[-22.965337,41.672736],[114.542427,41.668901],[-107.949809,41.665066],[29.557956,41.661232],[167.06572,41.657397],[-55.426516,41.653563],[82.081248,41.649729],[-140.410988,41.645895],[-2.903224,41.642061],[134.60454,41.638228],[-87.887696,41.634395],[49.620068,41.630562],[-172.872168,41.626729],[-35.364404,41.622897],[102.14336,41.619065],[-120.348876,41.615233],[17.158888,41.611401],[154.666652,41.607569],[-67.825584,41.603738],[69.68218,41.599907],[-152.810056,41.596076],[-15.302292,41.592246],[122.205472,41.588415],[-100.286763,41.584585],[37.221001,41.580755],[174.728765,41.576925],[-47.763471,41.573096],[89.744293,41.569267],[-132.747943,41.565438],[4.759821,41.561609],[142.267585,41.55778],[-80.224651,41.553952],[57.283113,41.550124],[-165.209123,41.546296],[-27.701359,41.542468],[109.806405,41.538641],[-112.685831,41.534814],[24.821933,41.530987],[162.329697,41.52716],[-60.162539,41.523333],[77.345225,41.519507],[-145.147011,41.515681],[-7.639247,41.511855],[129.868518,41.508029],[-92.623718,41.504204],[44.884046,41.500379],[-177.60819,41.496554],[-40.100426,41.492729],[97.407338,41.488905],[-125.084898,41.48508],[12.422866,41.481256],[149.93063,41.477432],[-72.561606,41.473609],[64.946158,41.469786],[-157.546078,41.465962],[-20.038314,41.462139],[117.46945,41.458317],[-105.022786,41.454494],[32.484978,41.450672],[169.992742,41.44685],[-52.499494,41.443028],[85.00827,41.439207],[-137.483966,41.435385],[0.023799,41.431564],[137.531563,41.427743],[-84.960673,41.423923],[52.547091,41.420102],[-169.945145,41.416282],[-32.437381,41.412462],[105.070383,41.408642],[-117.421853,41.404823],[20.085911,41.401003],[157.593675,41.397184],[-64.898561,41.393365],[72.609203,41.389547],[-149.883033,41.385728],[-12.375269,41.38191],[125.132495,41.378092],[-97.359741,41.374274],[40.148023,41.370457],[177.655787,41.366639],[-44.836449,41.362822],[92.671315,41.359006],[-129.82092,41.355189],[7.686844,41.351372],[145.194608,41.347556],[-77.297628,41.34374],[60.210136,41.339925],[-162.2821,41.336109],[-24.774336,41.332294],[112.733428,41.328479],[-109.758808,41.324664],[27.748956,41.320849],[165.25672,41.317035],[-57.235516,41.313221],[80.272248,41.309407],[-142.219988,41.305593],[-4.712224,41.301779],[132.79554,41.297966],[-89.696696,41.294153],[47.811068,41.29034],[-174.681168,41.286528],[-37.173404,41.282715],[100.334361,41.278903],[-122.157875,41.275091],[15.349889,41.271279],[152.857653,41.267468],[-69.634583,41.263657],[67.873181,41.259846],[-154.619055,41.256035],[-17.111291,41.252224],[120.396473,41.248414],[-102.095763,41.244604],[35.412001,41.240794],[172.919765,41.236984],[-49.572471,41.233174],[87.935293,41.229365],[-134.556943,41.225556],[2.950821,41.221747],[140.458585,41.217939],[-82.033651,41.21413],[55.474113,41.210322],[-167.018123,41.206514],[-29.510358,41.202706],[107.997406,41.198899],[-114.49483,41.195092],[23.012934,41.191285],[160.520698,41.187478],[-61.971538,41.183671],[75.536226,41.179865],[-146.95601,41.176058],[-9.448246,41.172253],[128.059518,41.168447],[-94.432718,41.164641],[43.075046,41.160836],[-179.41719,41.157031],[-41.909426,41.153226],[95.598338,41.149421],[-126.893898,41.145617],[10.613866,41.141813],[148.12163,41.138009],[-74.370606,41.134205],[63.137158,41.130402],[-159.355077,41.126598],[-21.847313,41.122795],[115.660451,41.118992],[-106.831785,41.11519],[30.675979,41.111387],[168.183743,41.107585],[-54.308493,41.103783],[83.199271,41.099981],[-139.292965,41.09618],[-1.785201,41.092378],[135.722563,41.088577],[-86.769673,41.084776],[50.738091,41.080976],[-171.754145,41.077175],[-34.246381,41.073375],[103.261383,41.069575],[-119.230853,41.065775],[18.276911,41.061976],[155.784675,41.058176],[-66.707561,41.054377],[70.800204,41.050578],[-151.692032,41.04678],[-14.184268,41.042981],[123.323496,41.039183],[-99.16874,41.035385],[38.339024,41.031587],[175.846788,41.02779],[-46.645448,41.023992],[90.862316,41.020195],[-131.62992,41.016398],[5.877844,41.012601],[143.385608,41.008805],[-79.106628,41.005009],[58.401136,41.001212],[-164.0911,40.997417],[-26.583336,40.993621],[110.924428,40.989826],[-111.567808,40.98603],[25.939956,40.982235],[163.44772,40.978441],[-59.044515,40.974646],[78.463249,40.970852],[-144.028987,40.967058],[-6.521223,40.963264],[130.986541,40.95947],[-91.505695,40.955677],[46.002069,40.951884],[-176.490167,40.948091],[-38.982403,40.944298],[98.525361,40.940505],[-123.966875,40.936713],[13.540889,40.932921],[151.048653,40.929129],[-71.443583,40.925337],[66.064181,40.921546],[-156.428055,40.917754],[-18.920291,40.913963],[118.587473,40.910172],[-103.904763,40.906382],[33.603001,40.902591],[171.110766,40.898801],[-51.38147,40.895011],[86.126294,40.891222],[-136.365942,40.887432],[1.141822,40.883643],[138.649586,40.879854],[-83.84265,40.876065],[53.665114,40.872276],[-168.827122,40.868488],[-31.319358,40.864699],[106.188406,40.860911],[-116.30383,40.857124],[21.203934,40.853336],[158.711698,40.849549],[-63.780538,40.845762],[73.727226,40.841975],[-148.76501,40.838188],[-11.257246,40.834401],[126.250518,40.830615],[-96.241718,40.826829],[41.266047,40.823043],[178.773811,40.819258],[-43.718425,40.815472],[93.789339,40.811687],[-128.702897,40.807902],[8.804867,40.804117],[146.312631,40.800333],[-76.179605,40.796548],[61.328159,40.792764],[-161.164077,40.78898],[-23.656313,40.785197],[113.851451,40.781413],[-108.640785,40.77763],[28.866979,40.773847],[166.374743,40.770064],[-56.117493,40.766281],[81.390271,40.762499],[-141.101965,40.758717],[-3.594201,40.754935],[133.913563,40.751153],[-88.578672,40.747372],[48.929092,40.74359],[-173.563144,40.739809],[-36.05538,40.736028],[101.452384,40.732248],[-121.039852,40.728467],[16.467912,40.724687],[153.975676,40.720907],[-68.51656,40.717127],[68.991204,40.713348],[-153.501032,40.709568],[-15.993268,40.705789],[121.514496,40.70201],[-100.97774,40.698231],[36.530024,40.694453],[174.037788,40.690674],[-48.454448,40.686896],[89.053316,40.683118],[-133.43892,40.679341],[4.068844,40.675563],[141.576609,40.671786],[-80.915627,40.668009],[56.592137,40.664232],[-165.900099,40.660456],[-28.392335,40.656679],[109.115429,40.652903],[-113.376807,40.649127],[24.130957,40.645351],[161.638721,40.641576],[-60.853515,40.637801],[76.654249,40.634025],[-145.837987,40.630251],[-8.330223,40.626476],[129.177541,40.622701],[-93.314695,40.618927],[44.193069,40.615153],[-178.299167,40.611379],[-40.791403,40.607606],[96.716361,40.603832],[-125.775875,40.600059],[11.73189,40.596286],[149.239654,40.592513],[-73.252582,40.588741],[64.255182,40.584968],[-158.237054,40.581196],[-20.72929,40.577424],[116.778474,40.573653],[-105.713762,40.569881],[31.794002,40.56611],[169.301766,40.562339],[-53.19047,40.558568],[84.317294,40.554797],[-138.174942,40.551027],[-0.667178,40.547257],[136.840586,40.543487],[-85.65165,40.539717],[51.856114,40.535947],[-170.636122,40.532178],[-33.128358,40.528409],[104.379406,40.52464],[-118.112829,40.520871],[19.394935,40.517103],[156.902699,40.513334],[-65.589537,40.509566],[71.918227,40.505798],[-150.574009,40.502031],[-13.066245,40.498263],[124.441519,40.494496],[-98.050717,40.490729],[39.457047,40.486962],[176.964811,40.483196],[-45.527425,40.479429],[91.980339,40.475663],[-130.511897,40.471897],[6.995867,40.468131],[144.503631,40.464366],[-77.988605,40.4606],[59.519159,40.456835],[-162.973077,40.45307],[-25.465313,40.449306],[112.042452,40.445541],[-110.449784,40.441777],[27.05798,40.438013],[164.565744,40.434249],[-57.926492,40.430485],[79.581272,40.426722],[-142.910964,40.422959],[-5.4032,40.419196],[132.104564,40.415433],[-90.387672,40.41167],[47.120092,40.407908],[-175.372144,40.404146],[-37.86438,40.400384],[99.643384,40.396622],[-122.848852,40.39286],[14.658912,40.389099],[152.166676,40.385338],[-70.32556,40.381577],[67.182204,40.377816],[-155.310032,40.374056],[-17.802267,40.370295],[119.705497,40.366535],[-102.786739,40.362775],[34.721025,40.359016],[172.228789,40.355256],[-50.263447,40.351497],[87.244317,40.347738],[-135.247919,40.343979],[2.259845,40.340221],[139.767609,40.336462],[-82.724627,40.332704],[54.783137,40.328946],[-167.709099,40.325188],[-30.201335,40.321431],[107.306429,40.317673],[-115.185807,40.313916],[22.321957,40.310159],[159.829721,40.306403],[-62.662515,40.302646],[74.845249,40.29889],[-147.646986,40.295134],[-10.139222,40.291378],[127.368542,40.287622],[-95.123694,40.283867],[42.38407,40.280111],[179.891834,40.276356],[-42.600402,40.272601],[94.907362,40.268847],[-127.584874,40.265092],[9.92289,40.261338],[147.430654,40.257584],[-75.061582,40.25383],[62.446182,40.250077],[-160.046054,40.246323],[-22.53829,40.24257],[114.969474,40.238817],[-107.522762,40.235064],[29.985002,40.231312],[167.492766,40.227559],[-54.99947,40.223807],[82.508295,40.220055],[-139.983941,40.216304],[-2.476177,40.212552],[135.031587,40.208801],[-87.460649,40.20505],[50.047115,40.201299],[-172.445121,40.197548],[-34.937357,40.193798],[102.570407,40.190047],[-119.921829,40.186297],[17.585935,40.182547],[155.093699,40.178798],[-67.398537,40.175048],[70.109227,40.171299],[-152.383009,40.16755],[-14.875245,40.163801],[122.632519,40.160052],[-99.859717,40.156304],[37.648047,40.152556],[175.155811,40.148808],[-47.336424,40.14506],[90.17134,40.141312],[-132.320896,40.137565],[5.186868,40.133818],[142.694632,40.130071],[-79.797604,40.126324],[57.71016,40.122578],[-164.782076,40.118831],[-27.274312,40.115085],[110.233452,40.111339],[-112.258784,40.107593],[25.24898,40.103848],[162.756744,40.100103],[-59.735492,40.096358],[77.772272,40.092613],[-144.719964,40.088868],[-7.2122,40.085123],[130.295564,40.081379],[-92.196672,40.077635],[45.311092,40.073891],[-177.181143,40.070148],[-39.673379,40.066404],[97.834385,40.062661],[-124.657851,40.058918],[12.849913,40.055175],[150.357677,40.051432],[-72.134559,40.04769],[65.373205,40.043948],[-157.119031,40.040206],[-19.611267,40.036464],[117.896497,40.032722],[-104.595739,40.028981],[32.912025,40.02524],[170.419789,40.021499],[-52.072447,40.017758],[85.435317,40.014017],[-137.056919,40.010277],[0.450845,40.006537],[137.958609,40.002797],[-84.533627,39.999057],[52.974138,39.995317],[-169.518098,39.991578],[-32.010334,39.987839],[105.49743,39.9841],[-116.994806,39.980361],[20.512958,39.976623],[158.020722,39.972884],[-64.471514,39.969146],[73.03625,39.965408],[-149.455986,39.96167],[-11.948222,39.957933],[125.559542,39.954196],[-96.932694,39.950459],[40.57507,39.946722],[178.082834,39.942985],[-44.409402,39.939248],[93.098362,39.935512],[-129.393874,39.931776],[8.11389,39.92804],[145.621654,39.924304],[-76.870581,39.920569],[60.637183,39.916834],[-161.855053,39.913099],[-24.347289,39.909364],[113.160475,39.905629],[-109.331761,39.901895],[28.176003,39.89816],[165.683767,39.894426],[-56.808469,39.890693],[80.699295,39.886959],[-141.792941,39.883225],[-4.285177,39.879492],[133.222587,39.875759],[-89.269649,39.872026],[48.238115,39.868294],[-174.254121,39.864561],[-36.746357,39.860829],[100.761407,39.857097],[-121.730829,39.853365],[15.776935,39.849634],[153.2847,39.845902],[-69.207536,39.842171],[68.300228,39.83844],[-154.192008,39.834709],[-16.684244,39.830979],[120.82352,39.827248],[-101.668716,39.823518],[35.839048,39.819788],[173.346812,39.816058],[-49.145424,39.812329],[88.36234,39.808599],[-134.129896,39.80487],[3.377868,39.801141],[140.885632,39.797412],[-81.606604,39.793684],[55.90116,39.789955],[-166.591076,39.786227],[-29.083312,39.782499],[108.424452,39.778771],[-114.067784,39.775044],[23.439981,39.771316],[160.947745,39.767589],[-61.544491,39.763862],[75.963273,39.760136],[-146.528963,39.756409],[-9.021199,39.752683],[128.486565,39.748957],[-94.005671,39.745231],[43.502093,39.741505],[-178.990143,39.737779],[-41.482379,39.734054],[96.025385,39.730329],[-126.466851,39.726604],[11.040913,39.722879],[148.548677,39.719155],[-73.943559,39.71543],[63.564205,39.711706],[-158.928031,39.707982],[-21.420267,39.704258],[116.087497,39.700535],[-106.404738,39.696812],[31.103026,39.693088],[168.61079,39.689365],[-53.881446,39.685643],[83.626318,39.68192],[-138.865918,39.678198],[-1.358154,39.674476],[136.14961,39.670754],[-86.342626,39.667032],[51.165138,39.663311],[-171.327098,39.659589],[-33.819334,39.655868],[103.68843,39.652147],[-118.803806,39.648426],[18.703958,39.644706],[156.211722,39.640986],[-66.280514,39.637265],[71.22725,39.633545],[-151.264986,39.629826],[-13.757222,39.626106],[123.750543,39.622387],[-98.741693,39.618668],[38.766071,39.614949],[176.273835,39.61123],[-46.218401,39.607512],[91.289363,39.603793],[-131.202873,39.600075],[6.304891,39.596357],[143.812655,39.592639],[-78.679581,39.588922],[58.828183,39.585205],[-163.664053,39.581487],[-26.156289,39.577771],[111.351475,39.574054],[-111.140761,39.570337],[26.367003,39.566621],[163.874767,39.562905],[-58.617469,39.559189],[78.890295,39.555473],[-143.601941,39.551758],[-6.094176,39.548042],[131.413588,39.544327],[-91.078648,39.540612],[46.429116,39.536897],[-176.06312,39.533183],[-38.555356,39.529469],[98.952408,39.525754],[-123.539828,39.52204],[13.967936,39.518327],[151.4757,39.514613],[-71.016536,39.5109],[66.491228,39.507187],[-156.001008,39.503474],[-18.493244,39.499761],[119.01452,39.496048],[-103.477716,39.492336],[34.030048,39.488624],[171.537812,39.484912],[-50.954424,39.4812],[86.55334,39.477488],[-135.938895,39.473777],[1.568869,39.470066],[139.076633,39.466355],[-83.415603,39.462644],[54.092161,39.458934],[-168.400075,39.455223],[-30.892311,39.451513],[106.615453,39.447803],[-115.876783,39.444093],[21.630981,39.440384],[159.138745,39.436674],[-63.353491,39.432965],[74.154273,39.429256],[-148.337963,39.425547],[-10.830199,39.421839],[126.677565,39.41813],[-95.814671,39.414422],[41.693093,39.410714],[179.200857,39.407006],[-43.291379,39.403299],[94.216386,39.399591],[-128.27585,39.395884],[9.231914,39.392177],[146.739678,39.38847],[-75.752558,39.384764],[61.755206,39.381057],[-160.73703,39.377351],[-23.229266,39.373645],[114.278498,39.369939],[-108.213738,39.366233],[29.294026,39.362528],[166.80179,39.358823],[-55.690446,39.355118],[81.817318,39.351413],[-140.674918,39.347708],[-3.167154,39.344004],[134.34061,39.340299],[-88.151626,39.336595],[49.356138,39.332891],[-173.136098,39.329188],[-35.628333,39.325484],[101.879431,39.321781],[-120.612805,39.318078],[16.894959,39.314375],[154.402723,39.310672],[-68.089513,39.30697],[69.418251,39.303267],[-153.073985,39.299565],[-15.566221,39.295863],[121.941543,39.292162],[-100.550693,39.28846],[36.957071,39.284759],[174.464835,39.281058],[-48.027401,39.277357],[89.480363,39.273656],[-133.011873,39.269955],[4.495891,39.266255],[142.003655,39.262555],[-80.488581,39.258855],[57.019183,39.255155],[-165.473052,39.251455],[-27.965288,39.247756],[109.542476,39.244057],[-112.94976,39.240358],[24.558004,39.236659],[162.065768,39.232961],[-60.426468,39.229262],[77.081296,39.225564],[-145.41094,39.221866],[-7.903176,39.218168],[129.604588,39.21447],[-92.887648,39.210773],[44.620116,39.207076],[-177.87212,39.203379],[-40.364356,39.199682],[97.143408,39.195985],[-125.348828,39.192289],[12.158936,39.188593],[149.6667,39.184896],[-72.825536,39.181201],[64.682229,39.177505],[-157.810007,39.173809],[-20.302243,39.170114],[117.205521,39.166419],[-105.286715,39.162724],[32.221049,39.159029],[169.728813,39.155335],[-52.763423,39.151641],[84.744341,39.147946],[-137.747895,39.144252],[-0.240131,39.140559],[137.267633,39.136865],[-85.224603,39.133172],[52.283161,39.129479],[-170.209075,39.125786],[-32.701311,39.122093],[104.806453,39.1184],[-117.685783,39.114708],[19.821981,39.111016],[157.329745,39.107324],[-65.16249,39.103632],[72.345274,39.09994],[-150.146962,39.096249],[-12.639198,39.092558],[124.868566,39.088867],[-97.62367,39.085176],[39.884094,39.081485],[177.391858,39.077795],[-45.100378,39.074105],[92.407386,39.070414],[-130.08485,39.066725],[7.422914,39.063035],[144.930678,39.059345],[-77.561558,39.055656],[59.946206,39.051967],[-162.54603,39.048278],[-25.038266,39.044589],[112.469498,39.040901],[-110.022738,39.037213],[27.485026,39.033524],[164.992791,39.029836],[-57.499445,39.026149],[80.008319,39.022461],[-142.483917,39.018774],[-4.976153,39.015087],[132.531611,39.0114],[-89.960625,39.007713],[47.547139,39.004026],[-174.945097,39.00034],[-37.437333,38.996654],[100.070431,38.992968],[-122.421805,38.989282],[15.085959,38.985596],[152.593723,38.981911],[-69.898513,38.978225],[67.609251,38.97454],[-154.882985,38.970855],[-17.375221,38.967171],[120.132543,38.963486],[-102.359693,38.959802],[35.148072,38.956118],[172.655836,38.952434],[-49.8364,38.94875],[87.671364,38.945067],[-134.820872,38.941383],[2.686892,38.9377],[140.194656,38.934017],[-82.29758,38.930334],[55.210184,38.926652],[-167.282052,38.92297],[-29.774288,38.919287],[107.733476,38.915605],[-114.75876,38.911924],[22.749004,38.908242],[160.256768,38.90456],[-62.235468,38.900879],[75.272296,38.897198],[-147.21994,38.893517],[-9.712176,38.889837],[127.795588,38.886156],[-94.696647,38.882476],[42.811117,38.878796],[-179.681119,38.875116],[-42.173355,38.871436],[95.334409,38.867757],[-127.157827,38.864077],[10.349937,38.860398],[147.857701,38.856719],[-74.634535,38.85304],[62.873229,38.849362],[-159.619007,38.845684],[-22.111243,38.842005],[115.396521,38.838327],[-107.095715,38.83465],[30.412049,38.830972],[167.919813,38.827294],[-54.572423,38.823617],[82.935341,38.81994],[-139.556895,38.816263],[-2.049131,38.812587],[135.458634,38.80891],[-87.033602,38.805234],[50.474162,38.801558],[-172.018074,38.797882],[-34.51031,38.794206],[102.997454,38.790531],[-119.494782,38.786855],[18.012982,38.78318],[155.520746,38.779505],[-66.97149,38.77583],[70.536274,38.772156],[-151.955962,38.768481],[-14.448198,38.764807],[123.059566,38.761133],[-99.43267,38.757459],[38.075094,38.753786],[175.582858,38.750112],[-46.909378,38.746439],[90.598386,38.742766],[-131.89385,38.739093],[5.613915,38.73542],[143.121679,38.731748],[-79.370557,38.728076],[58.137207,38.724403],[-164.355029,38.720731],[-26.847265,38.71706],[110.660499,38.713388],[-111.831737,38.709717],[25.676027,38.706046],[163.183791,38.702375],[-59.308445,38.698704],[78.199319,38.695033],[-144.292917,38.691363],[-6.785153,38.687692],[130.722611,38.684022],[-91.769625,38.680353],[45.738139,38.676683],[-176.754097,38.673013],[-39.246333,38.669344],[98.261431,38.665675],[-124.230804,38.662006],[13.27696,38.658337],[150.784724,38.654669],[-71.707512,38.651],[65.800252,38.647332],[-156.691984,38.643664],[-19.18422,38.639996],[118.323544,38.636329],[-104.168692,38.632661],[33.339072,38.628994],[170.846836,38.625327],[-51.6454,38.62166],[85.862364,38.617994],[-136.629872,38.614327],[0.877892,38.610661],[138.385656,38.606995],[-84.10658,38.603329],[53.401184,38.599663],[-169.091052,38.595997],[-31.583288,38.592332],[105.924477,38.588667],[-116.567759,38.585002],[20.940005,38.581337],[158.447769,38.577673],[-64.044467,38.574008],[73.463297,38.570344],[-149.028939,38.56668],[-11.521175,38.563016],[125.986589,38.559352],[-96.505647,38.555689],[41.002117,38.552025],[178.509881,38.548362],[-43.982355,38.544699],[93.525409,38.541037],[-128.966827,38.537374],[8.540937,38.533712],[146.048701,38.53005],[-76.443535,38.526388],[61.064229,38.522726],[-161.428007,38.519064],[-23.920242,38.515403],[113.587522,38.511741],[-108.904714,38.50808],[28.60305,38.504419],[166.110814,38.500759],[-56.381422,38.497098],[81.126342,38.493438],[-141.365894,38.489778],[-3.85813,38.486118],[133.649634,38.482458],[-88.842602,38.478798],[48.665162,38.475139],[-173.827074,38.47148],[-36.31931,38.467821],[101.188454,38.464162],[-121.303782,38.460503],[16.203982,38.456845],[153.711746,38.453187],[-68.78049,38.449528],[68.727274,38.445871],[-153.764961,38.442213],[-16.257197,38.438555],[121.250567,38.434898],[-101.241669,38.431241],[36.266095,38.427584],[173.773859,38.423927],[-48.718377,38.42027],[88.789387,38.416614],[-133.702849,38.412958],[3.804915,38.409302],[141.312679,38.405646],[-81.179557,38.40199],[56.328207,38.398335],[-166.164029,38.394679],[-28.656265,38.391024],[108.851499,38.387369],[-113.640737,38.383714],[23.867027,38.38006],[161.374791,38.376405],[-61.117445,38.372751],[76.39032,38.369097],[-146.101916,38.365443],[-8.594152,38.36179],[128.913612,38.358136],[-93.578624,38.354483],[43.92914,38.35083],[-178.563096,38.347177],[-41.055332,38.343524],[96.452432,38.339872],[-126.039804,38.336219],[11.46796,38.332567],[148.975724,38.328915],[-73.516512,38.325263],[63.991252,38.321612],[-158.500984,38.31796],[-20.99322,38.314309],[116.514544,38.310658],[-105.977692,38.307007],[31.530072,38.303356],[169.037836,38.299706],[-53.454399,38.296055],[84.053365,38.292405],[-138.438871,38.288755],[-0.931107,38.285105],[136.576657,38.281456],[-85.915579,38.277806],[51.592185,38.274157],[-170.900051,38.270508],[-33.392287,38.266859],[104.115477,38.26321],[-118.376759,38.259562],[19.131005,38.255914],[156.638769,38.252265],[-65.853467,38.248617],[71.654297,38.24497],[-150.837939,38.241322],[-13.330175,38.237675],[124.177589,38.234027],[-98.314647,38.23038],[39.193117,38.226734],[176.700882,38.223087],[-45.791354,38.21944],[91.71641,38.215794],[-130.775826,38.212148],[6.731938,38.208502],[144.239702,38.204856],[-78.252534,38.201211],[59.25523,38.197565],[-163.237006,38.19392],[-25.729242,38.190275],[111.778522,38.18663],[-110.713714,38.182985],[26.79405,38.179341],[164.301814,38.175697],[-58.190422,38.172053],[79.317342,38.168409],[-143.174894,38.164765],[-5.66713,38.161121],[131.840634,38.157478],[-90.651602,38.153835],[46.856163,38.150192],[-175.636073,38.146549],[-38.128309,38.142906],[99.379455,38.139264],[-123.112781,38.135621],[14.394983,38.131979],[151.902747,38.128337],[-70.589489,38.124695],[66.918275,38.121054],[-155.573961,38.117412],[-18.066197,38.113771],[119.441567,38.11013],[-103.050669,38.106489],[34.457095,38.102849],[171.964859,38.099208],[-50.527377,38.095568],[86.980387,38.091928],[-135.511849,38.088288],[1.995915,38.084648],[139.503679,38.081008],[-82.988556,38.077369],[54.519208,38.07373],[-167.973028,38.070091],[-30.465264,38.066452],[107.0425,38.062813],[-115.449736,38.059175],[22.058028,38.055536],[159.565792,38.051898],[-62.926444,38.04826],[74.58132,38.044623],[-147.910916,38.040985],[-10.403152,38.037348],[127.104612,38.03371],[-95.387624,38.030073],[42.12014,38.026436],[179.627904,38.0228],[-42.864332,38.019163],[94.643432,38.015527],[-127.848804,38.011891],[9.65896,38.008255],[147.166725,38.004619],[-75.325511,38.000983],[62.182253,37.997348],[-160.309983,37.993713],[-22.802219,37.990078],[114.705545,37.986443],[-107.786691,37.982808],[29.721073,37.979174],[167.228837,37.975539],[-55.263399,37.971905],[82.244365,37.968271],[-140.247871,37.964637],[-2.740107,37.961004],[134.767657,37.95737],[-87.724579,37.953737],[49.783185,37.950104],[-172.709051,37.946471],[-35.201287,37.942838],[102.306477,37.939206],[-120.185759,37.935573],[17.322006,37.931941],[154.82977,37.928309],[-67.662466,37.924677],[69.845298,37.921046],[-152.646938,37.917414],[-15.139174,37.913783],[122.36859,37.910152],[-100.123646,37.906521],[37.384118,37.90289],[174.891882,37.899259],[-47.600354,37.895629],[89.90741,37.891999],[-132.584826,37.888369],[4.922938,37.884739],[142.430702,37.881109],[-80.061534,37.87748],[57.44623,37.87385],[-165.046006,37.870221],[-27.538242,37.866592],[109.969522,37.862963],[-112.522713,37.859335],[24.985051,37.855706],[162.492815,37.852078],[-59.999421,37.84845],[77.508343,37.844822],[-144.983893,37.841194],[-7.476129,37.837567],[130.031635,37.83394],[-92.460601,37.830312],[45.047163,37.826685],[-177.445073,37.823059],[-39.937309,37.819432],[97.570455,37.815805],[-124.921781,37.812179],[12.585983,37.808553],[150.093747,37.804927],[-72.398489,37.801301],[65.109275,37.797676],[-157.382961,37.79405],[-19.875197,37.790425],[117.632568,37.7868],[-104.859668,37.783175],[32.648096,37.779551],[170.15586,37.775926],[-52.336376,37.772302],[85.171388,37.768678],[-137.320848,37.765054],[0.186916,37.76143],[137.69468,37.757806],[-84.797556,37.754183],[52.710208,37.750559],[-169.782028,37.746936],[-32.274264,37.743313],[105.2335,37.739691],[-117.258736,37.736068],[20.249028,37.732446],[157.756792,37.728824],[-64.735444,37.725201],[72.77232,37.72158],[-149.719916,37.717958],[-12.212151,37.714336],[125.295613,37.710715],[-97.196623,37.707094],[40.311141,37.703473],[177.818905,37.699852],[-44.673331,37.696232],[92.834433,37.692611],[-129.657803,37.688991],[7.849961,37.685371],[145.357725,37.681751],[-77.134511,37.678131],[60.373253,37.674512],[-162.118983,37.670892],[-24.611219,37.667273],[112.896545,37.663654],[-109.595691,37.660035],[27.912073,37.656417],[165.419837,37.652798],[-57.072399,37.64918],[80.435365,37.645562],[-142.05687,37.641944],[-4.549106,37.638326],[132.958658,37.634708],[-89.533578,37.631091],[47.974186,37.627474],[-174.51805,37.623856],[-37.010286,37.62024],[100.497478,37.616623],[-121.994758,37.613006],[15.513006,37.60939],[153.02077,37.605774],[-69.471466,37.602158],[68.036298,37.598542],[-154.455938,37.594926],[-16.948174,37.591311],[120.55959,37.587695],[-101.932646,37.58408],[35.575118,37.580465],[173.082882,37.57685],[-49.409354,37.573236],[88.098411,37.569621],[-134.393825,37.566007],[3.113939,37.562393],[140.621703,37.558779],[-81.870533,37.555165],[55.637231,37.551552],[-166.855005,37.547938],[-29.347241,37.544325],[108.160523,37.540712],[-114.331713,37.537099],[23.176051,37.533486],[160.683815,37.529874],[-61.808421,37.526262],[75.699343,37.522649],[-146.792893,37.519037],[-9.285129,37.515426],[128.222635,37.511814],[-94.269601,37.508203],[43.238163,37.504591],[-179.254073,37.50098],[-41.746308,37.497369],[95.761456,37.493758],[-126.73078,37.490148],[10.776984,37.486537],[148.284748,37.482927],[-74.207488,37.479317],[63.300276,37.475707],[-159.19196,37.472097],[-21.684196,37.468488],[115.823568,37.464878],[-106.668668,37.461269],[30.839096,37.45766],[168.34686,37.454051],[-54.145376,37.450443],[83.362388,37.446834],[-139.129848,37.443226],[-1.622084,37.439618],[135.88568,37.43601],[-86.606556,37.432402],[50.901208,37.428794],[-171.591027,37.425187],[-34.083263,37.42158],[103.424501,37.417972],[-119.067735,37.414365],[18.440029,37.410759],[155.947793,37.407152],[-66.544443,37.403546],[70.963321,37.399939],[-151.528915,37.396333],[-14.021151,37.392727],[123.486613,37.389122],[-99.005623,37.385516],[38.502141,37.381911],[176.009905,37.378306],[-46.482331,37.374701],[91.025433,37.371096],[-131.466803,37.367491],[6.040961,37.363887],[143.548725,37.360282],[-78.943511,37.356678],[58.564254,37.353074],[-163.927982,37.34947],[-26.420218,37.345867],[111.087546,37.342263],[-111.40469,37.33866],[26.103074,37.335057],[163.610838,37.331454],[-58.881398,37.327851],[78.626366,37.324248],[-143.86587,37.320646],[-6.358106,37.317044],[131.149658,37.313441],[-91.342578,37.30984],[46.165186,37.306238],[-176.32705,37.302636],[-38.819286,37.299035],[98.688478,37.295434],[-123.803758,37.291833],[13.704006,37.288232],[151.21177,37.284631],[-71.280465,37.28103],[66.227299,37.27743],[-156.264937,37.27383],[-18.757173,37.27023],[118.750591,37.26663],[-103.741645,37.26303],[33.766119,37.259431],[171.273883,37.255831],[-51.218353,37.252232],[86.289411,37.248633],[-136.202825,37.245034],[1.304939,37.241436],[138.812703,37.237837],[-83.679533,37.234239],[53.828231,37.230641],[-168.664005,37.227043],[-31.156241,37.223445],[106.351523,37.219848],[-116.140713,37.21625],[21.367051,37.212653],[158.874816,37.209056],[-63.61742,37.205459],[73.890344,37.201862],[-148.601892,37.198265],[-11.094128,37.194669],[126.413636,37.191073],[-96.0786,37.187477],[41.429164,37.183881],[178.936928,37.180285],[-43.555308,37.176689],[93.952456,37.173094],[-128.53978,37.169499],[8.967984,37.165904],[146.475748,37.162309],[-76.016488,37.158714],[61.491276,37.15512],[-161.00096,37.151525],[-23.493196,37.147931],[114.014568,37.144337],[-108.477668,37.140743],[29.030097,37.13715],[166.537861,37.133556],[-55.954375,37.129963],[81.553389,37.12637],[-140.938847,37.122777],[-3.431083,37.119184],[134.076681,37.115591],[-88.415555,37.111999],[49.092209,37.108406],[-173.400027,37.104814],[-35.892263,37.101222],[101.615501,37.09763],[-120.876735,37.094039],[16.631029,37.090447],[154.138793,37.086856],[-68.353443,37.083265],[69.154321,37.079674],[-153.337915,37.076083],[-15.830151,37.072492],[121.677614,37.068902],[-100.814622,37.065312],[36.693142,37.061722],[174.200906,37.058132],[-48.29133,37.054542],[89.216434,37.050952],[-133.275802,37.047363],[4.231962,37.043774],[141.739726,37.040185],[-80.75251,37.036596],[56.755254,37.033007],[-165.736982,37.029418],[-28.229218,37.02583],[109.278546,37.022242],[-113.21369,37.018654],[24.294074,37.015066],[161.801838,37.011478],[-60.690398,37.00789],[76.817366,37.004303],[-145.67487,37.000716],[-8.167105,36.997129],[129.340659,36.993542],[-93.151577,36.989955],[44.356187,36.986369],[-178.136049,36.982782],[-40.628285,36.979196],[96.879479,36.97561],[-125.612757,36.972024],[11.895007,36.968438],[149.402771,36.964853],[-73.089465,36.961267],[64.418299,36.957682],[-158.073937,36.954097],[-20.566173,36.950512],[116.941591,36.946928],[-105.550645,36.943343],[31.957119,36.939759],[169.464883,36.936175],[-53.027353,36.932591],[84.480411,36.929007],[-138.011824,36.925423],[-0.50406,36.92184],[137.003704,36.918256],[-85.488532,36.914673],[52.019232,36.91109],[-170.473004,36.907507],[-32.96524,36.903925],[104.542524,36.900342],[-117.949712,36.89676],[19.558052,36.893178],[157.065816,36.889596],[-65.42642,36.886014],[72.081344,36.882432],[-150.410892,36.878851],[-12.903128,36.875269],[124.604636,36.871688],[-97.8876,36.868107],[39.620164,36.864526],[177.127928,36.860946],[-45.364308,36.857365],[92.143457,36.853785],[-130.348779,36.850205],[7.158985,36.846625],[144.666749,36.843045],[-77.825487,36.839465],[59.682277,36.835886],[-162.809959,36.832307],[-25.302195,36.828727],[112.205569,36.825148],[-110.286667,36.82157],[27.221097,36.817991],[164.728861,36.814413],[-57.763375,36.810834],[79.744389,36.807256],[-142.747847,36.803678],[-5.240083,36.8001],[132.267681,36.796523],[-90.224555,36.792945],[47.283209,36.789368],[-175.209027,36.785791],[-37.701262,36.782214],[99.806502,36.778637],[-122.685734,36.77506],[14.82203,36.771484],[152.329794,36.767908],[-70.162442,36.764331],[67.345322,36.760755],[-155.146914,36.75718],[-17.63915,36.753604],[119.868614,36.750029],[-102.623622,36.746453],[34.884142,36.742878],[172.391906,36.739303],[-50.10033,36.735728],[87.407434,36.732154],[-135.084802,36.728579],[2.422962,36.725005],[139.930726,36.721431],[-82.56151,36.717857],[54.946254,36.714283],[-167.545981,36.710709],[-30.038217,36.707136],[107.469547,36.703563],[-115.022689,36.699989],[22.485075,36.696417],[159.992839,36.692844],[-62.499397,36.689271],[75.008367,36.685699],[-147.483869,36.682126],[-9.976105,36.678554],[127.531659,36.674982],[-94.960577,36.67141],[42.547187,36.667839],[-179.945049,36.664267],[-42.437285,36.660696],[95.070479,36.657125],[-127.421757,36.653554],[10.086007,36.649983],[147.593771,36.646412],[-74.898465,36.642842],[62.6093,36.639272],[-159.882936,36.635701],[-22.375172,36.632131],[115.132592,36.628562],[-107.359644,36.624992],[30.14812,36.621422],[167.655884,36.617853],[-54.836352,36.614284],[82.671412,36.610715],[-139.820824,36.607146],[-2.31306,36.603577],[135.194704,36.600009],[-87.297532,36.596441],[50.210232,36.592872],[-172.282004,36.589304],[-34.77424,36.585737],[102.733524,36.582169],[-119.758712,36.578601],[17.749052,36.575034],[155.256816,36.571467],[-67.235419,36.5679],[70.272345,36.564333],[-152.219891,36.560766],[-14.712127,36.5572],[122.795637,36.553633],[-99.696599,36.550067],[37.811165,36.546501],[175.318929,36.542935],[-47.173307,36.53937],[90.334457,36.535804],[-132.157779,36.532239],[5.349985,36.528674],[142.857749,36.525108],[-79.634487,36.521544],[57.873277,36.517979],[-164.618959,36.514414],[-27.111195,36.51085],[110.396569,36.507286],[-112.095667,36.503722],[25.412097,36.500158],[162.919862,36.496594],[-59.572374,36.49303],[77.93539,36.489467],[-144.556846,36.485904],[-7.049082,36.482341],[130.458682,36.478778],[-92.033554,36.475215],[45.47421,36.471653],[-177.018026,36.46809],[-39.510262,36.464528],[97.997502,36.460966],[-124.494734,36.457404],[13.01303,36.453842],[150.520794,36.45028],[-71.971442,36.446719],[65.536322,36.443158],[-156.955914,36.439597],[-19.44815,36.436036],[118.059614,36.432475],[-104.432622,36.428914],[33.075143,36.425354],[170.582907,36.421794],[-51.909329,36.418233],[85.598435,36.414673],[-136.893801,36.411114],[0.613963,36.407554],[138.121727,36.403994],[-84.370509,36.400435],[53.137255,36.396876],[-169.354981,36.393317],[-31.847217,36.389758],[105.660547,36.3862],[-116.831689,36.382641],[20.676075,36.379083],[158.183839,36.375525],[-64.308397,36.371967],[73.199367,36.368409],[-149.292869,36.364851],[-11.785105,36.361293],[125.722659,36.357736],[-96.769576,36.354179],[40.738188,36.350622],[178.245952,36.347065],[-44.246284,36.343508],[93.26148,36.339952],[-129.230756,36.336395],[8.277008,36.332839],[145.784772,36.329283],[-76.707464,36.325727],[60.8003,36.322171],[-161.691936,36.318616],[-24.184172,36.31506],[113.323592,36.311505],[-109.168644,36.30795],[28.33912,36.304395],[165.846884,36.30084],[-56.645352,36.297286],[80.862412,36.293731],[-141.629824,36.290177],[-4.12206,36.286623],[133.385705,36.283069],[-89.106531,36.279515],[48.401233,36.275962],[-174.091003,36.272408],[-36.583239,36.268855],[100.924525,36.265302],[-121.567711,36.261749],[15.940053,36.258196],[153.447817,36.254643],[-69.044419,36.251091],[68.463345,36.247538],[-154.028891,36.243986],[-16.521127,36.240434],[120.986637,36.236882],[-101.505599,36.233331],[36.002165,36.229779],[173.509929,36.226228],[-48.982307,36.222677],[88.525457,36.219125],[-133.966779,36.215575],[3.540986,36.212024],[141.04875,36.208473],[-81.443486,36.204923],[56.064278,36.201373],[-166.427958,36.197823],[-28.920194,36.194273],[108.58757,36.190723],[-113.904666,36.187173],[23.603098,36.183624],[161.110862,36.180075],[-61.381374,36.176525],[76.12639,36.172977],[-146.365846,36.169428],[-8.858082,36.165879],[128.649682,36.162331],[-93.842554,36.158782],[43.66521,36.155234],[-178.827026,36.151686],[-41.319262,36.148138],[96.188502,36.144591],[-126.303733,36.141043],[11.204031,36.137496],[148.711795,36.133949],[-73.780441,36.130402],[63.727323,36.126855],[-158.764913,36.123308],[-21.257149,36.119761],[116.250615,36.116215],[-106.241621,36.112669],[31.266143,36.109123],[168.773907,36.105577],[-53.718329,36.102031],[83.789435,36.098486],[-138.702801,36.09494],[-1.195037,36.091395],[136.312727,36.08785],[-86.179509,36.084305],[51.328255,36.08076],[-171.163981,36.077215],[-33.656217,36.073671],[103.851548,36.070127],[-118.640688,36.066582],[18.867076,36.063038],[156.37484,36.059495],[-66.117396,36.055951],[71.390368,36.052407],[-151.101868,36.048864],[-13.594104,36.045321],[123.91366,36.041778],[-98.578576,36.038235],[38.929188,36.034692],[176.436952,36.03115],[-46.055284,36.027607],[91.45248,36.024065],[-131.039756,36.020523],[6.468008,36.016981],[143.975772,36.013439],[-78.516464,36.009898],[58.9913,36.006356],[-163.500936,36.002815],[-25.993171,35.999274],[111.514593,35.995733],[-110.977643,35.992192],[26.530121,35.988652],[164.037885,35.985111],[-58.454351,35.981571],[79.053413,35.978031],[-143.438823,35.974491],[-5.931059,35.970951],[131.576705,35.967411],[-90.915531,35.963871],[46.592233,35.960332],[-175.900003,35.956793],[-38.392239,35.953254],[99.115525,35.949715],[-123.376711,35.946176],[14.131053,35.942638],[151.638817,35.939099],[-70.853419,35.935561],[66.654345,35.932023],[-155.83789,35.928485],[-18.330126,35.924947],[119.177638,35.921409],[-103.314598,35.917872],[34.193166,35.914335],[171.70093,35.910797],[-50.791306,35.90726],[86.716458,35.903724],[-135.775778,35.900187],[1.731986,35.89665],[139.23975,35.893114],[-83.252486,35.889578],[54.255278,35.886042],[-168.236958,35.882506],[-30.729194,35.87897],[106.77857,35.875435],[-115.713666,35.871899],[21.794098,35.868364],[159.301862,35.864829],[-63.190374,35.861294],[74.317391,35.857759],[-148.174845,35.854224],[-10.667081,35.85069],[126.840683,35.847156],[-95.651553,35.843622],[41.856211,35.840088],[179.363975,35.836554],[-43.128261,35.83302],[94.379503,35.829486],[-128.112733,35.825953],[9.395031,35.82242],[146.902795,35.818887],[-75.589441,35.815354],[61.918323,35.811821],[-160.573913,35.808289],[-23.066149,35.804756],[114.441615,35.801224],[-108.050621,35.797692],[29.457143,35.79416],[166.964907,35.790628],[-55.527328,35.787096],[81.980436,35.783565],[-140.5118,35.780034],[-3.004036,35.776502],[134.503728,35.772971],[-87.988508,35.769441],[49.519256,35.76591],[-172.97298,35.762379],[-35.465216,35.758849],[102.042548,35.755319],[-120.449688,35.751789],[17.058076,35.748259],[154.56584,35.744729],[-67.926396,35.741199],[69.581368,35.73767],[-152.910868,35.734141],[-15.403104,35.730611],[122.10466,35.727082],[-100.387576,35.723554],[37.120188,35.720025],[174.627953,35.716496],[-47.864283,35.712968],[89.643481,35.70944],[-132.848755,35.705912],[4.659009,35.702384],[142.166773,35.698856],[-80.325463,35.695329],[57.182301,35.691801],[-165.309935,35.688274],[-27.802171,35.684747],[109.705593,35.68122],[-112.786643,35.677693],[24.721121,35.674166],[162.228885,35.67064],[-60.263351,35.667114],[77.244413,35.663588],[-145.247823,35.660061],[-7.740059,35.656536],[129.767705,35.65301],[-92.724531,35.649484],[44.783234,35.645959],[-177.709002,35.642434],[-40.201238,35.638909],[97.306526,35.635384],[-125.18571,35.631859],[12.322054,35.628334],[149.829818,35.62481],[-72.662418,35.621286],[64.845346,35.617761],[-157.64689,35.614237],[-20.139126,35.610714],[117.368638,35.60719],[-105.123598,35.603666],[32.384166,35.600143],[169.89193,35.59662],[-52.600306,35.593097],[84.907458,35.589574],[-137.584778,35.586051],[-0.077014,35.582528],[137.43075,35.579006],[-85.061485,35.575484],[52.446279,35.571962],[-170.045957,35.56844],[-32.538193,35.564918],[104.969571,35.561396],[-117.522665,35.557875],[19.985099,35.554353],[157.492863,35.550832],[-64.999373,35.547311],[72.508391,35.54379],[-149.983845,35.540269],[-12.476081,35.536749],[125.031683,35.533228],[-97.460553,35.529708],[40.047211,35.526188],[177.554975,35.522668],[-44.937261,35.519148],[92.570503,35.515629],[-129.921733,35.512109],[7.586031,35.50859],[145.093796,35.50507],[-77.39844,35.501551],[60.109324,35.498033],[-162.382912,35.494514],[-24.875148,35.490995],[112.632616,35.487477],[-109.85962,35.483959],[27.648144,35.48044],[165.155908,35.476922],[-57.336328,35.473405],[80.171436,35.469887],[-142.3208,35.466369],[-4.813036,35.462852],[132.694728,35.459335],[-89.797508,35.455818],[47.710256,35.452301],[-174.78198,35.448784],[-37.274216,35.445268],[100.233548,35.441751],[-122.258688,35.438235],[15.249077,35.434719],[152.756841,35.431203],[-69.735395,35.427687],[67.772369,35.424171],[-154.719867,35.420656],[-17.212103,35.417141],[120.295661,35.413625],[-102.196575,35.41011],[35.311189,35.406595],[172.818953,35.403081],[-49.673283,35.399566],[87.834481,35.396052],[-134.657755,35.392537],[2.850009,35.389023],[140.357773,35.385509],[-82.134463,35.381996],[55.373301,35.378482],[-167.118935,35.374968],[-29.611171,35.371455],[107.896593,35.367942],[-114.595642,35.364429],[22.912122,35.360916],[160.419886,35.357403],[-62.07235,35.35389],[75.435414,35.350378],[-147.056822,35.346866],[-9.549058,35.343354],[127.958706,35.339842],[-94.53353,35.33633],[42.974234,35.332818],[-179.518002,35.329307],[-42.010238,35.325795],[95.497526,35.322284],[-126.99471,35.318773],[10.513054,35.315262],[148.020818,35.311751],[-74.471418,35.308241],[63.036346,35.30473],[-159.45589,35.30122],[-21.948126,35.29771],[115.559639,35.2942],[-106.932597,35.29069],[30.575167,35.28718],[168.082931,35.283671],[-54.409305,35.280161],[83.098459,35.276652],[-139.393777,35.273143],[-1.886013,35.269634],[135.621751,35.266125],[-86.870485,35.262616],[50.637279,35.259108],[-171.854957,35.2556],[-34.347193,35.252092],[103.160571,35.248583],[-119.331665,35.245076],[18.176099,35.241568],[155.683863,35.23806],[-66.808373,35.234553],[70.699391,35.231046],[-151.792845,35.227538],[-14.28508,35.224032],[123.222684,35.220525],[-99.269552,35.217018],[38.238212,35.213512],[175.745976,35.210005],[-46.74626,35.206499],[90.761504,35.202993],[-131.730732,35.199487],[5.777032,35.195981],[143.284796,35.192476],[-79.20744,35.18897],[58.300324,35.185465],[-164.191912,35.18196],[-26.684148,35.178455],[110.823616,35.17495],[-111.66862,35.171445],[25.839144,35.167941],[163.346908,35.164436],[-59.145328,35.160932],[78.362436,35.157428],[-144.129799,35.153924],[-6.622035,35.15042],[130.885729,35.146917],[-91.606507,35.143413],[45.901257,35.13991],[-176.590979,35.136407],[-39.083215,35.132904],[98.424549,35.129401],[-124.067687,35.125898],[13.440077,35.122395],[150.947841,35.118893],[-71.544395,35.115391],[65.963369,35.111888],[-156.528867,35.108386],[-19.021103,35.104885],[118.486661,35.101383],[-104.005575,35.097881],[33.502189,35.09438],[171.009953,35.090879],[-51.482283,35.087378],[86.025482,35.083877],[-136.466754,35.080376],[1.04101,35.076875],[138.548774,35.073375],[-83.943462,35.069875],[53.564302,35.066374],[-168.927934,35.062874],[-31.42017,35.059375],[106.087594,35.055875],[-116.404642,35.052375],[21.103122,35.048876],[158.610886,35.045377],[-63.88135,35.041877],[73.626414,35.038378],[-148.865822,35.03488],[-11.358058,35.031381],[126.149706,35.027882],[-96.34253,35.024384],[41.165234,35.020886],[178.672998,35.017388],[-43.819237,35.01389],[93.688527,35.010392],[-128.803709,35.006894],[8.704055,35.003397],[146.211819,34.9999],[-76.280417,34.996402],[61.227347,34.992905],[-161.264889,34.989408],[-23.757125,34.985912],[113.750639,34.982415],[-108.741597,34.978919],[28.766167,34.975422],[166.273931,34.971926],[-56.218305,34.96843],[81.289459,34.964934],[-141.202777,34.961439],[-3.695013,34.957943],[133.812751,34.954448],[-88.679485,34.950953],[48.828279,34.947457],[-173.663956,34.943963],[-36.156192,34.940468],[101.351572,34.936973],[-121.140664,34.933479],[16.3671,34.929984],[153.874864,34.92649],[-68.617372,34.922996],[68.890392,34.919502],[-153.601844,34.916008],[-16.09408,34.912515],[121.413684,34.909021],[-101.078552,34.905528],[36.429212,34.902035],[173.936976,34.898542],[-48.55526,34.895049],[88.952504,34.891556],[-133.539732,34.888064],[3.968032,34.884571],[141.475796,34.881079],[-81.01644,34.877587],[56.491325,34.874095],[-166.000911,34.870603],[-28.493147,34.867111],[109.014617,34.86362],[-113.477619,34.860128],[24.030145,34.856637],[161.537909,34.853146],[-60.954327,34.849655],[76.553437,34.846164],[-145.938799,34.842674],[-8.431035,34.839183],[129.076729,34.835693],[-93.415507,34.832203],[44.092257,34.828713],[-178.399979,34.825223],[-40.892215,34.821733],[96.615549,34.818243],[-125.876687,34.814754],[11.631077,34.811265],[149.138841,34.807776],[-73.353394,34.804287],[64.15437,34.800798],[-158.337866,34.797309],[-20.830102,34.79382],[116.677662,34.790332],[-105.814574,34.786844],[31.69319,34.783356],[169.200954,34.779868],[-53.291282,34.77638],[84.216482,34.772892],[-138.275754,34.769405],[-0.76799,34.765917],[136.739774,34.76243],[-85.752462,34.758943],[51.755302,34.755456],[-170.736934,34.751969],[-33.22917,34.748482],[104.278594,34.744996],[-118.213642,34.74151],[19.294122,34.738023],[156.801887,34.734537],[-65.690349,34.731051],[71.817415,34.727566],[-150.674821,34.72408],[-13.167057,34.720595],[124.340707,34.717109],[-98.151529,34.713624],[39.356235,34.710139],[176.863999,34.706654],[-45.628237,34.703169],[91.879527,34.699685],[-130.612709,34.6962],[6.895055,34.692716],[144.402819,34.689232],[-78.089417,34.685748],[59.418347,34.682264],[-163.073889,34.67878],[-25.566125,34.675297],[111.941639,34.671813],[-110.550597,34.66833],[26.957168,34.664847],[164.464932,34.661364],[-58.027304,34.657881],[79.48046,34.654398],[-143.011776,34.650916],[-5.504012,34.647433],[132.003752,34.643951],[-90.488484,34.640469],[47.01928,34.636987],[-175.472956,34.633505],[-37.965192,34.630024],[99.542572,34.626542],[-122.949664,34.623061],[14.5581,34.61958],[152.065864,34.616098],[-70.426372,34.612618],[67.081392,34.609137],[-155.410844,34.605656],[-17.90308,34.602176],[119.604684,34.598695],[-102.887551,34.595215],[34.620213,34.591735],[172.127977,34.588255],[-50.364259,34.584775],[87.143505,34.581296],[-135.348731,34.577816],[2.159033,34.574337],[139.666797,34.570858],[-82.825439,34.567379],[54.682325,34.5639],[-167.809911,34.560421],[-30.302147,34.556942],[107.205617,34.553464],[-115.286619,34.549986],[22.221145,34.546507],[159.728909,34.543029],[-62.763327,34.539552],[74.744437,34.536074],[-147.747799,34.532596],[-10.240035,34.529119],[127.26773,34.525641],[-95.224506,34.522164],[42.283258,34.518687],[179.791022,34.51521],[-42.701214,34.511734],[94.80655,34.508257],[-127.685686,34.504781],[9.822078,34.501304],[147.329842,34.497828],[-75.162394,34.494352],[62.34537,34.490877],[-160.146866,34.487401],[-22.639102,34.483925],[114.868662,34.48045],[-107.623574,34.476975],[29.88419,34.473499],[167.391954,34.470024],[-55.100282,34.46655],[82.407482,34.463075],[-140.084754,34.4596],[-2.576989,34.456126],[134.930775,34.452652],[-87.561461,34.449178],[49.946303,34.445704],[-172.545933,34.44223],[-35.038169,34.438756],[102.469595,34.435283],[-120.022641,34.431809],[17.485123,34.428336],[154.992887,34.424863],[-67.499349,34.42139],[70.008415,34.417917],[-152.483821,34.414445],[-14.976057,34.410972],[122.531707,34.4075],[-99.960529,34.404027],[37.547235,34.400555],[175.054999,34.397083],[-47.437237,34.393612],[90.070527,34.39014],[-132.421708,34.386668],[5.086056,34.383197],[142.59382,34.379726],[-79.898416,34.376255],[57.609348,34.372784],[-164.882888,34.369313],[-27.375124,34.365842],[110.13264,34.362372],[-112.359596,34.358901],[25.148168,34.355431],[162.655932,34.351961],[-59.836304,34.348491],[77.67146,34.345021],[-144.820776,34.341552],[-7.313012,34.338082],[130.194752,34.334613],[-92.297484,34.331144],[45.21028,34.327675],[-177.281956,34.324206],[-39.774192,34.320737],[97.733573,34.317268],[-124.758663,34.3138],[12.749101,34.310331],[150.256865,34.306863],[-72.235371,34.303395],[65.272393,34.299927],[-157.219843,34.296459],[-19.712079,34.292992],[117.795685,34.289524],[-104.696551,34.286057],[32.811213,34.28259],[170.318977,34.279123],[-52.173259,34.275656],[85.334505,34.272189],[-137.157731,34.268722],[0.350033,34.265256],[137.857797,34.26179],[-84.634439,34.258323],[52.873325,34.254857],[-169.618911,34.251391],[-32.111146,34.247926],[105.396618,34.24446],[-117.095618,34.240994],[20.412146,34.237529],[157.91991,34.234064],[-64.572326,34.230599],[72.935438,34.227134],[-149.556798,34.223669],[-12.049034,34.220204],[125.45873,34.21674],[-97.033506,34.213276],[40.474258,34.209811],[177.982022,34.206347],[-44.510214,34.202883],[92.99755,34.19942],[-129.494686,34.195956],[8.013078,34.192492],[145.520842,34.189029],[-76.971394,34.185566],[60.53637,34.182103],[-161.955865,34.17864],[-24.448101,34.175177],[113.059663,34.171714],[-109.432573,34.168252],[28.075191,34.16479],[165.582955,34.161327],[-56.909281,34.157865],[80.598483,34.154403],[-141.893753,34.150942],[-4.385989,34.14748],[133.121775,34.144018],[-89.370461,34.140557],[48.137303,34.137096],[-174.354933,34.133635],[-36.847169,34.130174],[100.660595,34.126713],[-121.831641,34.123252],[15.676123,34.119792],[153.183887,34.116331],[-69.308349,34.112871],[68.199416,34.109411],[-154.29282,34.105951],[-16.785056,34.102491],[120.722708,34.099032],[-101.769528,34.095572],[35.738236,34.092113],[173.246,34.088654],[-49.246236,34.085194],[88.261528,34.081735],[-134.230708,34.078277],[3.277056,34.074818],[140.78482,34.071359],[-81.707416,34.067901],[55.800348,34.064443],[-166.691888,34.060985],[-29.184124,34.057527],[108.32364,34.054069],[-114.168596,34.050611],[23.339168,34.047154],[160.846932,34.043696],[-61.645303,34.040239],[75.862461,34.036782],[-146.629775,34.033325],[-9.122011,34.029868],[128.385753,34.026411],[-94.106483,34.022955],[43.401281,34.019498],[-179.090955,34.016042],[-41.583191,34.012586],[95.924573,34.00913],[-126.567663,34.005674],[10.940101,34.002218],[148.447865,33.998763],[-74.044371,33.995307],[63.463393,33.991852],[-159.028843,33.988397],[-21.521079,33.984942],[115.986685,33.981487],[-106.505551,33.978032],[31.002213,33.974578],[168.509978,33.971123],[-53.982258,33.967669],[83.525506,33.964215],[-138.96673,33.960761],[-1.458966,33.957307],[136.048798,33.953853],[-86.443438,33.950399],[51.064326,33.946946],[-171.42791,33.943492],[-33.920146,33.940039],[103.587618,33.936586],[-118.904618,33.933133],[18.603146,33.929681],[156.11091,33.926228],[-66.381326,33.922775],[71.126438,33.919323],[-151.365798,33.915871],[-13.858034,33.912419],[123.64973,33.908967],[-98.842506,33.905515],[38.665259,33.902063],[176.173023,33.898612],[-46.319213,33.895161],[91.188551,33.891709],[-131.303685,33.888258],[6.204079,33.884807],[143.711843,33.881356],[-78.780393,33.877906],[58.727371,33.874455],[-163.764865,33.871005],[-26.257101,33.867555],[111.250663,33.864104],[-111.241573,33.860654],[26.266191,33.857205],[163.773955,33.853755],[-58.718281,33.850305],[78.789483,33.846856],[-143.702753,33.843407],[-6.194989,33.839957],[131.312775,33.836508],[-91.17946,33.83306],[46.328304,33.829611],[-176.163932,33.826162],[-38.656168,33.822714],[98.851596,33.819266],[-123.64064,33.815817],[13.867124,33.812369],[151.374888,33.808921],[-71.117348,33.805474],[66.390416,33.802026],[-156.10182,33.798579],[-18.594056,33.795131],[118.913708,33.791684],[-103.578528,33.788237],[33.929236,33.78479],[171.437,33.781343],[-51.055236,33.777897],[86.452528,33.77445],[-136.039708,33.771004],[1.468056,33.767558],[138.975821,33.764111],[-83.516415,33.760666],[53.991349,33.75722],[-168.500887,33.753774],[-30.993123,33.750328],[106.514641,33.746883],[-115.977595,33.743438],[21.530169,33.739993],[159.037933,33.736548],[-63.454303,33.733103],[74.053461,33.729658],[-148.438775,33.726214],[-10.931011,33.722769],[126.576753,33.719325],[-95.915483,33.715881],[41.592281,33.712437],[179.100045,33.708993],[-43.392191,33.705549],[94.115573,33.702106],[-128.376663,33.698662],[9.131102,33.695219],[146.638866,33.691776],[-75.85337,33.688333],[61.654394,33.68489],[-160.837842,33.681447],[-23.330078,33.678004],[114.177686,33.674562],[-108.31455,33.671119],[29.193214,33.667677],[166.700978,33.664235],[-55.791258,33.660793],[81.716506,33.657351],[-140.77573,33.65391],[-3.267966,33.650468],[134.239798,33.647027],[-88.252438,33.643585],[49.255326,33.640144],[-173.23691,33.636703],[-35.729146,33.633262],[101.778618,33.629822],[-120.713617,33.626381],[16.794147,33.622941],[154.301911,33.6195],[-68.190325,33.61606],[69.317439,33.61262],[-153.174797,33.60918],[-15.667033,33.605741],[121.840731,33.602301],[-100.651505,33.598862],[36.856259,33.595422],[174.364023,33.591983],[-48.128213,33.588544],[89.379551,33.585105],[-133.112685,33.581666],[4.395079,33.578228],[141.902843,33.574789],[-80.589393,33.571351],[56.918371,33.567913],[-165.573865,33.564474],[-28.066101,33.561036],[109.441664,33.557599],[-113.050572,33.554161],[24.457192,33.550723],[161.964956,33.547286],[-60.52728,33.543849],[76.980484,33.540412],[-145.511752,33.536975],[-8.003988,33.533538],[129.503776,33.530101],[-92.98846,33.526664],[44.519304,33.523228],[-177.972932,33.519792],[-40.465168,33.516355],[97.042596,33.512919],[-125.44964,33.509483],[12.058124,33.506048],[149.565888,33.502612],[-72.926348,33.499177],[64.581416,33.495741],[-157.91082,33.492306],[-20.403055,33.488871],[117.104709,33.485436],[-105.387527,33.482001],[32.120237,33.478566],[169.628001,33.475132],[-52.864235,33.471697],[84.643529,33.468263],[-137.848707,33.464829],[-0.340943,33.461395],[137.166821,33.457961],[-85.325415,33.454527],[52.182349,33.451094],[-170.309887,33.44766],[-32.802123,33.444227],[104.705641,33.440794],[-117.786595,33.437361],[19.721169,33.433928],[157.228933,33.430495],[-65.263303,33.427062],[72.244461,33.42363],[-150.247774,33.420197],[-12.74001,33.416765],[124.767754,33.413333],[-97.724482,33.409901],[39.783282,33.406469],[177.291046,33.403038],[-45.20119,33.399606],[92.306574,33.396175],[-130.185662,33.392743],[7.322102,33.389312],[144.829866,33.385881],[-77.66237,33.38245],[59.845394,33.37902],[-162.646842,33.375589],[-25.139078,33.372158],[112.368686,33.368728],[-110.12355,33.365298],[27.384214,33.361868],[164.891978,33.358438],[-57.600258,33.355008],[79.907507,33.351578],[-142.584729,33.348149],[-5.076965,33.344719],[132.430799,33.34129],[-90.061437,33.337861],[47.446327,33.334432],[-175.045909,33.331003],[-37.538145,33.327575],[99.969619,33.324146],[-122.522617,33.320717],[14.985147,33.317289],[152.492911,33.313861],[-69.999325,33.310433],[67.508439,33.307005],[-154.983797,33.303577],[-17.476033,33.30015],[120.031731,33.296722],[-102.460505,33.293295],[35.047259,33.289867],[172.555023,33.28644],[-49.937212,33.283013],[87.570552,33.279587],[-134.921684,33.27616],[2.58608,33.272733],[140.093844,33.269307],[-82.398392,33.265881],[55.109372,33.262454],[-167.382864,33.259028],[-29.8751,33.255602],[107.632664,33.252177],[-114.859572,33.248751],[22.648192,33.245326],[160.155956,33.2419],[-62.33628,33.238475],[75.171484,33.23505],[-147.320752,33.231625],[-9.812988,33.2282],[127.694776,33.224775],[-94.79746,33.221351],[42.710304,33.217926],[-179.781931,33.214502],[-42.274167,33.211078],[95.233597,33.207654],[-127.258639,33.20423],[10.249125,33.200806],[147.756889,33.197383],[-74.735347,33.193959],[62.772417,33.190536],[-159.719819,33.187113],[-22.212055,33.18369],[115.295709,33.180267],[-107.196527,33.176844],[30.311237,33.173421],[167.819001,33.169999],[-54.673235,33.166576],[82.834529,33.163154],[-139.657707,33.159732],[-2.149943,33.15631],[135.357821,33.152888],[-87.134415,33.149466],[50.37335,33.146045],[-172.118886,33.142623],[-34.611122,33.139202],[102.896642,33.135781],[-119.595594,33.132359],[17.91217,33.128939],[155.419934,33.125518],[-67.072302,33.122097],[70.435462,33.118676],[-152.056774,33.115256],[-14.54901,33.111836],[122.958754,33.108416],[-99.533482,33.104996],[37.974282,33.101576],[175.482046,33.098156],[-47.01019,33.094736],[90.497574,33.091317],[-131.994662,33.087898],[5.513102,33.084478],[143.020866,33.081059],[-79.471369,33.07764],[58.036395,33.074222],[-164.455841,33.070803],[-26.948077,33.067384],[110.559687,33.063966],[-111.932549,33.060548],[25.575215,33.057129],[163.082979,33.053711],[-59.409257,33.050294],[78.098507,33.046876],[-144.393729,33.043458],[-6.885965,33.040041],[130.621799,33.036623],[-91.870437,33.033206],[45.637327,33.029789],[-176.854909,33.026372],[-39.347145,33.022955],[98.160619,33.019539],[-124.331617,33.016122],[13.176147,33.012706],[150.683912,33.009289],[-71.808324,33.005873],[65.69944,33.002457],[-156.792796,32.999041],[-19.285032,32.995625],[118.222732,32.99221],[-104.269504,32.988794],[33.23826,32.985379],[170.746024,32.981964],[-51.746212,32.978549],[85.761552,32.975134],[-136.730684,32.971719],[0.77708,32.968304],[138.284844,32.964889],[-84.207392,32.961475],[53.300372,32.958061],[-169.191864,32.954647],[-31.6841,32.951232],[105.823664,32.947819],[-116.668572,32.944405],[20.839193,32.940991],[158.346957,32.937578],[-64.145279,32.934164],[73.362485,32.930751],[-149.129751,32.927338],[-11.621987,32.923925],[125.885777,32.920512],[-96.606459,32.917099],[40.901305,32.913687],[178.409069,32.910274],[-44.083167,32.906862],[93.424597,32.90345],[-129.067639,32.900038],[8.440125,32.896626],[145.947889,32.893214],[-76.544347,32.889802],[60.963417,32.886391],[-161.528819,32.882979],[-24.021055,32.879568],[113.486709,32.876157],[-109.005526,32.872746],[28.502238,32.869335],[166.010002,32.865924],[-56.482234,32.862513],[81.02553,32.859103],[-141.466706,32.855693],[-3.958942,32.852282],[133.548822,32.848872],[-88.943414,32.845462],[48.56435,32.842052],[-173.927886,32.838643],[-36.420122,32.835233],[101.087642,32.831824],[-121.404594,32.828414],[16.10317,32.825005],[153.610934,32.821596],[-68.881302,32.818187],[68.626462,32.814778],[-153.865774,32.81137],[-16.35801,32.807961],[121.149755,32.804553],[-101.342481,32.801144],[36.165283,32.797736],[173.673047,32.794328],[-48.819189,32.79092],[88.688575,32.787513],[-133.803661,32.784105],[3.704103,32.780698],[141.211867,32.77729],[-81.280369,32.773883],[56.227395,32.770476],[-166.264841,32.767069],[-28.757077,32.763662],[108.750687,32.760255],[-113.741549,32.756849],[23.766215,32.753442],[161.273979,32.750036],[-61.218257,32.74663],[76.289507,32.743224],[-146.202729,32.739818],[-8.694964,32.736412],[128.8128,32.733006],[-93.679436,32.729601],[43.828328,32.726195],[-178.663908,32.72279],[-41.156144,32.719385],[96.35162,32.71598],[-126.140616,32.712575],[11.367148,32.70917],[148.874912,32.705766],[-73.617324,32.702361],[63.89044,32.698957],[-158.601796,32.695553],[-21.094032,32.692149],[116.413732,32.688745],[-106.078504,32.685341],[31.42926,32.681937],[168.937024,32.678533],[-53.555212,32.67513],[83.952552,32.671727],[-138.539683,32.668323],[-1.031919,32.66492],[136.475845,32.661517],[-86.016391,32.658115],[51.491373,32.654712],[-171.000863,32.651309],[-33.493099,32.647907],[104.014665,32.644505],[-118.477571,32.641103],[19.030193,32.6377],[156.537957,32.634299],[-65.954279,32.630897],[71.553485,32.627495],[-150.938751,32.624094],[-13.430987,32.620692],[124.076777,32.617291],[-98.415459,32.61389],[39.092305,32.610489],[176.600069,32.607088],[-45.892167,32.603687],[91.615598,32.600287],[-130.876638,32.596886],[6.631126,32.593486],[144.13889,32.590086],[-78.353346,32.586686],[59.154418,32.583286],[-163.337818,32.579886],[-25.830054,32.576486],[111.67771,32.573086],[-110.814526,32.569687],[26.693238,32.566288],[164.201002,32.562888],[-58.291234,32.559489],[79.21653,32.55609],[-143.275706,32.552692],[-5.767942,32.549293],[131.739822,32.545894],[-90.752414,32.542496],[46.75535,32.539098],[-175.736886,32.5357],[-38.229121,32.532302],[99.278643,32.528904],[-123.213593,32.525506],[14.294171,32.522108],[151.801935,32.518711],[-70.690301,32.515313],[66.817463,32.511916],[-155.674773,32.508519],[-18.167009,32.505122],[119.340755,32.501725],[-103.151481,32.498328],[34.356283,32.494932],[171.864047,32.491535],[-50.628189,32.488139],[86.879575,32.484743],[-135.612661,32.481346],[1.895103,32.47795],[139.402867,32.474555],[-83.089369,32.471159],[54.418396,32.467763],[-168.07384,32.464368],[-30.566076,32.460972],[106.941688,32.457577],[-115.550548,32.454182],[21.957216,32.450787],[159.46498,32.447392],[-63.027256,32.443998],[74.480508,32.440603],[-148.011728,32.437209],[-10.503964,32.433814],[127.0038,32.43042],[-95.488436,32.427026],[42.019328,32.423632],[179.527092,32.420238],[-42.965144,32.416845],[94.54262,32.413451],[-127.949616,32.410058],[9.558148,32.406664],[147.065912,32.403271],[-75.426323,32.399878],[62.081441,32.396485],[-160.410795,32.393092],[-22.903031,32.3897],[114.604733,32.386307],[-107.887503,32.382915],[29.620261,32.379523],[167.128025,32.37613],[-55.364211,32.372738],[82.143553,32.369347],[-140.348683,32.365955],[-2.840919,32.362563],[134.666845,32.359172],[-87.825391,32.35578],[49.682373,32.352389],[-172.809863,32.348998],[-35.302099,32.345607],[102.205665,32.342216],[-120.286571,32.338825],[17.221193,32.335435],[154.728958,32.332044],[-67.763278,32.328654],[69.744486,32.325264],[-152.74775,32.321873],[-15.239986,32.318483],[122.267778,32.315094],[-100.224458,32.311704],[37.283306,32.308314],[174.79107,32.304925],[-47.701166,32.301535],[89.806598,32.298146],[-132.685638,32.294757],[4.822126,32.291368],[142.32989,32.287979],[-80.162346,32.284591],[57.345418,32.281202],[-165.146818,32.277813],[-27.639054,32.274425],[109.86871,32.271037],[-112.623526,32.267649],[24.884239,32.264261],[162.392003,32.260873],[-60.100233,32.257485],[77.407531,32.254098],[-145.084705,32.25071],[-7.576941,32.247323],[129.930823,32.243936],[-92.561413,32.240549],[44.946351,32.237162],[-177.545885,32.233775],[-40.038121,32.230388],[97.469643,32.227002],[-125.022593,32.223615],[12.485171,32.220229],[149.992935,32.216843],[-72.499301,32.213457],[65.008463,32.210071],[-157.483773,32.206685],[-19.976009,32.203299],[117.531755,32.199914],[-104.96048,32.196528],[32.547284,32.193143],[170.055048,32.189758],[-52.437188,32.186373],[85.070576,32.182988],[-137.42166,32.179603],[0.086104,32.176218],[137.593868,32.172834],[-84.898368,32.169449],[52.609396,32.166065],[-169.88284,32.162681],[-32.375076,32.159297],[105.132688,32.155913],[-117.359548,32.152529],[20.148216,32.149145],[157.65598,32.145762],[-64.836256,32.142378],[72.671508,32.138995],[-149.820728,32.135612],[-12.312964,32.132229],[125.194801,32.128846],[-97.297435,32.125463],[40.210329,32.12208],[177.718093,32.118698],[-44.774143,32.115315],[92.733621,32.111933],[-129.758615,32.108551],[7.749149,32.105169],[145.256913,32.101787],[-77.235323,32.098405],[60.272441,32.095024],[-162.219795,32.091642],[-24.712031,32.088261],[112.795733,32.084879],[-109.696503,32.081498],[27.811261,32.078117],[165.319025,32.074736],[-57.173211,32.071355],[80.334553,32.067975],[-142.157683,32.064594],[-4.649918,32.061214],[132.857846,32.057833],[-89.63439,32.054453],[47.873374,32.051073],[-174.618862,32.047693],[-37.111098,32.044313],[100.396666,32.040934],[-122.09557,32.037554],[15.412194,32.034175],[152.919958,32.030796],[-69.572278,32.027416],[67.935486,32.024037],[-154.55675,32.020658],[-17.048986,32.01728],[120.458778,32.013901],[-102.033458,32.010522],[35.474306,32.007144],[172.98207,32.003766],[-49.510166,32.000388],[87.997598,31.997009],[-134.494637,31.993632],[3.013127,31.990254],[140.520891,31.986876],[-81.971345,31.983499],[55.536419,31.980121],[-166.955817,31.976744],[-29.448053,31.973367],[108.059711,31.96999],[-114.432525,31.966613],[23.075239,31.963236],[160.583003,31.959859],[-61.909233,31.956483],[75.598531,31.953106],[-146.893705,31.94973],[-9.385941,31.946354],[128.121823,31.942978],[-94.370413,31.939602],[43.137351,31.936226],[-179.354885,31.93285],[-41.847121,31.929475],[95.660644,31.926099],[-126.831592,31.922724],[10.676172,31.919349],[148.183936,31.915974],[-74.3083,31.912599],[63.199464,31.909224],[-159.292772,31.905849],[-21.785008,31.902475],[115.722756,31.8991],[-106.76948,31.895726],[30.738284,31.892352],[168.246048,31.888977],[-54.246188,31.885603],[83.261576,31.88223],[-139.23066,31.878856],[-1.722896,31.875482],[135.784868,31.872109],[-86.707368,31.868736],[50.800396,31.865362],[-171.69184,31.861989],[-34.184075,31.858616],[103.323689,31.855243],[-119.168547,31.851871],[18.339217,31.848498],[155.846981,31.845126],[-66.645255,31.841753],[70.862509,31.838381],[-151.629727,31.835009],[-14.121963,31.831637],[123.385801,31.828265],[-99.106435,31.824893],[38.401329,31.821522],[175.909093,31.81815],[-46.583143,31.814779],[90.924621,31.811408],[-131.567615,31.808037],[5.940149,31.804666],[143.447913,31.801295],[-79.044323,31.797924],[58.463441,31.794553],[-164.028794,31.791183],[-26.52103,31.787812],[110.986734,31.784442],[-111.505502,31.781072],[26.002262,31.777702],[163.510026,31.774332],[-58.98221,31.770962],[78.525554,31.767593],[-143.966682,31.764223],[-6.458918,31.760854],[131.048846,31.757485],[-91.44339,31.754115],[46.064374,31.750746],[-176.427862,31.747377],[-38.920098,31.744009],[98.587666,31.74064],[-123.90457,31.737271],[13.603194,31.733903],[151.110958,31.730535],[-71.381278,31.727167],[66.126487,31.723798],[-156.365749,31.720431],[-18.857985,31.717063],[118.649779,31.713695],[-103.842457,31.710327],[33.665307,31.70696],[171.173071,31.703593],[-51.319165,31.700226],[86.188599,31.696858],[-136.303637,31.693491],[1.204127,31.690125],[138.711891,31.686758],[-83.780345,31.683391],[53.727419,31.680025],[-168.764817,31.676659],[-31.257053,31.673292],[106.250711,31.669926],[-116.241525,31.66656],[21.266239,31.663194],[158.774003,31.659829],[-63.718232,31.656463],[73.789532,31.653098],[-148.702704,31.649732],[-11.19494,31.646367],[126.312824,31.643002],[-96.179412,31.639637],[41.328352,31.636272],[178.836116,31.632907],[-43.65612,31.629543],[93.851644,31.626178],[-128.640592,31.622814],[8.867172,31.619449],[146.374936,31.616085],[-76.1173,31.612721],[61.390464,31.609357],[-161.101772,31.605994],[-23.594008,31.60263],[113.913756,31.599266],[-108.57848,31.595903],[28.929284,31.59254],[166.437049,31.589176],[-56.055187,31.585813],[81.452577,31.58245],[-141.039659,31.579088],[-3.531895,31.575725],[133.975869,31.572362],[-88.516367,31.569],[48.991397,31.565638],[-173.500839,31.562275],[-35.993075,31.558913],[101.514689,31.555551],[-120.977547,31.55219],[16.530217,31.548828],[154.037981,31.545466],[-68.454255,31.542105],[69.053509,31.538743],[-153.438727,31.535382],[-15.930963,31.532021],[121.576801,31.52866],[-100.915435,31.525299],[36.59233,31.521938],[174.100094,31.518578],[-48.392142,31.515217],[89.115622,31.511857],[-133.376614,31.508497],[4.13115,31.505136],[141.638914,31.501776],[-80.853322,31.498417],[56.654442,31.495057],[-165.837794,31.491697],[-28.33003,31.488338],[109.177734,31.484978],[-113.314502,31.481619],[24.193262,31.47826],[161.701026,31.474901],[-60.79121,31.471542],[76.716554,31.468183],[-145.775682,31.464824],[-8.267918,31.461465],[129.239846,31.458107],[-93.252389,31.454749],[44.255375,31.45139],[-178.236861,31.448032],[-40.729097,31.444674],[96.778667,31.441317],[-125.713569,31.437959],[11.794195,31.434601],[149.301959,31.431244],[-73.190277,31.427886],[64.317487,31.424529],[-158.174749,31.421172],[-20.666985,31.417815],[116.840779,31.414458],[-105.651457,31.411101],[31.856307,31.407745],[169.364071,31.404388],[-53.128165,31.401032],[84.379599,31.397675],[-138.112637,31.394319],[-0.604873,31.390963],[136.902892,31.387607],[-85.589344,31.384251],[51.91842,31.380896],[-170.573816,31.37754],[-33.066052,31.374185],[104.441712,31.370829],[-118.050524,31.367474],[19.45724,31.364119],[156.965004,31.360764],[-65.527232,31.357409],[71.980532,31.354054],[-150.511704,31.3507],[-13.00394,31.347345],[124.503824,31.343991],[-97.988412,31.340637],[39.519352,31.337282],[177.027116,31.333928],[-45.46512,31.330575],[92.042644,31.327221],[-130.449592,31.323867],[7.058173,31.320514],[144.565937,31.31716],[-77.926299,31.313807],[59.581465,31.310454],[-162.910771,31.307101],[-25.403007,31.303748],[112.104757,31.300395],[-110.387479,31.297042],[27.120285,31.29369],[164.628049,31.290337],[-57.864187,31.286985],[79.643577,31.283632],[-142.848659,31.28028],[-5.340895,31.276928],[132.166869,31.273577],[-90.325367,31.270225],[47.182397,31.266873],[-175.309839,31.263522],[-37.802075,31.26017],[99.705689,31.256819],[-122.786546,31.253468],[14.721218,31.250117],[152.228982,31.246766],[-70.263254,31.243415],[67.24451,31.240064],[-155.247726,31.236714],[-17.739962,31.233363],[119.767802,31.230013],[-102.724434,31.226663],[34.78333,31.223313],[172.291094,31.219963],[-50.201142,31.216613],[87.306622,31.213263],[-135.185614,31.209914],[2.32215,31.206564],[139.829914,31.203215],[-82.662322,31.199865],[54.845442,31.196516],[-167.646794,31.193167],[-30.13903,31.189818],[107.368735,31.18647],[-115.123501,31.183121],[22.384263,31.179772],[159.892027,31.176424],[-62.600209,31.173076],[74.907555,31.169727],[-147.584681,31.166379],[-10.076917,31.163031],[127.430847,31.159684],[-95.061389,31.156336],[42.446375,31.152988],[179.954139,31.149641],[-42.538097,31.146293],[94.969667,31.142946],[-127.522569,31.139599],[9.985195,31.136252],[147.492959,31.132905],[-74.999277,31.129558],[62.508487,31.126212],[-159.983749,31.122865],[-22.475984,31.119519],[115.03178,31.116172],[-107.460456,31.112826],[30.047308,31.10948],[167.555072,31.106134],[-54.937164,31.102788],[82.5706,31.099443],[-139.921636,31.096097],[-2.413872,31.092752],[135.093892,31.089406],[-87.398344,31.086061],[50.10942,31.082716],[-172.382816,31.079371],[-34.875052,31.076026],[102.632712,31.072681],[-119.859524,31.069337],[17.64824,31.065992],[155.156004,31.062648],[-67.336232,31.059303],[70.171532,31.055959],[-152.320703,31.052615],[-14.812939,31.049271],[122.694825,31.045927],[-99.797411,31.042584],[37.710353,31.03924],[175.218117,31.035897],[-47.274119,31.032553],[90.233645,31.02921],[-132.258591,31.025867],[5.249173,31.022524],[142.756937,31.019181],[-79.735299,31.015838],[57.772465,31.012495],[-164.719771,31.009153],[-27.212007,31.005811],[110.295757,31.002468],[-112.196479,30.999126],[25.311285,30.995784],[162.819049,30.992442],[-59.673187,30.9891],[77.834578,30.985758],[-144.657658,30.982417],[-7.149894,30.979075],[130.35787,30.975734],[-92.134366,30.972393],[45.373398,30.969052],[-177.118838,30.965711],[-39.611074,30.96237],[97.89669,30.959029],[-124.595546,30.955688],[12.912218,30.952348],[150.419982,30.949007],[-72.072254,30.945667],[65.43551,30.942327],[-157.056726,30.938987],[-19.548962,30.935647],[117.958802,30.932307],[-104.533434,30.928967],[32.97433,30.925628],[170.482094,30.922288],[-52.010141,30.918949],[85.497623,30.915609],[-136.994613,30.91227],[0.513151,30.908931],[138.020915,30.905592],[-84.471321,30.902253],[53.036443,30.898915],[-169.455793,30.895576],[-31.948029,30.892238],[105.559735,30.888899],[-116.932501,30.885561],[20.575263,30.882223],[158.083027,30.878885],[-64.409209,30.875547],[73.098555,30.87221],[-149.393681,30.868872],[-11.885917,30.865534],[125.621847,30.862197],[-96.870389,30.85886],[40.637375,30.855523],[178.14514,30.852185],[-44.347096,30.848849],[93.160668,30.845512],[-129.331568,30.842175],[8.176196,30.838838],[145.68396,30.835502],[-76.808276,30.832166],[60.699488,30.828829],[-161.792748,30.825493],[-24.284984,30.822157],[113.22278,30.818821],[-109.269456,30.815486],[28.238308,30.81215],[165.746072,30.808814],[-56.746164,30.805479],[80.7616,30.802144],[-141.730636,30.798808],[-4.222872,30.795473],[133.284892,30.792138],[-89.207344,30.788803],[48.300421,30.785469],[-174.191815,30.782134],[-36.684051,30.7788],[100.823713,30.775465],[-121.668523,30.772131],[15.839241,30.768797],[153.347005,30.765463],[-69.145231,30.762129],[68.362533,30.758795],[-154.129703,30.755461],[-16.621939,30.752128],[120.885825,30.748794],[-101.606411,30.745461],[35.901353,30.742128],[173.409117,30.738795],[-49.083119,30.735462],[88.424645,30.732129],[-134.067591,30.728796],[3.440173,30.725463],[140.947937,30.722131],[-81.544298,30.718798],[55.963466,30.715466],[-166.52877,30.712134],[-29.021006,30.708802],[108.486758,30.70547],[-114.005478,30.702138],[23.502286,30.698806],[161.01005,30.695474],[-61.482186,30.692143],[76.025578,30.688812],[-146.466658,30.68548],[-8.958894,30.682149],[128.54887,30.678818],[-93.943366,30.675487],[43.564398,30.672156],[-178.927838,30.668826],[-41.420074,30.665495],[96.08769,30.662165],[-126.404546,30.658834],[11.103218,30.655504],[148.610983,30.652174],[-73.881253,30.648844],[63.626511,30.645514],[-158.865725,30.642184],[-21.357961,30.638854],[116.149803,30.635525],[-106.342433,30.632195],[31.165331,30.628866],[168.673095,30.625537],[-53.819141,30.622208],[83.688623,30.618879],[-138.803613,30.61555],[-1.295849,30.612221],[136.211915,30.608893],[-86.280321,30.605564],[51.227443,30.602236],[-171.264793,30.598907],[-33.757029,30.595579],[103.750735,30.592251],[-118.741501,30.588923],[18.766264,30.585595],[156.274028,30.582268],[-66.218208,30.57894],[71.289556,30.575612],[-151.20268,30.572285],[-13.694916,30.568958],[123.812848,30.565631],[-98.679388,30.562304],[38.828376,30.558977],[176.33614,30.55565],[-46.156096,30.552323],[91.351668,30.548997],[-131.140568,30.54567],[6.367196,30.542344],[143.87496,30.539017],[-78.617276,30.535691],[58.890488,30.532365],[-163.601748,30.529039],[-26.093984,30.525714],[111.41378,30.522388],[-111.078455,30.519062],[26.429309,30.515737],[163.937073,30.512412],[-58.555163,30.509086],[78.952601,30.505761],[-143.539635,30.502436],[-6.031871,30.499111],[131.475893,30.495787],[-91.016343,30.492462],[46.491421,30.489137],[-176.000815,30.485813],[-38.493051,30.482489],[99.014713,30.479165],[-123.477523,30.47584],[14.030241,30.472516],[151.538005,30.469193],[-70.954231,30.465869],[66.553533,30.462545],[-155.938703,30.459222],[-18.430939,30.455898],[119.076826,30.452575],[-103.41541,30.449252],[34.092354,30.445929],[171.600118,30.442606],[-50.892118,30.439283],[86.615646,30.43596],[-135.87659,30.432638],[1.631174,30.429315],[139.138938,30.425993],[-83.353298,30.422671],[54.154466,30.419348],[-168.33777,30.416026],[-30.830006,30.412704],[106.677758,30.409383],[-115.814478,30.406061],[21.693286,30.402739],[159.20105,30.399418],[-63.291186,30.396096],[74.216578,30.392775],[-148.275658,30.389454],[-10.767893,30.386133],[126.739871,30.382812],[-95.752365,30.379491],[41.755399,30.376171],[179.263163,30.37285],[-43.229073,30.36953],[94.278691,30.366209],[-128.213545,30.362889],[9.294219,30.359569],[146.801983,30.356249],[-75.690253,30.352929],[61.817511,30.349609],[-160.674725,30.34629],[-23.166961,30.34297],[114.340803,30.33965],[-108.151433,30.336331],[29.356331,30.333012],[166.864095,30.329693],[-55.628141,30.326374],[81.879623,30.323055],[-140.612612,30.319736],[-3.104848,30.316418],[134.402916,30.313099],[-88.08932,30.309781],[49.418444,30.306462],[-173.073792,30.303144],[-35.566028,30.299826],[101.941736,30.296508],[-120.5505,30.29319],[16.957264,30.289872],[154.465028,30.286555],[-68.027208,30.283237],[69.480556,30.27992],[-153.01168,30.276602],[-15.503916,30.273285],[122.003848,30.269968],[-100.488388,30.266651],[37.019376,30.263334],[174.52714,30.260017],[-47.965096,30.256701],[89.542669,30.253384],[-132.949567,30.250068],[4.558197,30.246752],[142.065961,30.243435],[-80.426275,30.240119],[57.081489,30.236803],[-165.410747,30.233487],[-27.902983,30.230172],[109.604781,30.226856],[-112.887455,30.223541],[24.620309,30.220225],[162.128073,30.21691],[-60.364163,30.213595],[77.143601,30.21028],[-145.348635,30.206965],[-7.840871,30.20365],[129.666893,30.200335],[-92.825343,30.19702],[44.682421,30.193706],[-177.809815,30.190391],[-40.30205,30.187077],[97.205714,30.183763],[-125.286522,30.180449],[12.221242,30.177135],[149.729006,30.173821],[-72.76323,30.170507],[64.744534,30.167194],[-157.747702,30.16388],[-20.239938,30.160567],[117.267826,30.157254],[-105.22441,30.15394],[32.283354,30.150627],[169.791118,30.147314],[-52.701118,30.144001],[84.806646,30.140689],[-137.68559,30.137376],[-0.177826,30.134064],[137.329938,30.130751],[-85.162298,30.127439],[52.345466,30.124127],[-170.146769,30.120815],[-32.639005,30.117503],[104.868759,30.114191],[-117.623477,30.110879],[19.884287,30.107567],[157.392051,30.104256],[-65.100185,30.100945],[72.407579,30.097633],[-150.084657,30.094322],[-12.576893,30.091011],[124.930871,30.0877],[-97.561365,30.084389],[39.946399,30.081078],[177.454163,30.077768],[-45.038073,30.074457],[92.469691,30.071147],[-130.022545,30.067837],[7.485219,30.064526],[144.992983,30.061216],[-77.499253,30.057906],[60.008512,30.054597],[-162.483724,30.051287],[-24.97596,30.047977],[112.531804,30.044668],[-109.960432,30.041358],[27.547332,30.038049],[165.055096,30.03474],[-57.43714,30.031431],[80.070624,30.028122],[-142.421612,30.024813],[-4.913848,30.021504],[132.593916,30.018196],[-89.89832,30.014887],[47.609444,30.011579],[-174.882792,30.00827],[-37.375028,30.004962],[100.132736,30.001654],[-122.3595,29.998346],[15.148264,29.995038],[152.656028,29.99173],[-69.836207,29.988423],[67.671557,29.985115],[-154.820679,29.981808],[-17.312915,29.978501],[120.194849,29.975193],[-102.297387,29.971886],[35.210377,29.968579],[172.718141,29.965272],[-49.774095,29.961966],[87.733669,29.958659],[-134.758567,29.955352],[2.749197,29.952046],[140.256961,29.94874],[-82.235275,29.945433],[55.272489,29.942127],[-167.219747,29.938821],[-29.711983,29.935515],[107.795781,29.93221],[-114.696455,29.928904],[22.811309,29.925598],[160.319074,29.922293],[-62.173162,29.918988],[75.334602,29.915682],[-147.157634,29.912377],[-9.64987,29.909072],[127.857894,29.905767],[-94.634342,29.902463],[42.873422,29.899158],[-179.618814,29.895853],[-42.11105,29.892549],[95.396714,29.889245],[-127.095522,29.88594],[10.412242,29.882636],[147.920006,29.879332],[-74.57223,29.876028],[62.935534,29.872725],[-159.556702,29.869421],[-22.048938,29.866117],[115.458826,29.862814],[-107.03341,29.85951],[30.474355,29.856207],[167.982119,29.852904],[-54.510117,29.849601],[82.997647,29.846298],[-139.494589,29.842995],[-1.986825,29.839693],[135.520939,29.83639],[-86.971297,29.833087],[50.536467,29.829785],[-171.955769,29.826483],[-34.448005,29.823181],[103.059759,29.819879],[-119.432477,29.816577],[18.075287,29.813275],[155.583051,29.809973],[-66.909185,29.806672],[70.598579,29.80337],[-151.893657,29.800069],[-14.385893,29.796767],[123.121871,29.793466],[-99.370364,29.790165],[38.1374,29.786864],[175.645164,29.783563],[-46.847072,29.780263],[90.660692,29.776962],[-131.831544,29.773661],[5.67622,29.770361],[143.183984,29.767061],[-79.308252,29.76376],[58.199512,29.76046],[-164.292724,29.75716],[-26.78496,29.75386],[110.722804,29.750561],[-111.769432,29.747261],[25.738332,29.743962],[163.246096,29.740662],[-59.24614,29.737363],[78.261624,29.734064],[-144.230612,29.730764],[-6.722848,29.727465],[130.784917,29.724166],[-91.707319,29.720868],[45.800445,29.717569],[-176.691791,29.71427],[-39.184027,29.710972],[98.323737,29.707674],[-124.168499,29.704375],[13.339265,29.701077],[150.847029,29.697779],[-71.645207,29.694481],[65.862557,29.691183],[-156.629679,29.687886],[-19.121915,29.684588],[118.385849,29.681291],[-104.106387,29.677993],[33.401377,29.674696],[170.909141,29.671399],[-51.583095,29.668102],[85.924669,29.664805],[-136.567567,29.661508],[0.940198,29.658211],[138.447962,29.654915],[-84.044274,29.651618],[53.46349,29.648322],[-169.028746,29.645025],[-31.520982,29.641729],[105.986782,29.638433],[-116.505454,29.635137],[21.00231,29.631841],[158.510074,29.628546],[-63.982162,29.62525],[73.525602,29.621954],[-148.966634,29.618659],[-11.45887,29.615364],[126.048894,29.612068],[-96.443342,29.608773],[41.064422,29.605478],[178.572186,29.602183],[-43.92005,29.598889],[93.587714,29.595594],[-128.904521,29.592299],[8.603243,29.589005],[146.111007,29.58571],[-76.381229,29.582416],[61.126535,29.579122],[-161.365701,29.575828],[-23.857937,29.572534],[113.649827,29.56924],[-108.842409,29.565947],[28.665355,29.562653],[166.173119,29.559359],[-56.319117,29.556066],[81.188647,29.552773],[-141.303589,29.54948],[-3.795825,29.546187],[133.711939,29.542894],[-88.780297,29.539601],[48.727467,29.536308],[-173.764769,29.533015],[-36.257005,29.529723],[101.25076,29.52643],[-121.241476,29.523138],[16.266288,29.519846],[153.774052,29.516554],[-68.718184,29.513262],[68.78958,29.50997],[-153.702656,29.506678],[-16.194892,29.503386],[121.312872,29.500095],[-101.179364,29.496803],[36.3284,29.493512],[173.836164,29.490221],[-48.656072,29.48693],[88.851692,29.483639],[-133.640544,29.480348],[3.86722,29.477057],[141.374984,29.473766],[-81.117252,29.470475],[56.390512,29.467185],[-166.101724,29.463895],[-28.593959,29.460604],[108.913805,29.457314],[-113.578431,29.454024],[23.929333,29.450734],[161.437097,29.447444],[-61.055139,29.444154],[76.452625,29.440865],[-146.039611,29.437575],[-8.531847,29.434286],[128.975917,29.430996],[-93.516319,29.427707],[43.991445,29.424418],[-178.500791,29.421129],[-40.993027,29.41784],[96.514737,29.414551],[-125.977499,29.411263],[11.530265,29.407974],[149.038029,29.404686],[-73.454207,29.401397],[64.053557,29.398109],[-158.438678,29.394821],[-20.930914,29.391533],[116.57685,29.388245],[-105.915386,29.384957],[31.592378,29.381669],[169.100142,29.378382],[-53.392094,29.375094],[84.11567,29.371807],[-138.376566,29.368519],[-0.868802,29.365232],[136.638962,29.361945],[-85.853274,29.358658],[51.65449,29.355371],[-170.837746,29.352084],[-33.329982,29.348798],[104.177782,29.345511],[-118.314454,29.342225],[19.19331,29.338938],[156.701074,29.335652],[-65.791162,29.332366],[71.716603,29.32908],[-150.775633,29.325794],[-13.267869,29.322508],[124.239895,29.319223],[-98.252341,29.315937],[39.255423,29.312651],[176.763187,29.309366],[-45.729049,29.306081],[91.778715,29.302795],[-130.713521,29.29951],[6.794243,29.296225],[144.302007,29.292941],[-78.190229,29.289656],[59.317535,29.286371],[-163.174701,29.283087],[-25.666937,29.279802],[111.840827,29.276518],[-110.651409,29.273234],[26.856355,29.269949],[164.364119,29.266665],[-58.128116,29.263381],[79.379648,29.260098],[-143.112588,29.256814],[-5.604824,29.25353],[131.90294,29.250247],[-90.589296,29.246963],[46.918468,29.24368],[-175.573768,29.240397],[-38.066004,29.237114],[99.44176,29.233831],[-123.050476,29.230548],[14.457288,29.227265],[151.965052,29.223983],[-70.527184,29.2207],[66.98058,29.217418],[-155.511656,29.214135],[-18.003892,29.210853],[119.503872,29.207571],[-102.988364,29.204289],[34.5194,29.201007],[172.027165,29.197725],[-50.465071,29.194443],[87.042693,29.191162],[-135.449543,29.18788],[2.058221,29.184599],[139.565985,29.181318],[-82.926251,29.178036],[54.581513,29.174755],[-167.910723,29.171474],[-30.402959,29.168193],[107.104805,29.164913],[-115.387431,29.161632],[22.120333,29.158351],[159.628097,29.155071],[-62.864139,29.151791],[74.643625,29.14851],[-147.848611,29.14523],[-10.340847,29.14195],[127.166917,29.13867],[-95.325319,29.135391],[42.182446,29.132111],[179.69021,29.128831],[-42.802026,29.125552],[94.705738,29.122272],[-127.786498,29.118993],[9.721266,29.115714],[147.22903,29.112435],[-75.263206,29.109156],[62.244558,29.105877],[-160.247678,29.102598],[-22.739914,29.099319],[114.76785,29.096041],[-107.724386,29.092762],[29.783378,29.089484],[167.291142,29.086206],[-55.201094,29.082928],[82.30667,29.079649],[-140.185566,29.076372],[-2.677802,29.073094],[134.829962,29.069816],[-87.662273,29.066538],[49.845491,29.063261],[-172.646745,29.059983],[-35.138981,29.056706],[102.368783,29.053429],[-120.123453,29.050152],[17.384311,29.046875],[154.892075,29.043598],[-67.600161,29.040321],[69.907603,29.037044],[-152.584633,29.033768],[-15.076869,29.030491],[122.430895,29.027215],[-100.061341,29.023939],[37.446423,29.020662],[174.954187,29.017386],[-47.538049,29.01411],[89.969715,29.010834],[-132.522521,29.007559],[4.985243,29.004283],[142.493008,29.001008],[-79.999228,28.997732],[57.508536,28.994457],[-164.9837,28.991181],[-27.475936,28.987906],[110.031828,28.984631],[-112.460408,28.981356],[25.047356,28.978082],[162.55512,28.974807],[-59.937116,28.971532],[77.570648,28.968258],[-144.921588,28.964983],[-7.413824,28.961709],[130.09394,28.958435],[-92.398296,28.955161],[45.109468,28.951887],[-177.382768,28.948613],[-39.875004,28.945339],[97.63276,28.942065],[-124.859476,28.938792],[12.648289,28.935518],[150.156053,28.932245],[-72.336183,28.928972],[65.171581,28.925698],[-157.320655,28.922425],[-19.812891,28.919152],[117.694873,28.91588],[-104.797363,28.912607],[32.710401,28.909334],[170.218165,28.906062],[-52.274071,28.902789],[85.233693,28.899517],[-137.258543,28.896245],[0.249221,28.892972],[137.756985,28.8897],[-84.735251,28.886428],[52.772513,28.883157],[-169.719723,28.879885],[-32.211959,28.876613],[105.295805,28.873342],[-117.19643,28.87007],[20.311334,28.866799],[157.819098,28.863528],[-64.673138,28.860257],[72.834626,28.856986],[-149.65761,28.853715],[-12.149846,28.850444],[125.357918,28.847173],[-97.134318,28.843903],[40.373446,28.840632],[177.88121,28.837362],[-44.611026,28.834092],[92.896738,28.830821],[-129.595498,28.827551],[7.912266,28.824281],[145.42003,28.821011],[-77.072206,28.817742],[60.435558,28.814472],[-162.056678,28.811202],[-24.548914,28.807933],[112.958851,28.804664],[-109.533385,28.801394],[27.974379,28.798125],[165.482143,28.794856],[-57.010093,28.791587],[80.497671,28.788318],[-141.994565,28.78505],[-4.486801,28.781781],[133.020963,28.778512],[-89.471273,28.775244],[48.036491,28.771976],[-174.455745,28.768707],[-36.947981,28.765439],[100.559783,28.762171],[-121.932453,28.758903],[15.575311,28.755636],[153.083075,28.752368],[-69.409161,28.7491],[68.098603,28.745833],[-154.393633,28.742565],[-16.885868,28.739298],[120.621896,28.736031],[-101.87034,28.732764],[35.637424,28.729497],[173.145188,28.72623],[-49.347048,28.722963],[88.160716,28.719696],[-134.33152,28.71643],[3.176244,28.713163],[140.684008,28.709897],[-81.808228,28.70663],[55.699536,28.703364],[-166.7927,28.700098],[-29.284936,28.696832],[108.222828,28.693566],[-114.269408,28.6903],[23.238356,28.687035],[160.74612,28.683769],[-61.746116,28.680504],[75.761648,28.677238],[-146.730587,28.673973],[-9.222823,28.670708],[128.284941,28.667443],[-94.207295,28.664178],[43.300469,28.660913],[-179.191767,28.657648],[-41.684003,28.654384],[95.823761,28.651119],[-126.668475,28.647855],[10.839289,28.64459],[148.347053,28.641326],[-74.145183,28.638062],[63.362581,28.634798],[-159.129655,28.631534],[-21.621891,28.62827],[115.885873,28.625006],[-106.606363,28.621743],[30.901401,28.618479],[168.409165,28.615216],[-54.083071,28.611952],[83.424694,28.608689],[-139.067542,28.605426],[-1.559778,28.602163],[135.947986,28.5989],[-86.54425,28.595637],[50.963514,28.592374],[-171.528722,28.589112],[-34.020958,28.585849],[103.486806,28.582587],[-119.00543,28.579324],[18.502334,28.576062],[156.010098,28.5728],[-66.482138,28.569538],[71.025626,28.566276],[-151.46661,28.563014],[-13.958846,28.559753],[123.548918,28.556491],[-98.943318,28.553229],[38.564446,28.549968],[176.07221,28.546707],[-46.420025,28.543445],[91.087739,28.540184],[-131.404497,28.536923],[6.103267,28.533662],[143.611031,28.530402],[-78.881205,28.527141],[58.626559,28.52388],[-163.865677,28.52062],[-26.357913,28.517359],[111.149851,28.514099],[-111.342385,28.510839],[26.165379,28.507579],[163.673143,28.504319],[-58.819093,28.501059],[78.688671,28.497799],[-143.803565,28.494539],[-6.295801,28.49128],[131.211963,28.48802],[-91.280273,28.484761],[46.227491,28.481501],[-176.264744,28.478242],[-38.75698,28.474983],[98.750784,28.471724],[-123.741452,28.468465],[13.766312,28.465206],[151.274076,28.461948],[-71.21816,28.458689],[66.289604,28.455431],[-156.202632,28.452172],[-18.694868,28.448914],[118.812896,28.445656],[-103.67934,28.442398],[33.828424,28.43914],[171.336188,28.435882],[-51.156048,28.432624],[86.351716,28.429366],[-136.14052,28.426109],[1.367244,28.422851],[138.875008,28.419594],[-83.617228,28.416336],[53.890537,28.413079],[-168.601699,28.409822],[-31.093935,28.406565],[106.413829,28.403308],[-116.078407,28.400052],[21.429357,28.396795],[158.937121,28.393538],[-63.555115,28.390282],[73.952649,28.387025],[-148.539587,28.383769],[-11.031823,28.380513],[126.475941,28.377257],[-96.016295,28.374001],[41.491469,28.370745],[178.999233,28.367489],[-43.493003,28.364233],[94.014761,28.360978],[-128.477475,28.357722],[9.030289,28.354467],[146.538053,28.351212],[-75.954182,28.347956],[61.553582,28.344701],[-160.938654,28.341446],[-23.43089,28.338191],[114.076874,28.334937],[-108.415362,28.331682],[29.092402,28.328427],[166.600166,28.325173],[-55.89207,28.321918],[81.615694,28.318664],[-140.876542,28.31541],[-3.368778,28.312156],[134.138986,28.308902],[-88.35325,28.305648],[49.154514,28.302394],[-173.337722,28.29914],[-35.829958,28.295887],[101.677806,28.292633],[-120.81443,28.28938],[16.693334,28.286127],[154.201099,28.282873],[-68.291137,28.27962],[69.216627,28.276367],[-153.275609,28.273114],[-15.767845,28.269862],[121.739919,28.266609],[-100.752317,28.263356],[36.755447,28.260104],[174.263211,28.256851],[-48.229025,28.253599],[89.278739,28.250347],[-133.213497,28.247095],[4.294267,28.243843],[141.802031,28.240591],[-80.690205,28.237339],[56.817559,28.234087],[-165.674677,28.230836],[-28.166913,28.227584],[109.340851,28.224333],[-113.151385,28.221081],[24.35638,28.21783],[161.864144,28.214579],[-60.628092,28.211328],[76.879672,28.208077],[-145.612564,28.204826],[-8.1048,28.201576],[129.402964,28.198325],[-93.089272,28.195074],[44.418492,28.191824],[-178.073744,28.188574],[-40.56598,28.185323],[96.941784,28.182073],[-125.550452,28.178823],[11.957312,28.175573],[149.465076,28.172324],[-73.02716,28.169074],[64.480604,28.165824],[-158.011632,28.162575],[-20.503868,28.159325],[117.003896,28.156076],[-105.488339,28.152827],[32.019425,28.149577],[169.527189,28.146328],[-52.965047,28.143079],[84.542717,28.139831],[-137.949519,28.136582],[-0.441755,28.133333],[137.066009,28.130085],[-85.426227,28.126836],[52.081537,28.123588],[-170.410699,28.12034],[-32.902935,28.117091],[104.604829,28.113843],[-117.887407,28.110595],[19.620357,28.107348],[157.128121,28.1041],[-65.364115,28.100852],[72.143649,28.097605],[-150.348587,28.094357],[-12.840822,28.09111],[124.666942,28.087862],[-97.825294,28.084615],[39.68247,28.081368],[177.190234,28.078121],[-45.302002,28.074874],[92.205762,28.071628],[-130.286474,28.068381],[7.22129,28.065134],[144.729054,28.061888],[-77.763182,28.058641],[59.744582,28.055395],[-162.747654,28.052149],[-25.23989,28.048903],[112.267874,28.045657],[-110.224362,28.042411],[27.283402,28.039165],[164.791166,28.035919],[-57.70107,28.032674],[79.806694,28.029428],[-142.685541,28.026183],[-5.177777,28.022938],[132.329987,28.019692],[-90.162249,28.016447],[47.345515,28.013202],[-175.146721,28.009957],[-37.638957,28.006712],[99.868807,28.003468],[-122.623429,28.000223],[14.884335,27.996979],[152.392099,27.993734],[-70.100137,27.99049],[67.407627,27.987246],[-155.084609,27.984001],[-17.576845,27.980757],[119.930919,27.977513],[-102.561317,27.97427],[34.946447,27.971026],[172.454211,27.967782],[-50.038025,27.964539],[87.46974,27.961295],[-135.022496,27.958052],[2.485268,27.954808],[139.993032,27.951565],[-82.499204,27.948322],[55.00856,27.945079],[-167.483676,27.941836],[-29.975912,27.938594],[107.531852,27.935351],[-114.960384,27.932108],[22.54738,27.928866],[160.055144,27.925623],[-62.437092,27.922381],[75.070672,27.919139],[-147.421564,27.915897],[-9.9138,27.912655],[127.593964,27.909413],[-94.898272,27.906171],[42.609492,27.902929],[-179.882744,27.899688],[-42.374979,27.896446],[95.132785,27.893205],[-127.359451,27.889964],[10.148313,27.886722],[147.656077,27.883481],[-74.836159,27.88024],[62.671605,27.876999],[-159.820631,27.873758],[-22.312867,27.870518],[115.194897,27.867277],[-107.297339,27.864037],[30.210425,27.860796],[167.718189,27.857556],[-54.774047,27.854316],[82.733717,27.851075],[-139.758519,27.847835],[-2.250755,27.844595],[135.257009,27.841355],[-87.235227,27.838116],[50.272537,27.834876],[-172.219698,27.831636],[-34.711934,27.828397],[102.79583,27.825158],[-119.696406,27.821918],[17.811358,27.818679],[155.319122,27.81544],[-67.173114,27.812201],[70.33465,27.808962],[-152.157586,27.805723],[-14.649822,27.802485],[122.857942,27.799246],[-99.634294,27.796008],[37.87347,27.792769],[175.381234,27.789531],[-47.111002,27.786293],[90.396762,27.783054],[-132.095474,27.779816],[5.41229,27.776578],[142.920054,27.773341],[-79.572182,27.770103],[57.935583,27.766865],[-164.556653,27.763628],[-27.048889,27.76039],[110.458875,27.757153],[-112.033361,27.753916],[25.474403,27.750678],[162.982167,27.747441],[-59.510069,27.744204],[77.997695,27.740968],[-144.494541,27.737731],[-6.986777,27.734494],[130.520987,27.731258],[-91.971249,27.728021],[45.536515,27.724785],[-176.955721,27.721548],[-39.447957,27.718312],[98.059807,27.715076],[-124.432429,27.71184],[13.075335,27.708604],[150.583099,27.705368],[-71.909136,27.702133],[65.598628,27.698897],[-156.893608,27.695661],[-19.385844,27.692426],[118.12192,27.689191],[-104.370316,27.685955],[33.137448,27.68272],[170.645212,27.679485],[-51.847024,27.67625],[85.66074,27.673015],[-136.831496,27.669781],[0.676268,27.666546],[138.184032,27.663311],[-84.308204,27.660077],[53.19956,27.656843],[-169.292676,27.653608],[-31.784912,27.650374],[105.722852,27.64714],[-116.769384,27.643906],[20.73838,27.640672],[158.246145,27.637438],[-64.246091,27.634205],[73.261673,27.630971],[-149.230563,27.627737],[-11.722799,27.624504],[125.784965,27.621271],[-96.707271,27.618037],[40.800493,27.614804],[178.308257,27.611571],[-44.183979,27.608338],[93.323785,27.605105],[-129.168451,27.601873],[8.339313,27.59864],[145.847077,27.595407],[-76.645159,27.592175],[60.862605,27.588943],[-161.629631,27.58571],[-24.121867,27.582478],[113.385897,27.579246],[-109.106339,27.576014],[28.401426,27.572782],[165.90919,27.56955],[-56.583046,27.566319],[80.924718,27.563087],[-141.567518,27.559856],[-4.059754,27.556624],[133.44801,27.553393],[-89.044226,27.550162],[48.463538,27.54693],[-174.028698,27.543699],[-36.520934,27.540468],[100.98683,27.537238],[-121.505406,27.534007],[16.002358,27.530776],[153.510122,27.527546],[-68.982114,27.524315],[68.52565,27.521085],[-153.966586,27.517854],[-16.458822,27.514624],[121.048942,27.511394],[-101.443293,27.508164],[36.064471,27.504934],[173.572235,27.501704],[-48.920001,27.498475],[88.587763,27.495245],[-133.904473,27.492016],[3.603291,27.488786],[141.111055,27.485557],[-81.381181,27.482328],[56.126583,27.479098],[-166.365653,27.475869],[-28.857889,27.47264],[108.649875,27.469412],[-113.842361,27.466183],[23.665403,27.462954],[161.173167,27.459726],[-61.319069,27.456497],[76.188695,27.453269],[-146.303541,27.45004],[-8.795777,27.446812],[128.711988,27.443584],[-93.780248,27.440356],[43.727516,27.437128],[-178.76472,27.4339],[-41.256956,27.430673],[96.250808,27.427445],[-126.241428,27.424217],[11.266336,27.42099],[148.7741,27.417763],[-73.718136,27.414535],[63.789628,27.411308],[-158.702608,27.408081],[-21.194844,27.404854],[116.31292,27.401627],[-106.179316,27.398401],[31.328448,27.395174],[168.836212,27.391947],[-53.656024,27.388721],[83.85174,27.385494],[-138.640496,27.382268],[-1.132731,27.379042],[136.375033,27.375816],[-86.117203,27.37259],[51.390561,27.369364],[-171.101675,27.366138],[-33.593911,27.362912],[103.913853,27.359686],[-118.578383,27.356461],[18.929381,27.353235],[156.437145,27.35001],[-66.055091,27.346785],[71.452673,27.34356],[-151.039563,27.340334],[-13.531799,27.337109],[123.975965,27.333885],[-98.516271,27.33066],[38.991493,27.327435],[176.499257,27.32421],[-45.992979,27.320986],[91.514785,27.317761],[-130.97745,27.314537],[6.530314,27.311313],[144.038078,27.308089],[-78.454158,27.304865],[59.053606,27.301641],[-163.43863,27.298417],[-25.930866,27.295193],[111.576898,27.291969],[-110.915338,27.288746],[26.592426,27.285522],[164.10019,27.282299],[-58.392046,27.279076],[79.115718,27.275852],[-143.376518,27.272629],[-5.868754,27.269406],[131.63901,27.266183],[-90.853226,27.26296],[46.654538,27.259738],[-175.837698,27.256515],[-38.329934,27.253292],[99.177831,27.25007],[-123.314405,27.246848],[14.193359,27.243625],[151.701123,27.240403],[-70.791113,27.237181],[66.716651,27.233959],[-155.775585,27.230737],[-18.267821,27.227515],[119.239943,27.224294],[-103.252293,27.221072],[34.255471,27.21785],[171.763235,27.214629],[-50.729001,27.211408],[86.778763,27.208186],[-135.713473,27.204965],[1.794291,27.201744],[139.302055,27.198523],[-83.190181,27.195302],[54.317583,27.192081],[-168.174653,27.188861],[-30.666888,27.18564],[106.840876,27.18242],[-115.65136,27.179199],[21.856404,27.175979],[159.364168,27.172759],[-63.128068,27.169538],[74.379696,27.166318],[-148.11254,27.163098],[-10.604776,27.159879],[126.902988,27.156659],[-95.589248,27.153439],[41.918516,27.15022],[179.42628,27.147],[-43.065956,27.143781],[94.441808,27.140561],[-128.050428,27.137342],[9.457336,27.134123],[146.9651,27.130904],[-75.527136,27.127685],[61.980628,27.124466],[-160.511607,27.121247],[-23.003843,27.118029],[114.503921,27.11481],[-107.988315,27.111592],[29.519449,27.108373],[167.027213,27.105155],[-55.465023,27.101937],[82.042741,27.098719],[-140.449495,27.095501],[-2.941731,27.092283],[134.566033,27.089065],[-87.926203,27.085847],[49.581561,27.08263],[-172.910675,27.079412],[-35.402911,27.076195],[102.104853,27.072977],[-120.387383,27.06976],[17.120381,27.066543],[154.628145,27.063326],[-67.864091,27.060109],[69.643674,27.056892],[-152.848562,27.053675],[-15.340798,27.050458],[122.166966,27.047242],[-100.32527,27.044025],[37.182494,27.040809],[174.690258,27.037592],[-47.801978,27.034376],[89.705786,27.03116],[-132.78645,27.027944],[4.721314,27.024728],[142.229078,27.021512],[-80.263158,27.018296],[57.244606,27.01508],[-165.24763,27.011865],[-27.739866,27.008649],[109.767898,27.005434],[-112.724338,27.002219],[24.783426,26.999003],[162.29119,26.995788],[-60.201045,26.992573],[77.306719,26.989358],[-145.185517,26.986143],[-7.677753,26.982928],[129.830011,26.979714],[-92.662225,26.976499],[44.845539,26.973285],[-177.646697,26.97007],[-40.138933,26.966856],[97.368831,26.963642],[-125.123405,26.960428],[12.384359,26.957213],[149.892123,26.954],[-72.600113,26.950786],[64.907651,26.947572],[-157.584585,26.944358],[-20.076821,26.941145],[117.430943,26.937931],[-105.061293,26.934718],[32.446471,26.931504],[169.954236,26.928291],[-52.538,26.925078],[84.969764,26.921865],[-137.522472,26.918652],[-0.014708,26.915439],[137.493056,26.912226],[-84.99918,26.909014],[52.508584,26.905801],[-169.983652,26.902589],[-32.475888,26.899376],[105.031876,26.896164],[-117.46036,26.892952],[20.047404,26.88974],[157.555168,26.886528],[-64.937068,26.883316],[72.570696,26.880104],[-149.92154,26.876892],[-12.413776,26.87368],[125.093988,26.870469],[-97.398248,26.867257],[40.109517,26.864046],[177.617281,26.860834],[-44.874955,26.857623],[92.632809,26.854412],[-129.859427,26.851201],[7.648337,26.84799],[145.156101,26.844779],[-77.336135,26.841569],[60.171629,26.838358],[-162.320607,26.835147],[-24.812843,26.831937],[112.694921,26.828726],[-109.797315,26.825516],[27.710449,26.822306],[165.218213,26.819096],[-57.274023,26.815886],[80.233741,26.812676],[-142.258495,26.809466],[-4.750731,26.806256],[132.757033,26.803046],[-89.735202,26.799837],[47.772562,26.796627],[-174.719674,26.793418],[-37.21191,26.790209],[100.295854,26.787],[-122.196382,26.78379],[15.311382,26.780581],[152.819146,26.777372],[-69.67309,26.774164],[67.834674,26.770955],[-154.657562,26.767746],[-17.149798,26.764538],[120.357966,26.761329],[-102.13427,26.758121],[35.373494,26.754912],[172.881258,26.751704],[-49.610978,26.748496],[87.896786,26.745288],[-134.59545,26.74208],[2.912314,26.738872],[140.420079,26.735664],[-82.072157,26.732457],[55.435607,26.729249],[-167.056629,26.726042],[-29.548865,26.722834],[107.958899,26.719627],[-114.533337,26.71642],[22.974427,26.713213],[160.482191,26.710005],[-62.010045,26.706799],[75.497719,26.703592],[-146.994517,26.700385],[-9.486753,26.697178],[128.021011,26.693972],[-94.471225,26.690765],[43.036539,26.687559],[-179.455697,26.684352],[-41.947933,26.681146],[95.559831,26.67794],[-126.932405,26.674734],[10.57536,26.671528],[148.083124,26.668322],[-74.409112,26.665116],[63.098652,26.661911],[-159.393584,26.658705],[-21.88582,26.6555],[115.621944,26.652294],[-106.870292,26.649089],[30.637472,26.645884],[168.145236,26.642678],[-54.347,26.639473],[83.160764,26.636268],[-139.331472,26.633063],[-1.823708,26.629859],[135.684056,26.626654],[-86.80818,26.623449],[50.699584,26.620245],[-171.792652,26.61704],[-34.284888,26.613836],[103.222876,26.610632],[-119.269359,26.607428],[18.238405,26.604224],[155.746169,26.60102],[-66.746067,26.597816],[70.761697,26.594612],[-151.730539,26.591408],[-14.222775,26.588205],[123.284989,26.585001],[-99.207247,26.581798],[38.300517,26.578594],[175.808281,26.575391],[-46.683955,26.572188],[90.823809,26.568985],[-131.668427,26.565782],[5.839337,26.562579],[143.347101,26.559376],[-79.145135,26.556173],[58.362629,26.552971],[-164.129607,26.549768],[-26.621843,26.546566],[110.885922,26.543363],[-111.606314,26.540161],[25.90145,26.536959],[163.409214,26.533757],[-59.083022,26.530555],[78.424742,26.527353],[-144.067494,26.524151],[-6.55973,26.520949],[130.948034,26.517748],[-91.544202,26.514546],[45.963562,26.511344],[-176.528674,26.508143],[-39.02091,26.504942],[98.486854,26.501741],[-124.005382,26.498539],[13.502382,26.495338],[151.010146,26.492137],[-71.48209,26.488937],[66.025674,26.485736],[-156.466562,26.482535],[-18.958797,26.479335],[118.548967,26.476134],[-103.943269,26.472934],[33.564495,26.469733],[171.072259,26.466533],[-51.419977,26.463333],[86.087787,26.460133],[-136.404449,26.456933],[1.103315,26.453733],[138.611079,26.450533],[-83.881157,26.447334],[53.626607,26.444134],[-168.865629,26.440935],[-31.357865,26.437735],[106.149899,26.434536],[-116.342337,26.431337],[21.165427,26.428137],[158.673191,26.424938],[-63.819045,26.421739],[73.688719,26.41854],[-148.803516,26.415342],[-11.295752,26.412143],[126.212012,26.408944],[-96.280224,26.405746],[41.22754,26.402547],[178.735304,26.399349],[-43.756932,26.396151],[93.750832,26.392952],[-128.741404,26.389754],[8.76636,26.386556],[146.274124,26.383358],[-76.218112,26.380161],[61.289652,26.376963],[-161.202584,26.373765],[-23.69482,26.370568],[113.812944,26.36737],[-108.679292,26.364173],[28.828472,26.360975],[166.336236,26.357778],[-56.156,26.354581],[81.351765,26.351384],[-141.140471,26.348187],[-3.632707,26.34499],[133.875057,26.341793],[-88.617179,26.338597],[48.890585,26.3354],[-173.601651,26.332204],[-36.093887,26.329007],[101.413877,26.325811],[-121.078359,26.322615],[16.429405,26.319419],[153.937169,26.316222],[-68.555067,26.313026],[68.952697,26.309831],[-153.539539,26.306635],[-16.031775,26.303439],[121.475989,26.300243],[-101.016247,26.297048],[36.491517,26.293852],[173.999281,26.290657],[-48.492954,26.287462],[89.01481,26.284267],[-133.477426,26.281072],[4.030338,26.277877],[141.538102,26.274682],[-80.954134,26.271487],[56.55363,26.268292],[-165.938606,26.265097],[-28.430842,26.261903],[109.076922,26.258708],[-113.415314,26.255514],[24.09245,26.25232],[161.600214,26.249125],[-60.892022,26.245931],[76.615742,26.242737],[-145.876494,26.239543],[-8.36873,26.236349],[129.139034,26.233156],[-93.353202,26.229962],[44.154562,26.226768],[-178.337673,26.223575],[-40.829909,26.220381],[96.677855,26.217188],[-125.814381,26.213995],[11.693383,26.210802],[149.201147,26.207609],[-73.291089,26.204416],[64.216675,26.201223],[-158.275561,26.19803],[-20.767797,26.194837],[116.739967,26.191644],[-105.752269,26.188452],[31.755495,26.185259],[169.263259,26.182067],[-53.228977,26.178875],[84.278787,26.175683],[-138.213449,26.17249],[-0.705685,26.169298],[136.802079,26.166107],[-85.690157,26.162915],[51.817608,26.159723],[-170.674628,26.156531],[-33.166864,26.15334],[104.3409,26.150148],[-118.151336,26.146957],[19.356428,26.143765],[156.864192,26.140574],[-65.628044,26.137383],[71.87972,26.134192],[-150.612516,26.131001],[-13.104752,26.12781],[124.403012,26.124619],[-98.089224,26.121429],[39.41854,26.118238],[176.926304,26.115047],[-45.565932,26.111857],[91.941832,26.108667],[-130.550404,26.105476],[6.95736,26.102286],[144.465124,26.099096],[-78.027111,26.095906],[59.480653,26.092716],[-163.011583,26.089526],[-25.503819,26.086336],[112.003945,26.083147],[-110.488291,26.079957],[27.019473,26.076768],[164.527237,26.073578],[-57.964999,26.070389],[79.542765,26.0672],[-142.949471,26.06401],[-5.441707,26.060821],[132.066057,26.057632],[-90.426179,26.054444],[47.081585,26.051255],[-175.410651,26.048066],[-37.902887,26.044877],[99.604877,26.041689],[-122.887359,26.0385],[14.620405,26.035312],[152.12817,26.032124],[-70.364066,26.028936],[67.143698,26.025747],[-155.348538,26.022559],[-17.840774,26.019371],[119.66699,26.016184],[-102.825246,26.012996],[34.682518,26.009808],[172.190282,26.006621],[-50.301954,26.003433],[87.20581,26.000246],[-135.286426,25.997058],[2.221338,25.993871],[139.729102,25.990684],[-82.763134,25.987497],[54.74463,25.98431],[-167.747606,25.981123],[-30.239842,25.977936],[107.267922,25.974749],[-115.224314,25.971563],[22.283451,25.968376],[159.791215,25.96519],[-62.701021,25.962003],[74.806743,25.958817],[-147.685493,25.955631],[-10.177729,25.952445],[127.330035,25.949259],[-95.162201,25.946073],[42.345563,25.942887],[179.853327,25.939701],[-42.638909,25.936515],[94.868855,25.93333],[-127.623381,25.930144],[9.884383,25.926959],[147.392147,25.923773],[-75.100089,25.920588],[62.407675,25.917403],[-160.084561,25.914218],[-22.576797,25.911033],[114.930967,25.907848],[-107.561268,25.904663],[29.946496,25.901478],[167.45426,25.898294],[-55.037976,25.895109],[82.469788,25.891925],[-140.022448,25.88874],[-2.514684,25.885556],[134.99308,25.882372],[-87.499156,25.879188],[50.008608,25.876004],[-172.483628,25.87282],[-34.975864,25.869636],[102.5319,25.866452],[-119.960336,25.863268],[17.547428,25.860085],[155.055192,25.856901],[-67.437044,25.853718],[70.07072,25.850534],[-152.421516,25.847351],[-14.913752,25.844168],[122.594013,25.840985],[-99.898223,25.837802],[37.609541,25.834619],[175.117305,25.831436],[-47.374931,25.828253],[90.132833,25.82507],[-132.359403,25.821888],[5.148361,25.818705],[142.656125,25.815523],[-79.836111,25.81234],[57.671653,25.809158],[-164.820583,25.805976],[-27.312819,25.802794],[110.194945,25.799612],[-112.297291,25.79643],[25.210473,25.793248],[162.718237,25.790066],[-59.773999,25.786885],[77.733765,25.783703],[-144.758471,25.780522],[-7.250706,25.77734],[130.257058,25.774159],[-92.235178,25.770978],[45.272586,25.767796],[-177.21965,25.764615],[-39.711886,25.761434],[97.795878,25.758254],[-124.696358,25.755073],[12.811406,25.751892],[150.31917,25.748711],[-72.173066,25.745531],[65.334698,25.74235],[-157.157538,25.73917],[-19.649774,25.73599],[117.85799,25.732809],[-104.634246,25.729629],[32.873518,25.726449],[170.381282,25.723269],[-52.110954,25.720089],[85.39681,25.71691],[-137.095425,25.71373],[0.412339,25.71055],[137.920103,25.707371],[-84.572133,25.704191],[52.935631,25.701012],[-169.556605,25.697833],[-32.048841,25.694654],[105.458923,25.691474],[-117.033313,25.688295],[20.474451,25.685116],[157.982215,25.681938],[-64.510021,25.678759],[72.997743,25.67558],[-149.494493,25.672402],[-11.986729,25.669223],[125.521035,25.666045],[-96.971201,25.662866],[40.536563,25.659688],[178.044327,25.65651],[-44.447909,25.653332],[93.059856,25.650154],[-129.43238,25.646976],[8.075384,25.643798],[145.583148,25.64062],[-76.909088,25.637443],[60.598676,25.634265],[-161.89356,25.631087],[-24.385796,25.62791],[113.121968,25.624733],[-109.370268,25.621555],[28.137496,25.618378],[165.64526,25.615201],[-56.846976,25.612024],[80.660788,25.608847],[-141.831448,25.60567],[-4.323684,25.602494],[133.18408,25.599317],[-89.308156,25.596141],[48.199608,25.592964],[-174.292628,25.589788],[-36.784863,25.586611],[100.722901,25.583435],[-121.769335,25.580259],[15.738429,25.577083],[153.246193,25.573907],[-69.246043,25.570731],[68.261721,25.567555],[-154.230515,25.564379],[-16.722751,25.561204],[120.785013,25.558028],[-101.707223,25.554853],[35.800541,25.551677],[173.308305,25.548502],[-49.183931,25.545327],[88.323833,25.542152],[-134.168403,25.538977],[3.339361,25.535802],[140.847125,25.532627],[-81.645111,25.529452],[55.862653,25.526277],[-166.629582,25.523103],[-29.121818,25.519928],[108.385946,25.516754],[-114.10629,25.513579],[23.401474,25.510405],[160.909238,25.507231],[-61.582998,25.504057],[75.924766,25.500883],[-146.56747,25.497709],[-9.059706,25.494535],[128.448058,25.491361],[-94.044178,25.488187],[43.463586,25.485014],[-179.02865,25.48184],[-41.520886,25.478667],[95.986878,25.475493],[-126.505358,25.47232],[11.002406,25.469147],[148.51017,25.465974],[-73.982066,25.462801],[63.525699,25.459628],[-158.966537,25.456455],[-21.458773,25.453282],[116.048991,25.450109],[-106.443245,25.446937],[31.064519,25.443764],[168.572283,25.440592],[-53.919953,25.437419],[83.587811,25.434247],[-138.904425,25.431075],[-1.396661,25.427903],[136.111103,25.424731],[-86.381133,25.421559],[51.126631,25.418387],[-171.365605,25.415215],[-33.857841,25.412043],[103.649923,25.408872],[-118.842313,25.4057],[18.665451,25.402529],[156.173215,25.399357],[-66.31902,25.396186],[71.188744,25.393015],[-151.303492,25.389844],[-13.795728,25.386673],[123.712036,25.383502],[-98.7802,25.380331],[38.727564,25.37716],[176.235328,25.373989],[-46.256908,25.370819],[91.250856,25.367648],[-131.24138,25.364478],[6.266384,25.361307],[143.774148,25.358137],[-78.718088,25.354967],[58.789676,25.351797],[-163.70256,25.348627],[-26.194796,25.345457],[111.312968,25.342287],[-111.179268,25.339117],[26.328496,25.335947],[163.836261,25.332778],[-58.655975,25.329608],[78.851789,25.326439],[-143.640447,25.323269],[-6.132683,25.3201],[131.375081,25.316931],[-91.117155,25.313762],[46.390609,25.310593],[-176.101627,25.307424],[-38.593863,25.304255],[98.913901,25.301086],[-123.578335,25.297917],[13.929429,25.294749],[151.437193,25.29158],[-71.055043,25.288412],[66.452721,25.285243],[-156.039515,25.282075],[-18.531751,25.278907],[118.976013,25.275739],[-103.516223,25.272571],[33.991542,25.269403],[171.499306,25.266235],[-50.99293,25.263067],[86.514834,25.259899],[-135.977402,25.256732],[1.530362,25.253564],[139.038126,25.250397],[-83.45411,25.247229],[54.053654,25.244062],[-168.438582,25.240895],[-30.930818,25.237728],[106.576946,25.23456],[-115.91529,25.231393],[21.592474,25.228227],[159.100238,25.22506],[-63.391998,25.221893],[74.115766,25.218726],[-148.37647,25.21556],[-10.868706,25.212393],[126.639058,25.209227],[-95.853177,25.206061],[41.654587,25.202894],[179.162351,25.199728],[-43.329885,25.196562],[94.177879,25.193396],[-128.314357,25.19023],[9.193407,25.187064],[146.701171,25.183899],[-75.791065,25.180733],[61.716699,25.177567],[-160.775537,25.174402],[-23.267773,25.171237],[114.239991,25.168071],[-108.252245,25.164906],[29.255519,25.161741],[166.763283,25.158576],[-55.728953,25.155411],[81.778811,25.152246],[-140.713425,25.149081],[-3.205661,25.145916],[134.302104,25.142752],[-88.190132,25.139587],[49.317632,25.136422],[-173.174604,25.133258],[-35.66684,25.130094],[101.840924,25.126929],[-120.651312,25.123765],[16.856452,25.120601],[154.364216,25.117437],[-68.12802,25.114273],[69.379744,25.111109],[-153.112492,25.107946],[-15.604728,25.104782],[121.903036,25.101618],[-100.5892,25.098455],[36.918564,25.095291],[174.426328,25.092128],[-48.065908,25.088965],[89.441856,25.085801],[-133.05038,25.082638],[4.457385,25.079475],[141.965149,25.076312],[-80.527087,25.07315],[56.980677,25.069987],[-165.511559,25.066824],[-28.003795,25.063661],[109.503969,25.060499],[-112.988267,25.057336],[24.519497,25.054174],[162.027261,25.051012],[-60.464975,25.047849],[77.042789,25.044687],[-145.449447,25.041525],[-7.941683,25.038363],[129.566081,25.035201],[-92.926155,25.03204],[44.581609,25.028878],[-177.910627,25.025716],[-40.402863,25.022555],[97.104901,25.019393],[-125.387334,25.016232],[12.12043,25.01307],[149.628194,25.009909],[-72.864042,25.006748],[64.643722,25.003587],[-157.848514,25.000426],[-20.34075,24.997265],[117.167014,24.994104],[-105.325222,24.990943],[32.182542,24.987783],[169.690306,24.984622],[-52.80193,24.981462],[84.705834,24.978301],[-137.786402,24.975141],[-0.278638,24.971981],[137.229126,24.96882],[-85.26311,24.96566],[52.244654,24.9625],[-170.247582,24.95934],[-32.739818,24.956181],[104.767947,24.953021],[-117.724289,24.949861],[19.783475,24.946701],[157.291239,24.943542],[-65.200997,24.940382],[72.306767,24.937223],[-150.185469,24.934064],[-12.677705,24.930905],[124.830059,24.927745],[-97.662177,24.924586],[39.845587,24.921427],[177.353351,24.918269],[-45.138885,24.91511],[92.368879,24.911951],[-130.123357,24.908792],[7.384407,24.905634],[144.892171,24.902475],[-77.600065,24.899317],[59.907699,24.896159],[-162.584537,24.893],[-25.076772,24.889842],[112.430992,24.886684],[-110.061244,24.883526],[27.44652,24.880368],[164.954284,24.87721],[-57.537952,24.874053],[79.969812,24.870895],[-142.522424,24.867737],[-5.01466,24.86458],[132.493104,24.861422],[-89.999132,24.858265],[47.508632,24.855108],[-174.983604,24.851951],[-37.47584,24.848793],[100.031924,24.845636],[-122.460312,24.84248],[15.047452,24.839323],[152.555216,24.836166],[-69.93702,24.833009],[67.570744,24.829853],[-154.921491,24.826696],[-17.413727,24.82354],[120.094037,24.820383],[-102.398199,24.817227],[35.109565,24.814071],[172.617329,24.810914],[-49.874907,24.807758],[87.632857,24.804602],[-134.859379,24.801446],[2.648385,24.798291],[140.156149,24.795135],[-82.336087,24.791979],[55.171677,24.788824],[-167.320559,24.785668],[-29.812795,24.782513],[107.694969,24.779357],[-114.797267,24.776202],[22.710497,24.773047],[160.218261,24.769892],[-62.273975,24.766737],[75.23379,24.763582],[-147.258446,24.760427],[-9.750682,24.757272],[127.757082,24.754118],[-94.735154,24.750963],[42.77261,24.747808],[-179.719626,24.744654],[-42.211862,24.7415],[95.295902,24.738345],[-127.196334,24.735191],[10.31143,24.732037],[147.819194,24.728883],[-74.673042,24.725729],[62.834722,24.722575],[-159.657514,24.719421],[-22.14975,24.716267],[115.358014,24.713114],[-107.134222,24.70996],[30.373542,24.706807],[167.881306,24.703653],[-54.610929,24.7005],[82.896835,24.697347],[-139.595401,24.694193],[-2.087637,24.69104],[135.420127,24.687887],[-87.072109,24.684734],[50.435655,24.681581],[-172.056581,24.678429],[-34.548817,24.675276],[102.958947,24.672123],[-119.533289,24.668971],[17.974475,24.665818],[155.482239,24.662666],[-67.009997,24.659514],[70.497767,24.656361],[-151.994469,24.653209],[-14.486705,24.650057],[123.021059,24.646905],[-99.471177,24.643753],[38.036587,24.640602],[175.544352,24.63745],[-46.947884,24.634298],[90.55988,24.631147],[-131.932356,24.627995],[5.575408,24.624844],[143.083172,24.621692],[-79.409064,24.618541],[58.0987,24.61539],[-164.393536,24.612239],[-26.885772,24.609088],[110.621992,24.605937],[-111.870244,24.602786],[25.63752,24.599635],[163.145284,24.596484],[-59.346952,24.593334],[78.160812,24.590183],[-144.331424,24.587033],[-6.82366,24.583882],[130.684104,24.580732],[-91.808132,24.577582],[45.699633,24.574431],[-176.792603,24.571281],[-39.284839,24.568131],[98.222925,24.564981],[-124.269311,24.561832],[13.238453,24.558682],[150.746217,24.555532],[-71.746019,24.552383],[65.761745,24.549233],[-156.730491,24.546084],[-19.222727,24.542934],[118.285037,24.539785],[-104.207199,24.536636],[33.300565,24.533487],[170.808329,24.530338],[-51.683907,24.527189],[85.823857,24.52404],[-136.668379,24.520891],[0.839385,24.517742],[138.347149,24.514593],[-84.145086,24.511445],[53.362678,24.508296],[-169.129558,24.505148],[-31.621794,24.502],[105.88597,24.498851],[-116.606266,24.495703],[20.901498,24.492555],[158.409262,24.489407],[-64.082974,24.486259],[73.42479,24.483111],[-149.067446,24.479963],[-11.559682,24.476816],[125.948082,24.473668],[-96.544154,24.470521],[40.96361,24.467373],[178.471374,24.464226],[-44.020862,24.461078],[93.486902,24.457931],[-129.005334,24.454784],[8.50243,24.451637],[146.010195,24.44849],[-76.482041,24.445343],[61.025723,24.442196],[-161.466513,24.439049],[-23.958749,24.435903],[113.549015,24.432756],[-108.943221,24.429609],[28.564543,24.426463],[166.072307,24.423317],[-56.419929,24.42017],[81.087835,24.417024],[-141.404401,24.413878],[-3.896637,24.410732],[133.611127,24.407586],[-88.881109,24.40444],[48.626655,24.401294],[-173.865581,24.398148],[-36.357817,24.395003],[101.149947,24.391857],[-121.342289,24.388712],[16.165476,24.385566],[153.67324,24.382421],[-68.818996,24.379276],[68.688768,24.37613],[-153.803468,24.372985],[-16.295704,24.36984],[121.21206,24.366695],[-101.280176,24.36355],[36.227588,24.360406],[173.735352,24.357261],[-48.756884,24.354116],[88.75088,24.350972],[-133.741356,24.347827],[3.766408,24.344683],[141.274172,24.341538],[-81.218064,24.338394],[56.2897,24.33525],[-166.202536,24.332106],[-28.694772,24.328962],[108.812992,24.325818],[-113.679243,24.322674],[23.828521,24.31953],[161.336285,24.316386],[-61.155951,24.313243],[76.351813,24.310099],[-146.140423,24.306956],[-8.632659,24.303812],[128.875105,24.300669],[-93.617131,24.297526],[43.890633,24.294383],[-178.601603,24.291239],[-41.093839,24.288096],[96.413925,24.284954],[-126.078311,24.281811],[11.429453,24.278668],[148.937217,24.275525],[-73.555019,24.272383],[63.952745,24.26924],[-158.539491,24.266098],[-21.031727,24.262955],[116.476038,24.259813],[-106.016198,24.256671],[31.491566,24.253528],[168.99933,24.250386],[-53.492906,24.247244],[84.014858,24.244102],[-138.477378,24.240961],[-0.969614,24.237819],[136.53815,24.234677],[-85.954086,24.231535],[51.553678,24.228394],[-170.938558,24.225252],[-33.430794,24.222111],[104.07697,24.21897],[-118.415266,24.215829],[19.092498,24.212687],[156.600262,24.209546],[-65.891974,24.206405],[71.61579,24.203264],[-150.876446,24.200124],[-13.368681,24.196983],[124.139083,24.193842],[-98.353153,24.190701],[39.154611,24.187561],[176.662375,24.18442],[-45.829861,24.18128],[91.677903,24.17814],[-130.814333,24.175],[6.693431,24.171859],[144.201195,24.168719],[-78.291041,24.165579],[59.216723,24.162439],[-163.275513,24.1593],[-25.767749,24.15616],[111.740015,24.15302],[-110.752221,24.149881],[26.755543,24.146741],[164.263307,24.143602],[-58.228929,24.140462],[79.278835,24.137323],[-143.2134,24.134184],[-5.705636,24.131044],[131.802128,24.127905],[-90.690108,24.124766],[46.817656,24.121628],[-175.67458,24.118489],[-38.166816,24.11535],[99.340948,24.112211],[-123.151288,24.109073],[14.356476,24.105934],[151.86424,24.102796],[-70.627996,24.099657],[66.879768,24.096519],[-155.612468,24.093381],[-18.104704,24.090243],[119.40306,24.087105],[-103.089176,24.083967],[34.418588,24.080829],[171.926352,24.077691],[-50.565884,24.074553],[86.941881,24.071415],[-135.550355,24.068278],[1.957409,24.06514],[139.465173,24.062003],[-83.027063,24.058865],[54.480701,24.055728],[-168.011535,24.052591],[-30.503771,24.049454],[107.003993,24.046317],[-115.488243,24.04318],[22.019521,24.040043],[159.527285,24.036906],[-62.964951,24.033769],[74.542813,24.030632],[-147.949423,24.027496],[-10.441659,24.024359],[127.066105,24.021223],[-95.426131,24.018086],[42.081633,24.01495],[179.589397,24.011814],[-42.902838,24.008678],[94.604926,24.005542],[-127.88731,24.002406],[9.620454,23.99927],[147.128218,23.996134],[-75.364018,23.992998],[62.143746,23.989862],[-160.34849,23.986727],[-22.840726,23.983591],[114.667038,23.980456],[-107.825198,23.97732],[29.682566,23.974185],[167.19033,23.97105],[-55.301906,23.967915],[82.205858,23.96478],[-140.286378,23.961645],[-2.778614,23.95851],[134.72915,23.955375],[-87.763086,23.95224],[49.744678,23.949105],[-172.747557,23.945971],[-35.239793,23.942836],[102.267971,23.939702],[-120.224265,23.936567],[17.283499,23.933433],[154.791263,23.930299],[-67.700973,23.927165],[69.806791,23.924031],[-152.685445,23.920897],[-15.177681,23.917763],[122.330083,23.914629],[-100.162153,23.911495],[37.345611,23.908361],[174.853375,23.905228],[-47.638861,23.902094],[89.868903,23.898961],[-132.623333,23.895827],[4.884431,23.892694],[142.392195,23.889561],[-80.10004,23.886427],[57.407724,23.883294],[-165.084512,23.880161],[-27.576748,23.877028],[109.931016,23.873895],[-112.56122,23.870763],[24.946544,23.86763],[162.454308,23.864497],[-60.037928,23.861365],[77.469836,23.858232],[-145.0224,23.8551],[-7.514636,23.851967],[129.993128,23.848835],[-92.499108,23.845703],[45.008656,23.842571],[-177.48358,23.839439],[-39.975816,23.836307],[97.531948,23.833175],[-124.960288,23.830043],[12.547476,23.826911],[150.055241,23.82378],[-72.436995,23.820648],[65.070769,23.817517],[-157.421467,23.814385],[-19.913703,23.811254],[117.594061,23.808122],[-104.898175,23.804991],[32.609589,23.80186],[170.117353,23.798729],[-52.374883,23.795598],[85.132881,23.792467],[-137.359355,23.789336],[0.148409,23.786206],[137.656173,23.783075],[-84.836063,23.779944],[52.671701,23.776814],[-169.820535,23.773683],[-32.312771,23.770553],[105.194993,23.767423],[-117.297243,23.764292],[20.210522,23.761162],[157.718286,23.758032],[-64.77395,23.754902],[72.733814,23.751772],[-149.758422,23.748642],[-12.250658,23.745513],[125.257106,23.742383],[-97.23513,23.739253],[40.272634,23.736124],[177.780398,23.732994],[-44.711838,23.729865],[92.795926,23.726735],[-129.69631,23.723606],[7.811454,23.720477],[145.319218,23.717348],[-77.173018,23.714219],[60.334746,23.71109],[-162.15749,23.707961],[-24.649726,23.704832],[112.858038,23.701703],[-109.634197,23.698575],[27.873567,23.695446],[165.381331,23.692318],[-57.110905,23.689189],[80.396859,23.686061],[-142.095377,23.682933],[-4.587613,23.679804],[132.920151,23.676676],[-89.572085,23.673548],[47.935679,23.67042],[-174.556557,23.667292],[-37.048793,23.664165],[100.458971,23.661037],[-122.033265,23.657909],[15.474499,23.654782],[152.982263,23.651654],[-69.509973,23.648527],[67.997791,23.645399],[-154.494445,23.642272],[-16.986681,23.639145],[120.521084,23.636017],[-101.971152,23.63289],[35.536612,23.629763],[173.044376,23.626636],[-49.44786,23.62351],[88.059904,23.620383],[-134.432332,23.617256],[3.075432,23.614129],[140.583196,23.611003],[-81.90904,23.607876],[55.598724,23.60475],[-166.893512,23.601624],[-29.385748,23.598497],[108.122016,23.595371],[-114.37022,23.592245],[23.137544,23.589119],[160.645308,23.585993],[-61.846928,23.582867],[75.660836,23.579741],[-146.8314,23.576616],[-9.323635,23.57349],[128.184129,23.570364],[-94.308107,23.567239],[43.199657,23.564113],[-179.292579,23.560988],[-41.784815,23.557863],[95.722949,23.554738],[-126.769287,23.551612],[10.738477,23.548487],[148.246241,23.545362],[-74.245995,23.542237],[63.261769,23.539113],[-159.230467,23.535988],[-21.722703,23.532863],[115.785061,23.529738],[-106.707175,23.526614],[30.800589,23.523489],[168.308353,23.520365],[-54.183883,23.517241],[83.323881,23.514116],[-139.168354,23.510992],[-1.66059,23.507868],[135.847174,23.504744],[-86.645062,23.50162],[50.862702,23.498496],[-171.629534,23.495372],[-34.12177,23.492249],[103.385994,23.489125],[-119.106242,23.486001],[18.401522,23.482878],[155.909286,23.479754],[-66.58295,23.476631],[70.924814,23.473508],[-151.567422,23.470385],[-14.059658,23.467261],[123.448106,23.464138],[-99.04413,23.461015],[38.463634,23.457892],[175.971398,23.45477],[-46.520838,23.451647],[90.986927,23.448524],[-131.505309,23.445402],[6.002455,23.442279],[143.510219,23.439156],[-78.982017,23.436034],[58.525747,23.432912],[-163.966489,23.429789],[-26.458725,23.426667],[111.049039,23.423545],[-111.443197,23.420423],[26.064567,23.417301],[163.572331,23.414179],[-58.919905,23.411057],[78.587859,23.407936],[-143.904377,23.404814],[-6.396613,23.401692],[131.111151,23.398571],[-91.381085,23.395449],[46.126679,23.392328],[-176.365557,23.389207],[-38.857792,23.386086],[98.649972,23.382964],[-123.842264,23.379843],[13.6655,23.376722],[151.173264,23.373601],[-71.318972,23.370481],[66.188792,23.36736],[-156.303444,23.364239],[-18.79568,23.361118],[118.712084,23.357998],[-103.780152,23.354877],[33.727612,23.351757],[171.235376,23.348637],[-51.25686,23.345516],[86.250904,23.342396],[-136.241332,23.339276],[1.266432,23.336156],[138.774196,23.333036],[-83.71804,23.329916],[53.789724,23.326796],[-168.702511,23.323676],[-31.194747,23.320557],[106.313017,23.317437],[-116.179219,23.314318],[21.328545,23.311198],[158.836309,23.308079],[-63.655927,23.304959],[73.851837,23.30184],[-148.640399,23.298721],[-11.132635,23.295602],[126.375129,23.292483],[-96.117107,23.289364],[41.390657,23.286245],[178.898421,23.283126],[-43.593815,23.280007],[93.913949,23.276889],[-128.578287,23.27377],[8.929477,23.270652],[146.437241,23.267533],[-76.054995,23.264415],[61.45277,23.261297],[-161.039466,23.258178],[-23.531702,23.25506],[113.976062,23.251942],[-108.516174,23.248824],[28.99159,23.245706],[166.499354,23.242588],[-55.992882,23.239471],[81.514882,23.236353],[-140.977354,23.233235],[-3.46959,23.230118],[134.038174,23.227],[-88.454062,23.223883],[49.053702,23.220765],[-173.438534,23.217648],[-35.93077,23.214531],[101.576994,23.211414],[-120.915242,23.208297],[16.592522,23.20518],[154.100286,23.202063],[-68.391949,23.198946],[69.115815,23.195829],[-153.376421,23.192712],[-15.868657,23.189596],[121.639107,23.186479],[-100.853129,23.183363],[36.654635,23.180246],[174.162399,23.17713],[-48.329837,23.174014],[89.177927,23.170898],[-133.314309,23.167781],[4.193455,23.164665],[141.701219,23.161549],[-80.791017,23.158434],[56.716747,23.155318],[-165.775489,23.152202],[-28.267725,23.149086],[109.240039,23.145971],[-113.252197,23.142855],[24.255567,23.13974],[161.763332,23.136624],[-60.728904,23.133509],[76.77886,23.130394],[-145.713376,23.127279],[-8.205612,23.124163],[129.302152,23.121048],[-93.190084,23.117933],[44.31768,23.114819],[-178.174556,23.111704],[-40.666792,23.108589],[96.840972,23.105474],[-125.651264,23.10236],[11.8565,23.099245],[149.364264,23.096131],[-73.127972,23.093016],[64.379792,23.089902],[-158.112444,23.086788],[-20.60468,23.083674],[116.903084,23.08056],[-105.589152,23.077446],[31.918613,23.074332],[169.426377,23.071218],[-53.065859,23.068104],[84.441905,23.06499],[-138.050331,23.061877],[-0.542567,23.058763],[136.965197,23.055649],[-85.527039,23.052536],[51.980725,23.049423],[-170.511511,23.046309],[-33.003747,23.043196],[104.504017,23.040083],[-117.988219,23.03697],[19.519545,23.033857],[157.027309,23.030744],[-65.464927,23.027631],[72.042837,23.024518],[-150.449399,23.021406],[-12.941635,23.018293],[124.566129,23.01518],[-97.926106,23.012068],[39.581658,23.008955],[177.089422,23.005843],[-45.402814,23.002731],[92.10495,22.999619],[-130.387286,22.996506],[7.120478,22.993394],[144.628242,22.990282],[-77.863994,22.98717],[59.64377,22.984059],[-162.848466,22.980947],[-25.340702,22.977835],[112.167062,22.974723],[-110.325174,22.971612],[27.18259,22.9685],[164.690354,22.965389],[-57.801882,22.962277],[79.705882,22.959166],[-142.786354,22.956055],[-5.27859,22.952944],[132.229175,22.949833],[-90.263061,22.946722],[47.244703,22.943611],[-175.247533,22.9405],[-37.739769,22.937389],[99.767995,22.934278],[-122.724241,22.931168],[14.783523,22.928057],[152.291287,22.924947],[-70.200949,22.921836],[67.306815,22.918726],[-155.185421,22.915616],[-17.677657,22.912505],[119.830107,22.909395],[-102.662129,22.906285],[34.845635,22.903175],[172.353399,22.900065],[-50.138837,22.896955],[87.368927,22.893846],[-135.123309,22.890736],[2.384456,22.887626],[139.89222,22.884517],[-82.600016,22.881407],[54.907748,22.878298],[-167.584488,22.875188],[-30.076724,22.872079],[107.43104,22.86897],[-115.061196,22.865861],[22.446568,22.862752],[159.954332,22.859643],[-62.537904,22.856534],[74.96986,22.853425],[-147.522376,22.850316],[-10.014612,22.847207],[127.493152,22.844099],[-94.999084,22.84099],[42.50868,22.837882],[-179.983556,22.834773],[-42.475792,22.831665],[95.031972,22.828557],[-127.460263,22.825448],[10.047501,22.82234],[147.555265,22.819232],[-74.936971,22.816124],[62.570793,22.813016],[-159.921443,22.809908],[-22.413679,22.8068],[115.094085,22.803693],[-107.398151,22.800585],[30.109613,22.797477],[167.617377,22.79437],[-54.874859,22.791263],[82.632905,22.788155],[-139.859331,22.785048],[-2.351567,22.781941],[135.156197,22.778833],[-87.336039,22.775726],[50.171725,22.772619],[-172.320511,22.769512],[-34.812747,22.766406],[102.695018,22.763299],[-119.797218,22.760192],[17.710546,22.757085],[155.21831,22.753979],[-67.273926,22.750872],[70.233838,22.747766],[-152.258398,22.744659],[-14.750634,22.741553],[122.75713,22.738447],[-99.735106,22.735341],[37.772658,22.732235],[175.280422,22.729129],[-47.211814,22.726023],[90.29595,22.722917],[-132.196286,22.719811],[5.311478,22.716705],[142.819242,22.713599],[-79.672994,22.710494],[57.83477,22.707388],[-164.657466,22.704283],[-27.149701,22.701177],[110.358063,22.698072],[-112.134173,22.694967],[25.373591,22.691862],[162.881355,22.688757],[-59.610881,22.685651],[77.896883,22.682547],[-144.595353,22.679442],[-7.087589,22.676337],[130.420175,22.673232],[-92.072061,22.670127],[45.435703,22.667023],[-177.056533,22.663918],[-39.548769,22.660814],[97.958995,22.657709],[-124.533241,22.654605],[12.974523,22.651501],[150.482287,22.648396],[-72.009949,22.645292],[65.497815,22.642188],[-156.99442,22.639084],[-19.486656,22.63598],[118.021108,22.632876],[-104.471128,22.629773],[33.036636,22.626669],[170.5444,22.623565],[-51.947836,22.620462],[85.559928,22.617358],[-136.932308,22.614255],[0.575456,22.611151],[138.08322,22.608048],[-84.409016,22.604945],[53.098748,22.601842],[-169.393488,22.598739],[-31.885724,22.595636],[105.62204,22.592533],[-116.870196,22.58943],[20.637568,22.586327],[158.145332,22.583224],[-64.346904,22.580122],[73.160861,22.577019],[-149.331375,22.573917],[-11.823611,22.570814],[125.684153,22.567712],[-96.808083,22.564609],[40.699681,22.561507],[178.207445,22.558405],[-44.284791,22.555303],[93.222973,22.552201],[-129.269263,22.549099],[8.238501,22.545997],[145.746265,22.542895],[-76.745971,22.539794],[60.761793,22.536692],[-161.730443,22.53359],[-24.222679,22.530489],[113.285085,22.527387],[-109.207151,22.524286],[28.300613,22.521184],[165.808377,22.518083],[-56.683858,22.514982],[80.823906,22.511881],[-141.66833,22.50878],[-4.160566,22.505679],[133.347198,22.502578],[-89.145038,22.499477],[48.362726,22.496376],[-174.12951,22.493276],[-36.621746,22.490175],[100.886018,22.487074],[-121.606218,22.483974],[15.901546,22.480873],[153.40931,22.477773],[-69.082926,22.474673],[68.424838,22.471573],[-154.067398,22.468472],[-16.559634,22.465372],[120.94813,22.462272],[-101.544106,22.459172],[35.963658,22.456072],[173.471423,22.452973],[-49.020813,22.449873],[88.486951,22.446773],[-134.005285,22.443674],[3.502479,22.440574],[141.010243,22.437475],[-81.481993,22.434375],[56.025771,22.431276],[-166.466465,22.428177],[-28.958701,22.425078],[108.549063,22.421978],[-113.943173,22.418879],[23.564591,22.41578],[161.072355,22.412681],[-61.419881,22.409583],[76.087883,22.406484],[-146.404353,22.403385],[-8.896589,22.400287],[128.611175,22.397188],[-93.881061,22.394089],[43.626704,22.390991],[-178.865532,22.387893],[-41.357768,22.384794],[96.149996,22.381696],[-126.34224,22.378598],[11.165524,22.3755],[148.673288,22.372402],[-73.818948,22.369304],[63.688816,22.366206],[-158.80342,22.363108],[-21.295656,22.360011],[116.212108,22.356913],[-106.280128,22.353815],[31.227636,22.350718],[168.7354,22.34762],[-53.756836,22.344523],[83.750928,22.341426],[-138.741308,22.338328],[-1.233544,22.335231],[136.27422,22.332134],[-86.218015,22.329037],[51.289749,22.32594],[-171.202487,22.322843],[-33.694723,22.319746],[103.813041,22.31665],[-118.679195,22.313553],[18.828569,22.310456],[156.336333,22.30736],[-66.155903,22.304263],[71.351861,22.301167],[-151.140375,22.29807],[-13.632611,22.294974],[123.875153,22.291878],[-98.617083,22.288782],[38.890681,22.285686],[176.398445,22.28259],[-46.093791,22.279494],[91.413973,22.276398],[-131.078263,22.273302],[6.429501,22.270206],[143.937266,22.267111],[-78.55497,22.264015],[58.952794,22.260919],[-163.539442,22.257824],[-26.031678,22.254729],[111.476086,22.251633],[-111.01615,22.248538],[26.491614,22.245443],[163.999378,22.242348],[-58.492858,22.239253],[79.014906,22.236158],[-143.47733,22.233063],[-5.969566,22.229968],[131.538198,22.226873],[-90.954038,22.223778],[46.553726,22.220684],[-175.93851,22.217589],[-38.430746,22.214495],[99.077018,22.2114],[-123.415218,22.208306],[14.092547,22.205211],[151.600311,22.202117],[-70.891925,22.199023],[66.615839,22.195929],[-155.876397,22.192835],[-18.368633,22.189741],[119.139131,22.186647],[-103.353105,22.183553],[34.154659,22.180459],[171.662423,22.177366],[-50.829813,22.174272],[86.677951,22.171179],[-135.814285,22.168085],[1.693479,22.164992],[139.201243,22.161898],[-83.290993,22.158805],[54.216771,22.155712],[-168.275465,22.152619],[-30.767701,22.149526],[106.740063,22.146433],[-115.752172,22.14334],[21.755592,22.140247],[159.263356,22.137154],[-63.22888,22.134061],[74.278884,22.130969],[-148.213352,22.127876],[-10.705588,22.124783],[126.802176,22.121691],[-95.69006,22.118599],[41.817704,22.115506],[179.325468,22.112414],[-43.166768,22.109322],[94.340996,22.10623],[-128.15124,22.103138],[9.356524,22.100046],[146.864288,22.096954],[-75.627948,22.093862],[61.879816,22.09077],[-160.61242,22.087678],[-23.104656,22.084587],[114.403109,22.081495],[-108.089127,22.078404],[29.418637,22.075312],[166.926401,22.072221],[-55.565835,22.069129],[81.941929,22.066038],[-140.550307,22.062947],[-3.042543,22.059856],[134.465221,22.056765],[-88.027015,22.053674],[49.480749,22.050583],[-173.011487,22.047492],[-35.503723,22.044401],[102.004041,22.041311],[-120.488195,22.03822],[17.019569,22.035129],[154.527333,22.032039],[-67.964903,22.028948],[69.542861,22.025858],[-152.949375,22.022768],[-15.44161,22.019677],[122.066154,22.016587],[-100.426082,22.013497],[37.081682,22.010407],[174.589446,22.007317],[-47.90279,22.004227],[89.604974,22.001137],[-132.887262,21.998048],[4.620502,21.994958],[142.128266,21.991868],[-80.36397,21.988779],[57.143794,21.985689],[-165.348442,21.9826],[-27.840678,21.979511],[109.667086,21.976421],[-112.82515,21.973332],[24.682614,21.970243],[162.190378,21.967154],[-60.301858,21.964065],[77.205906,21.960976],[-145.286329,21.957887],[-7.778565,21.954798],[129.729199,21.951709],[-92.763037,21.948621],[44.744727,21.945532],[-177.747509,21.942443],[-40.239745,21.939355],[97.268019,21.936266],[-125.224217,21.933178],[12.283547,21.93009],[149.791311,21.927002],[-72.700925,21.923913],[64.806839,21.920825],[-157.685397,21.917737],[-20.177633,21.914649],[117.330131,21.911562],[-105.162105,21.908474],[32.345659,21.905386],[169.853423,21.902298],[-52.638813,21.899211],[84.868952,21.896123],[-137.623284,21.893036],[-0.11552,21.889948],[137.392244,21.886861],[-85.099992,21.883774],[52.407772,21.880686],[-170.084464,21.877599],[-32.5767,21.874512],[104.931064,21.871425],[-117.561172,21.868338],[19.946592,21.865251],[157.454356,21.862164],[-65.03788,21.859078],[72.469884,21.855991],[-150.022352,21.852904],[-12.514588,21.849818],[124.993176,21.846731],[-97.49906,21.843645],[40.008704,21.840559],[177.516468,21.837472],[-44.975767,21.834386],[92.531997,21.8313],[-129.960239,21.828214],[7.547525,21.825128],[145.055289,21.822042],[-77.436947,21.818956],[60.070817,21.81587],[-162.421419,21.812784],[-24.913655,21.809699],[112.594109,21.806613],[-109.898127,21.803528],[27.609637,21.800442],[165.117401,21.797357],[-57.374835,21.794271],[80.132929,21.791186],[-142.359307,21.788101],[-4.851543,21.785016],[132.656221,21.781931],[-89.836015,21.778846],[47.671749,21.775761],[-174.820486,21.772676],[-37.312722,21.769591],[100.195042,21.766506],[-122.297194,21.763421],[15.21057,21.760337],[152.718334,21.757252],[-69.773902,21.754168],[67.733862,21.751083],[-154.758374,21.747999],[-17.25061,21.744915],[120.257154,21.741831],[-102.235082,21.738746],[35.272682,21.735662],[172.780446,21.732578],[-49.71179,21.729494],[87.795974,21.72641],[-134.696262,21.723327],[2.811502,21.720243],[140.319266,21.717159],[-82.17297,21.714075],[55.334795,21.710992],[-167.157441,21.707908],[-29.649677,21.704825],[107.858087,21.701742],[-114.634149,21.698658],[22.873615,21.695575],[160.381379,21.692492],[-62.110857,21.689409],[75.396907,21.686326],[-147.095329,21.683243],[-9.587565,21.68016],[127.920199,21.677077],[-94.572037,21.673994],[42.935727,21.670912],[-179.556509,21.667829],[-42.048745,21.664746],[95.459019,21.661664],[-127.033217,21.658581],[10.474547,21.655499],[147.982311,21.652417],[-74.509924,21.649335],[62.99784,21.646252],[-159.494396,21.64317],[-21.986632,21.640088],[115.521132,21.637006],[-106.971104,21.633924],[30.53666,21.630842],[168.044424,21.627761],[-54.447812,21.624679],[83.059952,21.621597],[-139.432284,21.618516],[-1.92452,21.615434],[135.583244,21.612353],[-86.908992,21.609271],[50.598772,21.60619],[-171.893464,21.603109],[-34.3857,21.600028],[103.122064,21.596946],[-119.370172,21.593865],[18.137592,21.590784],[155.645357,21.587703],[-66.846879,21.584623],[70.660885,21.581542],[-151.831351,21.578461],[-14.323587,21.57538],[123.184177,21.5723],[-99.308059,21.569219],[38.199705,21.566139],[175.707469,21.563058],[-46.784767,21.559978],[90.722997,21.556898],[-131.769239,21.553818],[5.738525,21.550737],[143.246289,21.547657],[-79.245947,21.544577],[58.261817,21.541497],[-164.230419,21.538417],[-26.722655,21.535338],[110.785109,21.532258],[-111.707127,21.529178],[25.800638,21.526099],[163.308402,21.523019],[-59.183834,21.51994],[78.32393,21.51686],[-144.168306,21.513781],[-6.660542,21.510701],[130.847222,21.507622],[-91.645014,21.504543],[45.86275,21.501464],[-176.629486,21.498385],[-39.121722,21.495306],[98.386042,21.492227],[-124.106194,21.489148],[13.40157,21.486069],[150.909334,21.482991],[-71.582902,21.479912],[65.924862,21.476834],[-156.567374,21.473755],[-19.05961,21.470677],[118.448154,21.467598],[-104.044081,21.46452],[33.463683,21.461442],[170.971447,21.458363],[-51.520789,21.455285],[85.986975,21.452207],[-136.505261,21.449129],[1.002503,21.446051],[138.510267,21.442973],[-83.981969,21.439896],[53.525795,21.436818],[-168.966441,21.43374],[-31.458677,21.430663],[106.049087,21.427585],[-116.443149,21.424508],[21.064615,21.42143],[158.572379,21.418353],[-63.919857,21.415276],[73.587907,21.412198],[-148.904329,21.409121],[-11.396565,21.406044],[126.1112,21.402967],[-96.381036,21.39989],[41.126728,21.396813],[178.634492,21.393736],[-43.857744,21.39066],[93.65002,21.387583],[-128.842216,21.384506],[8.665548,21.38143],[146.173312,21.378353],[-76.318924,21.375277],[61.18884,21.372201],[-161.303396,21.369124],[-23.795632,21.366048],[113.712132,21.362972],[-108.780104,21.359896],[28.72766,21.35682],[166.235424,21.353744],[-56.256812,21.350668],[81.250952,21.347592],[-141.241284,21.344516],[-3.733519,21.34144],[133.774245,21.338365],[-88.717991,21.335289],[48.789773,21.332214],[-173.702463,21.329138],[-36.194699,21.326063],[101.313065,21.322987],[-121.179171,21.319912],[16.328593,21.316837],[153.836357,21.313762],[-68.655879,21.310687],[68.851885,21.307612],[-153.640351,21.304537],[-16.132587,21.301462],[121.375177,21.298387],[-101.117059,21.295312],[36.390705,21.292237],[173.898469,21.289163],[-48.593767,21.286088],[88.913997,21.283014],[-133.578238,21.279939],[3.929526,21.276865],[141.43729,21.273791],[-81.054946,21.270716],[56.452818,21.267642],[-166.039418,21.264568],[-28.531654,21.261494],[108.97611,21.25842],[-113.516126,21.255346],[23.991638,21.252272],[161.499402,21.249198],[-60.992834,21.246125],[76.51493,21.243051],[-145.977306,21.239977],[-8.469542,21.236904],[129.038222,21.23383],[-93.454014,21.230757],[44.05375,21.227684],[-178.438486,21.22461],[-40.930722,21.221537],[96.577043,21.218464],[-125.915193,21.215391],[11.592571,21.212318],[149.100335,21.209245],[-73.391901,21.206172],[64.115863,21.203099],[-158.376373,21.200026],[-20.868609,21.196954],[116.639155,21.193881],[-105.853081,21.190808],[31.654683,21.187736],[169.162447,21.184664],[-53.329789,21.181591],[84.177975,21.178519],[-138.314261,21.175447],[-0.806497,21.172374],[136.701267,21.169302],[-85.790969,21.16623],[51.716795,21.163158],[-170.775441,21.160086],[-33.267676,21.157014],[104.240088,21.153942],[-118.252148,21.150871],[19.255616,21.147799],[156.76338,21.144727],[-65.728856,21.141656],[71.778908,21.138584],[-150.713328,21.135513],[-13.205564,21.132442],[124.3022,21.12937],[-98.190036,21.126299],[39.317728,21.123228],[176.825492,21.120157],[-45.666744,21.117086],[91.84102,21.114015],[-130.651216,21.110944],[6.856548,21.107873],[144.364312,21.104802],[-78.127924,21.101731],[59.37984,21.098661],[-163.112395,21.09559],[-25.604631,21.09252],[111.903133,21.089449],[-110.589103,21.086379],[26.918661,21.083308],[164.426425,21.080238],[-58.065811,21.077168],[79.441953,21.074098],[-143.050283,21.071028],[-5.542519,21.067957],[131.965245,21.064888],[-90.526991,21.061818],[46.980773,21.058748],[-175.511463,21.055678],[-38.003699,21.052608],[99.504065,21.049539],[-122.988171,21.046469],[14.519593,21.043399],[152.027357,21.04033],[-70.464879,21.037261],[67.042886,21.034191],[-155.44935,21.031122],[-17.941586,21.028053],[119.566178,21.024984],[-102.926058,21.021915],[34.581706,21.018846],[172.08947,21.015777],[-50.402766,21.012708],[87.104998,21.009639],[-135.387238,21.00657],[2.120526,21.003501],[139.62829,21.000433],[-82.863946,20.997364],[54.643818,20.994296],[-167.848418,20.991227],[-30.340654,20.988159],[107.16711,20.98509],[-115.325126,20.982022],[22.182638,20.978954],[159.690402,20.975886],[-62.801833,20.972818],[74.705931,20.96975],[-147.786305,20.966682],[-10.278541,20.963614],[127.229223,20.960546],[-95.263013,20.957478],[42.244751,20.954411],[179.752515,20.951343],[-42.739721,20.948275],[94.768043,20.945208],[-127.724193,20.94214],[9.783571,20.939073],[147.291335,20.936006],[-75.200901,20.932938],[62.306863,20.929871],[-160.185373,20.926804],[-22.677609,20.923737],[114.830155,20.92067],[-107.662081,20.917603],[29.845683,20.914536],[167.353448,20.911469],[-55.138788,20.908403],[82.368976,20.905336],[-140.12326,20.902269],[-2.615496,20.899203],[134.892268,20.896136],[-87.599968,20.89307],[49.907796,20.890003],[-172.58444,20.886937],[-35.076676,20.883871],[102.431088,20.880805],[-120.061148,20.877739],[17.446616,20.874672],[154.95438,20.871606],[-67.537856,20.86854],[69.969908,20.865475],[-152.522328,20.862409],[-15.014564,20.859343],[122.4932,20.856277],[-99.999036,20.853212],[37.508729,20.850146],[175.016493,20.847081],[-47.475743,20.844015],[90.032021,20.84095],[-132.460215,20.837884],[5.047549,20.834819],[142.555313,20.831754],[-79.936923,20.828689],[57.570841,20.825624],[-164.921395,20.822559],[-27.413631,20.819494],[110.094133,20.816429],[-112.398103,20.813364],[25.109661,20.810299],[162.617425,20.807235],[-59.874811,20.80417],[77.632953,20.801106],[-144.859283,20.798041],[-7.351519,20.794977],[130.156245,20.791912],[-92.33599,20.788848],[45.171774,20.785784],[-177.320462,20.782719],[-39.812698,20.779655],[97.695066,20.776591],[-124.79717,20.773527],[12.710594,20.770463],[150.218358,20.767399],[-72.273878,20.764336],[65.233886,20.761272],[-157.25835,20.758208],[-19.750586,20.755144],[117.757178,20.752081],[-104.735058,20.749017],[32.772706,20.745954],[170.28047,20.742891],[-52.211766,20.739827],[85.295998,20.736764],[-137.196238,20.733701],[0.311526,20.730638],[137.819291,20.727574],[-84.672945,20.724511],[52.834819,20.721449],[-169.657417,20.718386],[-32.149653,20.715323],[105.358111,20.71226],[-117.134125,20.709197],[20.373639,20.706135],[157.881403,20.703072],[-64.610833,20.70001],[72.896931,20.696947],[-149.595305,20.693885],[-12.087541,20.690822],[125.420223,20.68776],[-97.072013,20.684698],[40.435751,20.681636],[177.943515,20.678574],[-44.548721,20.675512],[92.959043,20.67245],[-129.533193,20.669388],[7.974572,20.666326],[145.482336,20.663264],[-77.0099,20.660202],[60.497864,20.657141],[-161.994372,20.654079],[-24.486608,20.651018],[113.021156,20.647956],[-109.47108,20.644895],[28.036684,20.641833],[165.544448,20.638772],[-56.947788,20.635711],[80.559976,20.63265],[-141.93226,20.629589],[-4.424496,20.626528],[133.083268,20.623467],[-89.408968,20.620406],[48.098796,20.617345],[-174.39344,20.614284],[-36.885676,20.611223],[100.622088,20.608163],[-121.870147,20.605102],[15.637617,20.602041],[153.145381,20.598981],[-69.346855,20.595921],[68.160909,20.59286],[-154.331327,20.5898],[-16.823563,20.58674],[120.684201,20.583679],[-101.808035,20.580619],[35.699729,20.577559],[173.207493,20.574499],[-49.284743,20.571439],[88.223021,20.568379],[-134.269215,20.56532],[3.238549,20.56226],[140.746313,20.5592],[-81.745923,20.556141],[55.761841,20.553081],[-166.730395,20.550022],[-29.222631,20.546962],[108.285134,20.543903],[-114.207102,20.540843],[23.300662,20.537784],[160.808426,20.534725],[-61.68381,20.531666],[75.823954,20.528607],[-146.668282,20.525548],[-9.160518,20.522489],[128.347246,20.51943],[-94.14499,20.516371],[43.362774,20.513312],[-179.129462,20.510253],[-41.621698,20.507195],[95.886066,20.504136],[-126.60617,20.501078],[10.901594,20.498019],[148.409358,20.494961],[-74.082878,20.491903],[63.424886,20.488844],[-159.06735,20.485786],[-21.559585,20.482728],[115.948179,20.47967],[-106.544057,20.476612],[30.963707,20.473554],[168.471471,20.470496],[-54.020765,20.467438],[83.486999,20.46438],[-139.005237,20.461322],[-1.497473,20.458265],[136.010291,20.455207],[-86.481945,20.45215],[51.025819,20.449092],[-171.466417,20.446035],[-33.958653,20.442977],[103.549111,20.43992],[-118.943125,20.436863],[18.564639,20.433806],[156.072403,20.430748],[-66.419833,20.427691],[71.087931,20.424634],[-151.404304,20.421577],[-13.89654,20.418521],[123.611224,20.415464],[-98.881012,20.412407],[38.626752,20.40935],[176.134516,20.406294],[-46.35772,20.403237],[91.150044,20.40018],[-131.342192,20.397124],[6.165572,20.394068],[143.673336,20.391011],[-78.8189,20.387955],[58.688864,20.384899],[-163.803372,20.381843],[-26.295608,20.378787],[111.212156,20.375731],[-111.28008,20.372675],[26.227684,20.369619],[163.735448,20.366563],[-58.756788,20.363507],[78.750977,20.360451],[-143.741259,20.357396],[-6.233495,20.35434],[131.274269,20.351284],[-91.217967,20.348229],[46.289797,20.345174],[-176.202439,20.342118],[-38.694675,20.339063],[98.813089,20.336008],[-123.679147,20.332952],[13.828617,20.329897],[151.336381,20.326842],[-71.155855,20.323787],[66.351909,20.320732],[-156.140327,20.317677],[-18.632563,20.314623],[118.875201,20.311568],[-103.617035,20.308513],[33.890729,20.305458],[171.398493,20.302404],[-51.093742,20.299349],[86.414022,20.296295],[-136.078214,20.29324],[1.42955,20.290186],[138.937314,20.287132],[-83.554922,20.284078],[53.952842,20.281023],[-168.539394,20.277969],[-31.03163,20.274915],[106.476134,20.271861],[-116.016102,20.268807],[21.491662,20.265753],[158.999426,20.2627],[-63.49281,20.259646],[74.014954,20.256592],[-148.477282,20.253539],[-10.969518,20.250485],[126.538246,20.247432],[-95.95399,20.244378],[41.553774,20.241325],[179.061539,20.238271],[-43.430697,20.235218],[94.077067,20.232165],[-128.415169,20.229112],[9.092595,20.226059],[146.600359,20.223006],[-75.891877,20.219953],[61.615887,20.2169],[-160.876349,20.213847],[-23.368585,20.210794],[114.139179,20.207741],[-108.353057,20.204689],[29.154707,20.201636],[166.662471,20.198584],[-55.829765,20.195531],[81.677999,20.192479],[-140.814237,20.189426],[-3.306473,20.186374],[134.201291,20.183322],[-88.290945,20.18027],[49.21682,20.177218],[-173.275416,20.174165],[-35.767652,20.171113],[101.740112,20.168062],[-120.752124,20.16501],[16.75564,20.161958],[154.263404,20.158906],[-68.228832,20.155854],[69.278932,20.152803],[-153.213304,20.149751],[-15.70554,20.1467],[121.802224,20.143648],[-100.690012,20.140597],[36.817752,20.137545],[174.325516,20.134494],[-48.16672,20.131443],[89.341044,20.128392],[-133.151192,20.125341],[4.356572,20.12229],[141.864336,20.119239],[-80.627899,20.116188],[56.879865,20.113137],[-165.612371,20.110086],[-28.104607,20.107035],[109.403157,20.103984],[-113.089079,20.100934],[24.418685,20.097883],[161.926449,20.094833],[-60.565787,20.091782],[76.941977,20.088732],[-145.550259,20.085682],[-8.042495,20.082631],[129.465269,20.079581],[-93.026967,20.076531],[44.480797,20.073481],[-178.011439,20.070431],[-40.503675,20.067381],[97.004089,20.064331],[-125.488147,20.061281],[12.019617,20.058231],[149.527382,20.055181],[-72.964854,20.052132],[64.54291,20.049082],[-157.949326,20.046033],[-20.441562,20.042983],[117.066202,20.039934],[-105.426034,20.036884],[32.08173,20.033835],[169.589494,20.030786],[-52.902742,20.027736],[84.605022,20.024687],[-137.887214,20.021638],[-0.37945,20.018589],[137.128314,20.01554],[-85.363922,20.012491],[52.143842,20.009442],[-170.348394,20.006394],[-32.84063,20.003345],[104.667134,20.000296],[-117.825102,19.997248],[19.682663,19.994199],[157.190427,19.99115],[-65.301809,19.988102],[72.205955,19.985054],[-150.286281,19.982005],[-12.778517,19.978957],[124.729247,19.975909],[-97.762989,19.972861],[39.744775,19.969813],[177.252539,19.966765],[-45.239697,19.963717],[92.268067,19.960669],[-130.224169,19.957621],[7.283595,19.954573],[144.791359,19.951525],[-77.700877,19.948478],[59.806887,19.94543],[-162.685349,19.942382],[-25.177585,19.939335],[112.330179,19.936287],[-110.162056,19.93324],[27.345708,19.930193],[164.853472,19.927145],[-57.638764,19.924098],[79.869,19.921051],[-142.623236,19.918004],[-5.115472,19.914957],[132.392292,19.91191],[-90.099944,19.908863],[47.40782,19.905816],[-175.084416,19.902769],[-37.576652,19.899723],[99.931112,19.896676],[-122.561124,19.893629],[14.94664,19.890583],[152.454404,19.887536],[-70.037832,19.88449],[67.469932,19.881444],[-155.022304,19.878397],[-17.51454,19.875351],[119.993225,19.872305],[-102.499011,19.869259],[35.008753,19.866212],[172.516517,19.863166],[-49.975719,19.86012],[87.532045,19.857075],[-134.960191,19.854029],[2.547573,19.850983],[140.055337,19.847937],[-82.436899,19.844891],[55.070865,19.841846],[-167.421371,19.8388],[-29.913607,19.835755],[107.594157,19.832709],[-114.898079,19.829664],[22.609685,19.826619],[160.117449,19.823573],[-62.374787,19.820528],[75.132977,19.817483],[-147.359258,19.814438],[-9.851494,19.811393],[127.65627,19.808348],[-94.835966,19.805303],[42.671798,19.802258],[-179.820438,19.799213],[-42.312674,19.796168],[95.19509,19.793124],[-127.297146,19.790079],[10.210618,19.787035],[147.718382,19.78399],[-74.773854,19.780946],[62.73391,19.777901],[-159.758326,19.774857],[-22.250562,19.771813],[115.257202,19.768768],[-107.235034,19.765724],[30.27273,19.76268],[167.780494,19.759636],[-54.711742,19.756592],[82.796023,19.753548],[-139.696213,19.750504],[-2.188449,19.74746],[135.319315,19.744417],[-87.172921,19.741373],[50.334843,19.738329],[-172.157393,19.735286],[-34.649629,19.732242],[102.858135,19.729199],[-119.634101,19.726155],[17.873663,19.723112],[155.381427,19.720069],[-67.110809,19.717025],[70.396955,19.713982],[-152.095281,19.710939],[-14.587517,19.707896],[122.920247,19.704853],[-99.571989,19.70181],[37.935775,19.698767],[175.443539,19.695724],[-47.048696,19.692682],[90.459068,19.689639],[-132.033168,19.686596],[5.474596,19.683554],[142.98236,19.680511],[-79.509876,19.677468],[57.997888,19.674426],[-164.494348,19.671384],[-26.986584,19.668341],[110.52118,19.665299],[-111.971056,19.662257],[25.536708,19.659215],[163.044472,19.656173],[-59.447764,19.653131],[78.06,19.650089],[-144.432236,19.647047],[-6.924472,19.644005],[130.583292,19.640963],[-91.908944,19.637921],[45.59882,19.63488],[-176.893415,19.631838],[-39.385651,19.628797],[98.122113,19.625755],[-124.370123,19.622714],[13.137641,19.619672],[150.645405,19.616631],[-71.846831,19.61359],[65.660933,19.610548],[-156.831303,19.607507],[-19.323539,19.604466],[118.184225,19.601425],[-104.308011,19.598384],[33.199753,19.595343],[170.707517,19.592302],[-51.784719,19.589261],[85.723045,19.586221],[-136.769191,19.58318],[0.738573,19.580139],[138.246337,19.577099],[-84.245899,19.574058],[53.261866,19.571018],[-169.23037,19.567977],[-31.722606,19.564937],[105.785158,19.561897],[-116.707078,19.558856],[20.800686,19.555816],[158.30845,19.552776],[-64.183786,19.549736],[73.323978,19.546696],[-149.168258,19.543656],[-11.660494,19.540616],[125.84727,19.537576],[-96.644966,19.534537],[40.862798,19.531497],[178.370562,19.528457],[-44.121674,19.525417],[93.38609,19.522378],[-129.106146,19.519338],[8.401618,19.516299],[145.909382,19.51326],[-76.582853,19.51022],[60.924911,19.507181],[-161.567325,19.504142],[-24.059561,19.501103],[113.448203,19.498064],[-109.044033,19.495024],[28.463731,19.491986],[165.971495,19.488947],[-56.520741,19.485908],[80.987023,19.482869],[-141.505213,19.47983],[-3.997449,19.476791],[133.510315,19.473753],[-88.981921,19.470714],[48.525843,19.467676],[-173.966393,19.464637],[-36.458629,19.461599],[101.049135,19.45856],[-121.443101,19.455522],[16.064663,19.452484],[153.572428,19.449446],[-68.919808,19.446408],[68.587956,19.443369],[-153.90428,19.440331],[-16.396516,19.437294],[121.111248,19.434256],[-101.380988,19.431218],[36.126776,19.42818],[173.63454,19.425142],[-48.857696,19.422105],[88.650068,19.419067],[-133.842168,19.416029],[3.665596,19.412992],[141.17336,19.409954],[-81.318876,19.406917],[56.188888,19.40388],[-166.303348,19.400842],[-28.795584,19.397805],[108.71218,19.394768],[-113.780056,19.391731],[23.727709,19.388694],[161.235473,19.385657],[-61.256763,19.38262],[76.251001,19.379583],[-146.241235,19.376546],[-8.733471,19.373509],[128.774293,19.370473],[-93.717943,19.367436],[43.789821,19.364399],[-178.702415,19.361363],[-41.194651,19.358326],[96.313113,19.35529],[-126.179123,19.352254],[11.328641,19.349217],[148.836405,19.346181],[-73.655831,19.343145],[63.851933,19.340109],[-158.640303,19.337073],[-21.132539,19.334037],[116.375225,19.331001],[-106.11701,19.327965],[31.390754,19.324929],[168.898518,19.321893],[-53.593718,19.318857],[83.914046,19.315822],[-138.57819,19.312786],[-1.070426,19.30975],[136.437338,19.306715],[-86.054898,19.303679],[51.452866,19.300644],[-171.03937,19.297609],[-33.531606,19.294573],[103.976158,19.291538],[-118.516078,19.288503],[18.991686,19.285468],[156.49945,19.282433],[-65.992786,19.279398],[71.514978,19.276363],[-150.977258,19.273328],[-13.469494,19.270293],[124.038271,19.267258],[-98.453965,19.264223],[39.053799,19.261189],[176.561563,19.258154],[-45.930673,19.255119],[91.577091,19.252085],[-130.915145,19.249051],[6.592619,19.246016],[144.100383,19.242982],[-78.391853,19.239947],[59.115911,19.236913],[-163.376325,19.233879],[-25.868561,19.230845],[111.639203,19.227811],[-110.853033,19.224777],[26.654731,19.221743],[164.162495,19.218709],[-58.329741,19.215675],[79.178023,19.212641],[-143.314213,19.209608],[-5.806448,19.206574],[131.701316,19.20354],[-90.79092,19.200507],[46.716844,19.197473],[-175.775392,19.19444],[-38.267628,19.191406],[99.240136,19.188373],[-123.2521,19.18534],[14.255664,19.182307],[151.763428,19.179273],[-70.728808,19.17624],[66.778956,19.173207],[-155.71328,19.170174],[-18.205516,19.167141],[119.302248,19.164108],[-103.189988,19.161076],[34.317776,19.158043],[171.82554,19.15501],[-50.666696,19.151977],[86.841068,19.148945],[-135.651167,19.145912],[1.856597,19.14288],[139.364361,19.139847],[-83.127875,19.136815],[54.379889,19.133783],[-168.112347,19.13075],[-30.604583,19.127718],[106.903181,19.124686],[-115.589055,19.121654],[21.918709,19.118622],[159.426473,19.11559],[-63.065763,19.112558],[74.442001,19.109526],[-148.050235,19.106494],[-10.542471,19.103462],[126.965293,19.100431],[-95.526943,19.097399],[41.980821,19.094367],[179.488585,19.091336],[-43.003651,19.088304],[94.504114,19.085273],[-127.988122,19.082241],[9.519642,19.07921],[147.027406,19.076179],[-75.46483,19.073148],[62.042934,19.070116],[-160.449302,19.067085],[-22.941538,19.064054],[114.566226,19.061023],[-107.92601,19.057992],[29.581754,19.054961],[167.089518,19.051931],[-55.402718,19.0489],[82.105046,19.045869],[-140.38719,19.042838],[-2.879426,19.039808],[134.628338,19.036777],[-87.863898,19.033747],[49.643866,19.030716],[-172.84837,19.027686],[-35.340605,19.024656],[102.167159,19.021625],[-120.325077,19.018595],[17.182687,19.015565],[154.690451,19.012535],[-67.801785,19.009505],[69.705979,19.006475],[-152.786257,19.003445],[-15.278493,19.000415],[122.229271,18.997385],[-100.262965,18.994355],[37.244799,18.991325],[174.752563,18.988296],[-47.739673,18.985266],[89.768091,18.982237],[-132.724145,18.979207],[4.783619,18.976178],[142.291383,18.973148],[-80.200853,18.970119],[57.306911,18.96709],[-165.185324,18.96406],[-27.67756,18.961031],[109.830204,18.958002],[-112.662032,18.954973],[24.845732,18.951944],[162.353496,18.948915],[-60.13874,18.945886],[77.369024,18.942857],[-145.123212,18.939828],[-7.615448,18.9368],[129.892316,18.933771],[-92.59992,18.930742],[44.907844,18.927714],[-177.584392,18.924685],[-40.076628,18.921657],[97.431136,18.918628],[-125.0611,18.9156],[12.446664,18.912572],[149.954428,18.909544],[-72.537808,18.906515],[64.969957,18.903487],[-157.522279,18.900459],[-20.014515,18.897431],[117.493249,18.894403],[-104.998987,18.891375],[32.508777,18.888347],[170.016541,18.88532],[-52.475695,18.882292],[85.032069,18.879264],[-137.460167,18.876236],[0.047597,18.873209],[137.555361,18.870181],[-84.936875,18.867154],[52.570889,18.864126],[-169.921347,18.861099],[-32.413583,18.858072],[105.094181,18.855045],[-117.398055,18.852017],[20.109709,18.84899],[157.617473,18.845963],[-64.874762,18.842936],[72.633002,18.839909],[-149.859234,18.836882],[-12.35147,18.833855],[125.156294,18.830828],[-97.335942,18.827802],[40.171822,18.824775],[177.679586,18.821748],[-44.81265,18.818722],[92.695114,18.815695],[-129.797122,18.812669],[7.710642,18.809642],[145.218406,18.806616],[-77.27383,18.803589],[60.233934,18.800563],[-162.258302,18.797537],[-24.750538,18.794511],[112.757226,18.791485],[-109.73501,18.788459],[27.772754,18.785433],[165.280519,18.782407],[-57.211717,18.779381],[80.296047,18.776355],[-142.196189,18.773329],[-4.688425,18.770303],[132.819339,18.767278],[-89.672897,18.764252],[47.834867,18.761226],[-174.657369,18.758201],[-37.149605,18.755176],[100.358159,18.75215],[-122.134077,18.749125],[15.373687,18.746099],[152.881451,18.743074],[-69.610785,18.740049],[67.896979,18.737024],[-154.595257,18.733999],[-17.087493,18.730974],[120.420271,18.727949],[-102.071965,18.724924],[35.4358,18.721899],[172.943564,18.718874],[-49.548672,18.715849],[87.959092,18.712825],[-134.533144,18.7098],[2.97462,18.706775],[140.482384,18.703751],[-82.009852,18.700726],[55.497912,18.697702],[-166.994324,18.694678],[-29.48656,18.691653],[108.021204,18.688629],[-114.471032,18.685605],[23.036732,18.682581],[160.544496,18.679557],[-61.94774,18.676532],[75.560024,18.673508],[-146.932212,18.670485],[-9.424448,18.667461],[128.083316,18.664437],[-94.408919,18.661413],[43.098845,18.658389],[-179.393391,18.655366],[-41.885627,18.652342],[95.622137,18.649318],[-126.870099,18.646295],[10.637665,18.643271],[148.145429,18.640248],[-74.346807,18.637225],[63.160957,18.634201],[-159.331279,18.631178],[-21.823515,18.628155],[115.684249,18.625132],[-106.807987,18.622109],[30.699777,18.619086],[168.207541,18.616063],[-54.284695,18.61304],[83.223069,18.610017],[-139.269167,18.606994],[-1.761403,18.603971],[135.746362,18.600949],[-86.745874,18.597926],[50.76189,18.594903],[-171.730346,18.591881],[-34.222582,18.588858],[103.285182,18.585836],[-119.207054,18.582813],[18.30071,18.579791],[155.808474,18.576769],[-66.683762,18.573747],[70.824002,18.570724],[-151.668234,18.567702],[-14.16047,18.56468],[123.347294,18.561658],[-99.144942,18.558636],[38.362822,18.555614],[175.870586,18.552592],[-46.62165,18.549571],[90.886114,18.546549],[-131.606122,18.543527],[5.901643,18.540506],[143.409407,18.537484],[-79.082829,18.534462],[58.424935,18.531441],[-164.067301,18.52842],[-26.559537,18.525398],[110.948227,18.522377],[-111.544009,18.519356],[25.963755,18.516334],[163.471519,18.513313],[-59.020717,18.510292],[78.487047,18.507271],[-144.005189,18.50425],[-6.497425,18.501229],[131.010339,18.498208],[-91.481897,18.495187],[46.025867,18.492167],[-176.466369,18.489146],[-38.958605,18.486125],[98.549159,18.483105],[-123.943076,18.480084],[13.564688,18.477063],[151.072452,18.474043],[-71.419784,18.471023],[66.08798,18.468002],[-156.404256,18.464982],[-18.896492,18.461962],[118.611272,18.458941],[-103.880964,18.455921],[33.6268,18.452901],[171.134564,18.449881],[-51.357672,18.446861],[86.150092,18.443841],[-136.342144,18.440821],[1.16562,18.437802],[138.673384,18.434782],[-83.818852,18.431762],[53.688912,18.428742],[-168.803324,18.425723],[-31.29556,18.422703],[106.212205,18.419684],[-116.280031,18.416664],[21.227733,18.413645],[158.735497,18.410625],[-63.756739,18.407606],[73.751025,18.404587],[-148.741211,18.401568],[-11.233447,18.398549],[126.274317,18.39553],[-96.217919,18.39251],[41.289845,18.389491],[178.797609,18.386473],[-43.694627,18.383454],[93.813137,18.380435],[-128.679099,18.377416],[8.828665,18.374397],[146.336429,18.371379],[-76.155807,18.36836],[61.351957,18.365342],[-161.140279,18.362323],[-23.632514,18.359305],[113.87525,18.356286],[-108.616986,18.353268],[28.890778,18.35025],[166.398542,18.347231],[-56.093694,18.344213],[81.41407,18.341195],[-141.078166,18.338177],[-3.570402,18.335159],[133.937362,18.332141],[-88.554874,18.329123],[48.95289,18.326105],[-173.539346,18.323087],[-36.031582,18.320069],[101.476182,18.317052],[-121.016054,18.314034],[16.49171,18.311016],[153.999474,18.307999],[-68.492762,18.304981],[69.015002,18.301964],[-153.477233,18.298947],[-15.969469,18.295929],[121.538295,18.292912],[-100.953941,18.289895],[36.553823,18.286877],[174.061587,18.28386],[-48.430649,18.280843],[89.077115,18.277826],[-133.415121,18.274809],[4.092643,18.271792],[141.600407,18.268775],[-80.891829,18.265759],[56.615935,18.262742],[-165.876301,18.259725],[-28.368537,18.256708],[109.139227,18.253692],[-113.353009,18.250675],[24.154755,18.247659],[161.662519,18.244642],[-60.829717,18.241626],[76.678048,18.23861],[-145.814188,18.235593],[-8.306424,18.232577],[129.20134,18.229561],[-93.290896,18.226545],[44.216868,18.223529],[-178.275368,18.220513],[-40.767604,18.217497],[96.74016,18.214481],[-125.752076,18.211465],[11.755688,18.208449],[149.263452,18.205433],[-73.228784,18.202417],[64.27898,18.199402],[-158.213256,18.196386],[-20.705492,18.193371],[116.802272,18.190355],[-105.689964,18.18734],[31.8178,18.184324],[169.325564,18.181309],[-53.166671,18.178294],[84.341093,18.175278],[-138.151143,18.172263],[-0.643379,18.169248],[136.864385,18.166233],[-85.627851,18.163218],[51.879913,18.160203],[-170.612323,18.157188],[-33.104559,18.154173],[104.403205,18.151158],[-118.089031,18.148143],[19.418733,18.145129],[156.926497,18.142114],[-65.565739,18.139099],[71.942025,18.136085],[-150.550211,18.13307],[-13.042447,18.130056],[124.465317,18.127041],[-98.026919,18.124027],[39.480845,18.121013],[176.98861,18.117998],[-45.503626,18.114984],[92.004138,18.11197],[-130.488098,18.108956],[7.019666,18.105942],[144.52743,18.102928],[-77.964806,18.099914],[59.542958,18.0969],[-162.949278,18.093886],[-25.441514,18.090872],[112.06625,18.087859],[-110.425986,18.084845],[27.081778,18.081831],[164.589542,18.078818],[-57.902694,18.075804],[79.60507,18.072791],[-142.887166,18.069777],[-5.379402,18.066764],[132.128362,18.06375],[-90.363874,18.060737],[47.143891,18.057724],[-175.348345,18.054711],[-37.840581,18.051698],[99.667183,18.048684],[-122.825053,18.045671],[14.682711,18.042659],[152.190475,18.039646],[-70.301761,18.036633],[67.206003,18.03362],[-155.286233,18.030607],[-17.778469,18.027594],[119.729295,18.024582],[-102.762941,18.021569],[34.744823,18.018557],[172.252587,18.015544],[-50.239649,18.012532],[87.268115,18.009519],[-135.224121,18.006507],[2.283643,18.003495],[139.791407,18.000482],[-82.700828,17.99747],[54.806936,17.994458],[-167.6853,17.991446],[-30.177536,17.988434],[107.330228,17.985422],[-115.162008,17.98241],[22.345756,17.979398],[159.85352,17.976386],[-62.638716,17.973374],[74.869048,17.970363],[-147.623188,17.967351],[-10.115424,17.964339],[127.39234,17.961328],[-95.099896,17.958316],[42.407868,17.955305],[179.915632,17.952293],[-42.576604,17.949282],[94.93116,17.946271],[-127.561076,17.943259],[9.946688,17.940248],[147.454453,17.937237],[-75.037783,17.934226],[62.469981,17.931215],[-160.022255,17.928204],[-22.514491,17.925193],[114.993273,17.922182],[-107.498963,17.919171],[30.008801,17.91616],[167.516565,17.913149],[-54.975671,17.910139],[82.532093,17.907128],[-139.960143,17.904117],[-2.452379,17.901107],[135.055385,17.898096],[-87.436851,17.895086],[50.070913,17.892075],[-172.421323,17.889065],[-34.913559,17.886055],[102.594205,17.883045],[-119.898031,17.880034],[17.609734,17.877024],[155.117498,17.874014],[-67.374738,17.871004],[70.133026,17.867994],[-152.35921,17.864984],[-14.851446,17.861974],[122.656318,17.858964],[-99.835918,17.855955],[37.671846,17.852945],[175.17961,17.849935],[-47.312626,17.846925],[90.195138,17.843916],[-132.297098,17.840906],[5.210666,17.837897],[142.71843,17.834887],[-79.773806,17.831878],[57.733958,17.828869],[-164.758278,17.825859],[-27.250514,17.82285],[110.25725,17.819841],[-112.234985,17.816832],[25.272779,17.813823],[162.780543,17.810814],[-59.711693,17.807805],[77.796071,17.804796],[-144.696165,17.801787],[-7.188401,17.798778],[130.319363,17.795769],[-92.172873,17.792761],[45.334891,17.789752],[-177.157345,17.786743],[-39.649581,17.783735],[97.858183,17.780726],[-124.634053,17.777718],[12.873711,17.774709],[150.381475,17.771701],[-72.110761,17.768693],[65.397003,17.765684],[-157.095233,17.762676],[-19.587469,17.759668],[117.920296,17.75666],[-104.57194,17.753652],[32.935824,17.750644],[170.443588,17.747636],[-52.048648,17.744628],[85.459116,17.74162],[-137.03312,17.738612],[0.474644,17.735604],[137.982408,17.732597],[-84.509828,17.729589],[52.997936,17.726581],[-169.4943,17.723574],[-31.986536,17.720566],[105.521228,17.717559],[-116.971008,17.714551],[20.536756,17.711544],[158.04452,17.708537],[-64.447716,17.70553],[73.060048,17.702522],[-149.432188,17.699515],[-11.924423,17.696508],[125.583341,17.693501],[-96.908895,17.690494],[40.598869,17.687487],[178.106633,17.68448],[-44.385603,17.681473],[93.122161,17.678466],[-129.370075,17.67546],[8.137689,17.672453],[145.645453,17.669446],[-76.846783,17.66644],[60.660981,17.663433],[-161.831255,17.660427],[-24.323491,17.65742],[113.184273,17.654414],[-109.307963,17.651407],[28.199801,17.648401],[165.707565,17.645395],[-56.784671,17.642389],[80.723093,17.639383],[-141.769142,17.636376],[-4.261378,17.63337],[133.246386,17.630364],[-89.24585,17.627358],[48.261914,17.624353],[-174.230322,17.621347],[-36.722558,17.618341],[100.785206,17.615335],[-121.70703,17.612329],[15.800734,17.609324],[153.308498,17.606318],[-69.183738,17.603313],[68.324026,17.600307],[-154.16821,17.597302],[-16.660446,17.594296],[120.847318,17.591291],[-101.644918,17.588286],[35.862846,17.58528],[173.37061,17.582275],[-49.121626,17.57927],[88.386139,17.576265],[-134.106097,17.57326],[3.401667,17.570255],[140.909431,17.56725],[-81.582805,17.564245],[55.924959,17.56124],[-166.567277,17.558235],[-29.059513,17.555231],[108.448251,17.552226],[-114.043985,17.549221],[23.463779,17.546217],[160.971543,17.543212],[-61.520693,17.540208],[75.987071,17.537203],[-146.505165,17.534199],[-8.997401,17.531194],[128.510363,17.52819],[-93.981873,17.525186],[43.525891,17.522182],[-178.966345,17.519177],[-41.45858,17.516173],[96.049184,17.513169],[-126.443052,17.510165],[11.064712,17.507161],[148.572476,17.504157],[-73.91976,17.501153],[63.588004,17.49815],[-158.904232,17.495146],[-21.396468,17.492142],[116.111296,17.489139],[-106.38094,17.486135],[31.126824,17.483131],[168.634588,17.480128],[-53.857648,17.477124],[83.650116,17.474121],[-138.84212,17.471118],[-1.334356,17.468114],[136.173408,17.465111],[-86.318828,17.462108],[51.188936,17.459105],[-171.303299,17.456102],[-33.795535,17.453099],[103.712229,17.450095],[-118.780007,17.447093],[18.727757,17.44409],[156.235521,17.441087],[-66.256715,17.438084],[71.251049,17.435081],[-151.241187,17.432078],[-13.733423,17.429076],[123.774341,17.426073],[-98.717895,17.423071],[38.789869,17.420068],[176.297633,17.417066],[-46.194603,17.414063],[91.313161,17.411061],[-131.179075,17.408058],[6.328689,17.405056],[143.836453,17.402054],[-78.655783,17.399052],[58.851982,17.39605],[-163.640254,17.393048],[-26.13249,17.390046],[111.375274,17.387044],[-111.116962,17.384042],[26.390802,17.38104],[163.898566,17.378038],[-58.59367,17.375036],[78.914094,17.372034],[-143.578142,17.369033],[-6.070378,17.366031],[131.437386,17.36303],[-91.05485,17.360028],[46.452914,17.357026],[-176.039322,17.354025],[-38.531558,17.351024],[98.976206,17.348022],[-123.51603,17.345021],[13.991734,17.34202],[151.499498,17.339019],[-70.992737,17.336017],[66.515027,17.333016],[-155.977209,17.330015],[-18.469445,17.327014],[119.038319,17.324013],[-103.453917,17.321012],[34.053847,17.318012],[171.561611,17.315011],[-50.930625,17.31201],[86.577139,17.309009],[-135.915097,17.306009],[1.592667,17.303008],[139.100431,17.300008],[-83.391805,17.297007],[54.115959,17.294007],[-168.376277,17.291006],[-30.868513,17.288006],[106.639251,17.285006],[-115.852985,17.282005],[21.654779,17.279005],[159.162544,17.276005],[-63.329692,17.273005],[74.178072,17.270005],[-148.314164,17.267005],[-10.8064,17.264005],[126.701364,17.261005],[-95.790872,17.258005],[41.716892,17.255005],[179.224656,17.252005],[-43.26758,17.249006],[94.240184,17.246006],[-128.252052,17.243006],[9.255712,17.240007],[146.763476,17.237007],[-75.72876,17.234008],[61.779004,17.231008],[-160.713232,17.228009],[-23.205468,17.22501],[114.302296,17.22201],[-108.18994,17.219011],[29.317825,17.216012],[166.825589,17.213013],[-55.666647,17.210014],[81.841117,17.207015],[-140.651119,17.204016],[-3.143355,17.201017],[134.364409,17.198018],[-88.127827,17.195019],[49.379937,17.19202],[-173.112299,17.189021],[-35.604535,17.186023],[101.903229,17.183024],[-120.589007,17.180025],[16.918757,17.177027],[154.426521,17.174028],[-68.065715,17.17103],[69.442049,17.168031],[-153.050187,17.165033],[-15.542423,17.162035],[121.965341,17.159036],[-100.526894,17.156038],[36.98087,17.15304],[174.488634,17.150042],[-48.003602,17.147044],[89.504162,17.144046],[-132.988074,17.141048],[4.51969,17.13805],[142.027454,17.135052],[-80.464782,17.132054],[57.042982,17.129056],[-165.449254,17.126059],[-27.94149,17.123061],[109.566274,17.120063],[-112.925962,17.117066],[24.581802,17.114068],[162.089566,17.111071],[-60.40267,17.108073],[77.105094,17.105076],[-145.387142,17.102079],[-7.879378,17.099081],[129.628387,17.096084],[-92.863849,17.093087],[44.643915,17.09009],[-177.848321,17.087093],[-40.340557,17.084096],[97.167207,17.081099],[-125.325029,17.078102],[12.182735,17.075105],[149.690499,17.072108],[-72.801737,17.069111],[64.706027,17.066114],[-157.786209,17.063117],[-20.278445,17.060121],[117.229319,17.057124],[-105.262917,17.054128],[32.244847,17.051131],[169.752611,17.048135],[-52.739625,17.045138],[84.768139,17.042142],[-137.724097,17.039145],[-0.216332,17.036149],[137.291432,17.033153],[-85.200804,17.030157],[52.30696,17.027161],[-170.185276,17.024164],[-32.677512,17.021168],[104.830252,17.018172],[-117.661984,17.015176],[19.84578,17.012181],[157.353544,17.009185],[-65.138692,17.006189],[72.369072,17.003193],[-150.123164,17.000197],[-12.6154,16.997202],[124.892364,16.994206],[-97.599872,16.991211],[39.907892,16.988215],[177.415656,16.98522],[-45.07658,16.982224],[92.431184,16.979229],[-130.061051,16.976233],[7.446713,16.973238],[144.954477,16.970243],[-77.537759,16.967248],[59.970005,16.964253],[-162.522231,16.961258],[-25.014467,16.958262],[112.493297,16.955267],[-109.998939,16.952273],[27.508825,16.949278],[165.016589,16.946283],[-57.475647,16.943288],[80.032117,16.940293],[-142.460119,16.937298],[-4.952355,16.934304],[132.555409,16.931309],[-89.936827,16.928315],[47.570937,16.92532],[-174.921299,16.922326],[-37.413535,16.919331],[100.09423,16.916337],[-122.398006,16.913343],[15.109758,16.910348],[152.617522,16.907354],[-69.874714,16.90436],[67.63305,16.901366],[-154.859186,16.898372],[-17.351422,16.895378],[120.156342,16.892384],[-102.335894,16.88939],[35.17187,16.886396],[172.679634,16.883402],[-49.812602,16.880408],[87.695162,16.877414],[-134.797074,16.874421],[2.71069,16.871427],[140.218454,16.868433],[-82.273782,16.86544],[55.233982,16.862446],[-167.258254,16.859453],[-29.750489,16.856459],[107.757275,16.853466],[-114.734961,16.850473],[22.772803,16.847479],[160.280567,16.844486],[-62.211669,16.841493],[75.296095,16.8385],[-147.196141,16.835507],[-9.688377,16.832514],[127.819387,16.829521],[-94.672849,16.826528],[42.834915,16.823535],[-179.657321,16.820542],[-42.149557,16.817549],[95.358207,16.814556],[-127.134029,16.811564],[10.373735,16.808571],[147.881499,16.805578],[-74.610737,16.802586],[62.897027,16.799593],[-159.595208,16.796601],[-22.087444,16.793608],[115.42032,16.790616],[-107.071916,16.787624],[30.435848,16.784631],[167.943612,16.781639],[-54.548624,16.778647],[82.95914,16.775655],[-139.533096,16.772663],[-2.025332,16.769671],[135.482432,16.766679],[-87.009804,16.763687],[50.49796,16.760695],[-171.994276,16.757703],[-34.486512,16.754711],[103.021252,16.751719],[-119.470984,16.748727],[18.03678,16.745736],[155.544544,16.742744],[-66.947692,16.739753],[70.560073,16.736761],[-151.932163,16.73377],[-14.424399,16.730778],[123.083365,16.727787],[-99.408871,16.724795],[38.098893,16.721804],[175.606657,16.718813],[-46.885579,16.715822],[90.622185,16.71283],[-131.870051,16.709839],[5.637713,16.706848],[143.145477,16.703857],[-79.346759,16.700866],[58.161005,16.697875],[-164.331231,16.694884],[-26.823467,16.691894],[110.684297,16.688903],[-111.807939,16.685912],[25.699825,16.682921],[163.207589,16.679931],[-59.284646,16.67694],[78.223118,16.67395],[-144.269118,16.670959],[-6.761354,16.667969],[130.74641,16.664978],[-91.745826,16.661988],[45.761938,16.658997],[-176.730298,16.656007],[-39.222534,16.653017],[98.28523,16.650027],[-124.207006,16.647037],[13.300758,16.644047],[150.808522,16.641056],[-71.683714,16.638066],[65.82405,16.635077],[-156.668186,16.632087],[-19.160422,16.629097],[118.347342,16.626107],[-104.144894,16.623117],[33.36287,16.620127],[170.870635,16.617138],[-51.621601,16.614148],[85.886163,16.611159],[-136.606073,16.608169],[0.901691,16.60518],[138.409455,16.60219],[-84.082781,16.599201],[53.424983,16.596211],[-169.067253,16.593222],[-31.559489,16.590233],[105.948275,16.587244],[-116.543961,16.584255],[20.963803,16.581265],[158.471567,16.578276],[-64.020669,16.575287],[73.487095,16.572298],[-149.005141,16.569309],[-11.497377,16.566321],[126.010387,16.563332],[-96.481849,16.560343],[41.025916,16.557354],[178.53368,16.554366],[-43.958556,16.551377],[93.549208,16.548388],[-128.943028,16.5454],[8.564736,16.542411],[146.0725,16.539423],[-76.419736,16.536434],[61.088028,16.533446],[-161.404208,16.530458],[-23.896444,16.527469],[113.61132,16.524481],[-108.880916,16.521493],[28.626848,16.518505],[166.134612,16.515517],[-56.357624,16.512529],[81.15014,16.509541],[-141.342096,16.506553],[-3.834332,16.503565],[133.673432,16.500577],[-88.818803,16.497589],[48.688961,16.494601],[-173.803275,16.491614],[-36.295511,16.488626],[101.212253,16.485638],[-121.279983,16.482651],[16.227781,16.479663],[153.735545,16.476676],[-68.756691,16.473688],[68.751073,16.470701],[-153.741163,16.467714],[-16.233399,16.464726],[121.274365,16.461739],[-101.217871,16.458752],[36.289893,16.455765],[173.797657,16.452777],[-48.694579,16.44979],[88.813185,16.446803],[-133.679051,16.443816],[3.828713,16.440829],[141.336478,16.437843],[-81.155758,16.434856],[56.352006,16.431869],[-166.14023,16.428882],[-28.632466,16.425895],[108.875298,16.422909],[-113.616938,16.419922],[23.890826,16.416936],[161.39859,16.413949],[-61.093646,16.410963],[76.414118,16.407976],[-146.078118,16.40499],[-8.570354,16.402003],[128.93741,16.399017],[-93.554826,16.396031],[43.952938,16.393045],[-178.539298,16.390058],[-41.031534,16.387072],[96.47623,16.384086],[-126.016006,16.3811],[11.491759,16.378114],[148.999523,16.375128],[-73.492713,16.372142],[64.015051,16.369157],[-158.477185,16.366171],[-20.969421,16.363185],[116.538343,16.360199],[-105.953893,16.357214],[31.553871,16.354228],[169.061635,16.351243],[-53.430601,16.348257],[84.077163,16.345272],[-138.415073,16.342286],[-0.907309,16.339301],[136.600455,16.336315],[-85.891781,16.33333],[51.615983,16.330345],[-170.876253,16.32736],[-33.368489,16.324375],[104.139275,16.321389],[-118.35296,16.318404],[19.154804,16.315419],[156.662568,16.312434],[-65.829668,16.309449],[71.678096,16.306465],[-150.81414,16.30348],[-13.306376,16.300495],[124.201388,16.29751],[-98.290848,16.294525],[39.216916,16.291541],[176.72468,16.288556],[-45.767556,16.285572],[91.740208,16.282587],[-130.752028,16.279603],[6.755736,16.276618],[144.2635,16.273634],[-78.228736,16.27065],[59.279028,16.267665],[-163.213208,16.264681],[-25.705444,16.261697],[111.802321,16.258713],[-110.689915,16.255729],[26.817849,16.252744],[164.325613,16.24976],[-58.166623,16.246776],[79.341141,16.243793],[-143.151095,16.240809],[-5.643331,16.237825],[131.864433,16.234841],[-90.627803,16.231857],[46.879961,16.228874],[-175.612275,16.22589],[-38.104511,16.222906],[99.403253,16.219923],[-123.088983,16.216939],[14.418781,16.213956],[151.926545,16.210972],[-70.565691,16.207989],[66.942073,16.205006],[-155.550163,16.202022],[-18.042398,16.199039],[119.465366,16.196056],[-103.02687,16.193073],[34.480894,16.19009],[171.988658,16.187106],[-50.503578,16.184123],[87.004186,16.18114],[-135.48805,16.178158],[2.019714,16.175175],[139.527478,16.172192],[-82.964758,16.169209],[54.543006,16.166226],[-167.94923,16.163244],[-30.441466,16.160261],[107.066298,16.157278],[-115.425938,16.154296],[22.081826,16.151313],[159.58959,16.148331],[-62.902646,16.145348],[74.605118,16.142366],[-147.887117,16.139383],[-10.379353,16.136401],[127.128411,16.133419],[-95.363825,16.130437],[42.143939,16.127455],[179.651703,16.124472],[-42.840533,16.12149],[94.667231,16.118508],[-127.825005,16.115526],[9.682759,16.112544],[147.190523,16.109562],[-75.301713,16.106581],[62.206051,16.103599],[-160.286185,16.100617],[-22.778421,16.097635],[114.729343,16.094654],[-107.762893,16.091672],[29.744871,16.08869],[167.252635,16.085709],[-55.239601,16.082727],[82.268164,16.079746],[-140.224072,16.076765],[-2.716308,16.073783],[134.791456,16.070802],[-87.70078,16.067821],[49.806984,16.064839],[-172.685252,16.061858],[-35.177488,16.058877],[102.330276,16.055896],[-120.16196,16.052915],[17.345804,16.049934],[154.853568,16.046953],[-67.638668,16.043972],[69.869096,16.040991],[-152.62314,16.03801],[-15.115376,16.035029],[122.392388,16.032049],[-100.099848,16.029068],[37.407916,16.026087],[174.91568,16.023107],[-47.576555,16.020126],[89.931209,16.017146],[-132.561027,16.014165],[4.946737,16.011185],[142.454501,16.008204],[-80.037735,16.005224],[57.470029,16.002244],[-165.022207,15.999264],[-27.514443,15.996283],[109.993321,15.993303],[-112.498915,15.990323],[25.008849,15.987343],[162.516613,15.984363],[-59.975623,15.981383],[77.532141,15.978403],[-144.960095,15.975423],[-7.452331,15.972443],[130.055433,15.969463],[-92.436803,15.966484],[45.070961,15.963504],[-177.421274,15.960524],[-39.91351,15.957545],[97.594254,15.954565],[-124.897982,15.951586],[12.609782,15.948606],[150.117546,15.945627],[-72.37469,15.942647],[65.133074,15.939668],[-157.359162,15.936689],[-19.851398,15.933709],[117.656366,15.93073],[-104.83587,15.927751],[32.671894,15.924772],[170.179658,15.921793],[-52.312578,15.918814],[85.195186,15.915835],[-137.29705,15.912856],[0.210714,15.909877],[137.718478,15.906898],[-84.773758,15.903919],[52.734007,15.90094],[-169.758229,15.897961],[-32.250465,15.894983],[105.257299,15.892004],[-117.234937,15.889025],[20.272827,15.886047],[157.780591,15.883068],[-64.711645,15.88009],[72.796119,15.877111],[-149.696117,15.874133],[-12.188353,15.871155],[125.319411,15.868176],[-97.172825,15.865198],[40.334939,15.86222],[177.842703,15.859242],[-44.649533,15.856264],[92.858231,15.853286],[-129.634005,15.850308],[7.873759,15.84733],[145.381524,15.844352],[-77.110712,15.841374],[60.397052,15.838396],[-162.095184,15.835418],[-24.58742,15.83244],[112.920344,15.829462],[-109.571892,15.826485],[27.935872,15.823507],[165.443636,15.82053],[-57.0486,15.817552],[80.459164,15.814574],[-142.033072,15.811597],[-4.525308,15.80862],[132.982456,15.805642],[-89.50978,15.802665],[47.997984,15.799688],[-174.494252,15.79671],[-36.986488,15.793733],[100.521276,15.790756],[-121.97096,15.787779],[15.536805,15.784802],[153.044569,15.781825],[-69.447667,15.778848],[68.060097,15.775871],[-154.432139,15.772894],[-16.924375,15.769917],[120.583389,15.76694],[-101.908847,15.763963],[35.598917,15.760987],[173.106681,15.75801],[-49.385555,15.755033],[88.122209,15.752057],[-134.370027,15.74908],[3.137737,15.746104],[140.645501,15.743127],[-81.846735,15.740151],[55.661029,15.737174],[-166.831207,15.734198],[-29.323443,15.731222],[108.184321,15.728246],[-114.307914,15.725269],[23.19985,15.722293],[160.707614,15.719317],[-61.784622,15.716341],[75.723142,15.713365],[-146.769094,15.710389],[-9.26133,15.707413],[128.246434,15.704437],[-94.245802,15.701461],[43.261962,15.698486],[-179.230274,15.69551],[-41.72251,15.692534],[95.785254,15.689558],[-126.706982,15.686583],[10.800782,15.683607],[148.308546,15.680632],[-74.18369,15.677656],[63.324074,15.674681],[-159.168162,15.671705],[-21.660398,15.66873],[115.847367,15.665755],[-106.644869,15.662779],[30.862895,15.659804],[168.370659,15.656829],[-54.121577,15.653854],[83.386187,15.650878],[-139.106049,15.647903],[-1.598285,15.644928],[135.909479,15.641953],[-86.582757,15.638978],[50.925007,15.636004],[-171.567229,15.633029],[-34.059465,15.630054],[103.448299,15.627079],[-119.043937,15.624104],[18.463827,15.62113],[155.971591,15.618155],[-66.520645,15.61518],[70.987119,15.612206],[-151.505117,15.609231],[-13.997352,15.606257],[123.510412,15.603282],[-98.981824,15.600308],[38.52594,15.597334],[176.033704,15.594359],[-46.458532,15.591385],[91.049232,15.588411],[-131.443004,15.585437],[6.06476,15.582463],[143.572524,15.579489],[-78.919712,15.576515],[58.588052,15.573541],[-163.904184,15.570567],[-26.39642,15.567593],[111.111344,15.564619],[-111.380892,15.561645],[26.126872,15.558671],[163.634636,15.555698],[-58.8576,15.552724],[78.650164,15.54975],[-143.842071,15.546777],[-6.334307,15.543803],[131.173457,15.540829],[-91.318779,15.537856],[46.188985,15.534883],[-176.303251,15.531909],[-38.795487,15.528936],[98.712277,15.525963],[-123.779959,15.522989],[13.727805,15.520016],[151.235569,15.517043],[-71.256667,15.51407],[66.251097,15.511097],[-156.241139,15.508124],[-18.733375,15.505151],[118.774389,15.502178],[-103.717847,15.499205],[33.789917,15.496232],[171.297681,15.493259],[-51.194555,15.490286],[86.31321,15.487313],[-136.179026,15.484341],[1.328738,15.481368],[138.836502,15.478395],[-83.655734,15.475423],[53.85203,15.47245],[-168.640206,15.469478],[-31.132442,15.466505],[106.375322,15.463533],[-116.116914,15.460561],[21.39085,15.457588],[158.898614,15.454616],[-63.593622,15.451644],[73.914142,15.448672],[-148.578094,15.445699],[-11.07033,15.442727],[126.437434,15.439755],[-96.054802,15.436783],[41.452962,15.433811],[178.960726,15.430839],[-43.531509,15.427867],[93.976255,15.424896],[-128.515981,15.421924],[8.991783,15.418952],[146.499547,15.41598],[-75.992689,15.413009],[61.515075,15.410037],[-160.977161,15.407065],[-23.469397,15.404094],[114.038367,15.401122],[-108.453869,15.398151],[29.053895,15.395179],[166.561659,15.392208],[-55.930577,15.389237],[81.577187,15.386265],[-140.915049,15.383294],[-3.407285,15.380323],[134.100479,15.377352],[-88.391757,15.37438],[49.116007,15.371409],[-173.376228,15.368438],[-35.868464,15.365467],[101.6393,15.362496],[-120.852936,15.359525],[16.654828,15.356555],[154.162592,15.353584],[-68.329644,15.350613],[69.17812,15.347642],[-153.314116,15.344671],[-15.806352,15.341701],[121.701412,15.33873],[-100.790824,15.33576],[36.71694,15.332789],[174.224704,15.329819],[-48.267532,15.326848],[89.240232,15.323878],[-133.252004,15.320907],[4.25576,15.317937],[141.763524,15.314967],[-80.728712,15.311996],[56.779053,15.309026],[-165.713183,15.306056],[-28.205419,15.303086],[109.302345,15.300116],[-113.189891,15.297146],[24.317873,15.294176],[161.825637,15.291206],[-60.666599,15.288236],[76.841165,15.285266],[-145.651071,15.282296],[-8.143307,15.279326],[129.364457,15.276357],[-93.127779,15.273387],[44.379985,15.270417],[-178.112251,15.267448],[-40.604487,15.264478],[96.903277,15.261509],[-125.588959,15.258539],[11.918805,15.25557],[149.426569,15.2526],[-73.065666,15.249631],[64.442098,15.246662],[-158.050138,15.243692],[-20.542374,15.240723],[116.96539,15.237754],[-105.526846,15.234785],[31.980918,15.231816],[169.488682,15.228847],[-53.003554,15.225878],[84.50421,15.222909],[-137.988026,15.21994],[-0.480262,15.216971],[137.027502,15.214002],[-85.464734,15.211033],[52.04303,15.208064],[-170.449206,15.205096],[-32.941442,15.202127],[104.566322,15.199158],[-117.925914,15.19619],[19.58185,15.193221],[157.089615,15.190252],[-65.402621,15.187284],[72.105143,15.184316],[-150.387093,15.181347],[-12.879329,15.178379],[124.628435,15.17541],[-97.863801,15.172442],[39.643963,15.169474],[177.151727,15.166506],[-45.340509,15.163538],[92.167255,15.16057],[-130.324981,15.157601],[7.182783,15.154633],[144.690547,15.151665],[-77.801689,15.148697],[59.706075,15.14573],[-162.786161,15.142762],[-25.278397,15.139794],[112.229367,15.136826],[-110.262869,15.133858],[27.244896,15.130891],[164.75266,15.127923],[-57.739576,15.124955],[79.768188,15.121988],[-142.724048,15.11902],[-5.216284,15.116053],[132.29148,15.113085],[-90.200756,15.110118],[47.307008,15.107151],[-175.185228,15.104183],[-37.677464,15.101216],[99.8303,15.098249],[-122.661936,15.095282],[14.845828,15.092314],[152.353592,15.089347],[-70.138644,15.08638],[67.36912,15.083413],[-155.123116,15.080446],[-17.615352,15.077479],[119.892412,15.074512],[-102.599823,15.071546],[34.907941,15.068579],[172.415705,15.065612],[-50.076531,15.062645],[87.431233,15.059679],[-135.061003,15.056712],[2.446761,15.053745],[139.954525,15.050779],[-82.537711,15.047812],[54.970053,15.044846],[-167.522183,15.041879],[-30.014419,15.038913],[107.493345,15.035946],[-114.998891,15.03298],[22.508873,15.030014],[160.016637,15.027048],[-62.475599,15.024081],[75.032165,15.021115],[-147.460071,15.018149],[-9.952307,15.015183],[127.555458,15.012217],[-94.936778,15.009251],[42.570986,15.006285],[-179.92125,15.003319],[-42.413486,15.000353],[95.094278,14.997387],[-127.397958,14.994422],[10.109806,14.991456],[147.61757,14.98849],[-74.874666,14.985524],[62.633098,14.982559],[-159.859138,14.979593],[-22.351374,14.976628],[115.15639,14.973662],[-107.335846,14.970697],[30.171918,14.967731],[167.679682,14.964766],[-54.812554,14.961801],[82.69521,14.958835],[-139.797026,14.95587],[-2.289261,14.952905],[135.218503,14.94994],[-87.273733,14.946975],[50.234031,14.944009],[-172.258205,14.941044],[-34.750441,14.938079],[102.757323,14.935114],[-119.734913,14.932149],[17.772851,14.929185],[155.280615,14.92622],[-67.211621,14.923255],[70.296143,14.92029],[-152.196093,14.917325],[-14.688329,14.914361],[122.819435,14.911396],[-99.672801,14.908432],[37.834963,14.905467],[175.342727,14.902502],[-47.149509,14.899538],[90.358255,14.896574],[-132.13398,14.893609],[5.373784,14.890645],[142.881548,14.88768],[-79.610688,14.884716],[57.897076,14.881752],[-164.59516,14.878788],[-27.087396,14.875824],[110.420368,14.872859],[-112.071868,14.869895],[25.435896,14.866931],[162.94366,14.863967],[-59.548576,14.861003],[77.959188,14.85804],[-144.533048,14.855076],[-7.025284,14.852112],[130.48248,14.849148],[-92.009756,14.846184],[45.498008,14.843221],[-176.994228,14.840257],[-39.486464,14.837293],[98.021301,14.83433],[-124.470935,14.831366],[13.036829,14.828403],[150.544593,14.825439],[-71.947643,14.822476],[65.560121,14.819512],[-156.932115,14.816549],[-19.424351,14.813586],[118.083413,14.810622],[-104.408823,14.807659],[33.098941,14.804696],[170.606705,14.801733],[-51.885531,14.79877],[85.622233,14.795807],[-136.870003,14.792844],[0.637761,14.789881],[138.145525,14.786918],[-84.346711,14.783955],[53.161053,14.780992],[-169.331183,14.778029],[-31.823418,14.775067],[105.684346,14.772104],[-116.80789,14.769141],[20.699874,14.766178],[158.207638,14.763216],[-64.284598,14.760253],[73.223166,14.757291],[-149.26907,14.754328],[-11.761306,14.751366],[125.746458,14.748403],[-96.745778,14.745441],[40.761986,14.742479],[178.26975,14.739516],[-44.222486,14.736554],[93.285278,14.733592],[-129.206958,14.73063],[8.300806,14.727668],[145.80857,14.724706],[-76.683666,14.721743],[60.824098,14.718781],[-161.668137,14.71582],[-24.160373,14.712858],[113.347391,14.709896],[-109.144845,14.706934],[28.362919,14.703972],[165.870683,14.70101],[-56.621553,14.698049],[80.886211,14.695087],[-141.606025,14.692125],[-4.098261,14.689164],[133.409503,14.686202],[-89.082733,14.683241],[48.425031,14.680279],[-174.067205,14.677318],[-36.559441,14.674356],[100.948323,14.671395],[-121.543913,14.668433],[15.963851,14.665472],[153.471615,14.662511],[-69.020621,14.65955],[68.487144,14.656589],[-154.005092,14.653627],[-16.497328,14.650666],[121.010436,14.647705],[-101.4818,14.644744],[36.025964,14.641783],[173.533728,14.638822],[-48.958508,14.635862],[88.549256,14.632901],[-133.94298,14.62994],[3.564784,14.626979],[141.072548,14.624018],[-81.419688,14.621058],[56.088076,14.618097],[-166.40416,14.615136],[-28.896396,14.612176],[108.611368,14.609215],[-113.880868,14.606255],[23.626896,14.603294],[161.13466,14.600334],[-61.357575,14.597374],[76.150189,14.594413],[-146.342047,14.591453],[-8.834283,14.588493],[128.673481,14.585533],[-93.818755,14.582572],[43.689009,14.579612],[-178.803227,14.576652],[-41.295463,14.573692],[96.212301,14.570732],[-126.279935,14.567772],[11.227829,14.564812],[148.735593,14.561852],[-73.756643,14.558893],[63.751121,14.555933],[-158.741115,14.552973],[-21.233351,14.550013],[116.274413,14.547054],[-106.217823,14.544094],[31.289941,14.541134],[168.797706,14.538175],[-53.69453,14.535215],[83.813234,14.532256],[-138.679002,14.529296],[-1.171238,14.526337],[136.336526,14.523377],[-86.15571,14.520418],[51.352054,14.517459],[-171.140182,14.5145],[-33.632418,14.51154],[103.875346,14.508581],[-118.61689,14.505622],[18.890874,14.502663],[156.398638,14.499704],[-66.093598,14.496745],[71.414166,14.493786],[-151.07807,14.490827],[-13.570306,14.487868],[123.937458,14.484909],[-98.554778,14.48195],[38.952987,14.478992],[176.460751,14.476033],[-46.031485,14.473074],[91.476279,14.470115],[-131.015957,14.467157],[6.491807,14.464198],[143.999571,14.46124],[-78.492665,14.458281],[59.015099,14.455323],[-163.477137,14.452364],[-25.969373,14.449406],[111.538391,14.446448],[-110.953845,14.443489],[26.553919,14.440531],[164.061683,14.437573],[-58.430553,14.434615],[79.077211,14.431656],[-143.415025,14.428698],[-5.907261,14.42574],[131.600503,14.422782],[-90.891732,14.419824],[46.616032,14.416866],[-175.876204,14.413908],[-38.36844,14.41095],[99.139324,14.407993],[-123.352912,14.405035],[14.154852,14.402077],[151.662616,14.399119],[-70.82962,14.396162],[66.678144,14.393204],[-155.814092,14.390246],[-18.306328,14.387289],[119.201436,14.384331],[-103.2908,14.381374],[34.216964,14.378416],[171.724728,14.375459],[-50.767508,14.372502],[86.740256,14.369544],[-135.75198,14.366587],[1.755784,14.36363],[139.263549,14.360673],[-83.228687,14.357715],[54.279077,14.354758],[-168.213159,14.351801],[-30.705395,14.348844],[106.802369,14.345887],[-115.689867,14.34293],[21.817897,14.339973],[159.325661,14.337016],[-63.166575,14.334059],[74.341189,14.331103],[-148.151047,14.328146],[-10.643283,14.325189],[126.864481,14.322232],[-95.627755,14.319276],[41.880009,14.316319],[179.387773,14.313363],[-43.104463,14.310406],[94.403301,14.307449],[-128.088935,14.304493],[9.41883,14.301537],[146.926594,14.29858],[-75.565642,14.295624],[61.942122,14.292668],[-160.550114,14.289711],[-23.04235,14.286755],[114.465414,14.283799],[-108.026822,14.280843],[29.480942,14.277887],[166.988706,14.27493],[-55.50353,14.271974],[82.004234,14.269018],[-140.488002,14.266062],[-2.980238,14.263107],[134.527526,14.260151],[-87.96471,14.257195],[49.543054,14.254239],[-172.949182,14.251283],[-35.441418,14.248327],[102.066346,14.245372],[-120.425889,14.242416],[17.081875,14.239461],[154.589639,14.236505],[-67.902597,14.233549],[69.605167,14.230594],[-152.887069,14.227638],[-15.379305,14.224683],[122.128459,14.221728],[-100.363777,14.218772],[37.143987,14.215817],[174.651751,14.212862],[-47.840485,14.209906],[89.667279,14.206951],[-132.824957,14.203996],[4.682807,14.201041],[142.190571,14.198086],[-80.301665,14.195131],[57.206099,14.192176],[-165.286137,14.189221],[-27.778373,14.186266],[109.729392,14.183311],[-112.762844,14.180356],[24.74492,14.177402],[162.252684,14.174447],[-60.239552,14.171492],[77.268212,14.168537],[-145.224024,14.165583],[-7.71626,14.162628],[129.791504,14.159673],[-92.700732,14.156719],[44.807032,14.153764],[-177.685204,14.15081],[-40.17744,14.147856],[97.330324,14.144901],[-125.161912,14.141947],[12.345852,14.138993],[149.853616,14.136038],[-72.63862,14.133084],[64.869144,14.13013],[-157.623092,14.127176],[-20.115327,14.124222],[117.392437,14.121268],[-105.099799,14.118313],[32.407965,14.115359],[169.915729,14.112406],[-52.576507,14.109452],[84.931257,14.106498],[-137.560979,14.103544],[-0.053215,14.10059],[137.454549,14.097636],[-85.037687,14.094683],[52.470077,14.091729],[-170.022159,14.088775],[-32.514395,14.085822],[104.993369,14.082868],[-117.498867,14.079914],[20.008897,14.076961],[157.516661,14.074008],[-64.975575,14.071054],[72.532189,14.068101],[-149.960046,14.065147],[-12.452282,14.062194],[125.055482,14.059241],[-97.436754,14.056288],[40.07101,14.053334],[177.578774,14.050381],[-44.913462,14.047428],[92.594302,14.044475],[-129.897934,14.041522],[7.60983,14.038569],[145.117594,14.035616],[-77.374642,14.032663],[60.133122,14.02971],[-162.359114,14.026757],[-24.85135,14.023804],[112.656414,14.020852],[-109.835822,14.017899],[27.671942,14.014946],[165.179706,14.011994],[-57.31253,14.009041],[80.195235,14.006088],[-142.297001,14.003136],[-4.789237,14.000183],[132.718527,13.997231],[-89.773709,13.994278],[47.734055,13.991326],[-174.758181,13.988374],[-37.250417,13.985421],[100.257347,13.982469],[-122.234889,13.979517],[15.272875,13.976565],[152.780639,13.973612],[-69.711597,13.97066],[67.796167,13.967708],[-154.696069,13.964756],[-17.188305,13.961804],[120.319459,13.958852],[-102.172777,13.9559],[35.334987,13.952948],[172.842751,13.949996],[-49.649484,13.947045],[87.85828,13.944093],[-134.633956,13.941141],[2.873808,13.938189],[140.381572,13.935238],[-82.110664,13.932286],[55.3971,13.929334],[-167.095136,13.926383],[-29.587372,13.923431],[107.920392,13.92048],[-114.571844,13.917528],[22.93592,13.914577],[160.443684,13.911626],[-62.048552,13.908674],[75.459212,13.905723],[-147.033024,13.902772],[-9.52526,13.89982],[127.982504,13.896869],[-94.509732,13.893918],[42.998032,13.890967],[-179.494203,13.888016],[-41.986439,13.885065],[95.521325,13.882114],[-126.970911,13.879163],[10.536853,13.876212],[148.044617,13.873261],[-74.447619,13.87031],[63.060145,13.867359],[-159.432091,13.864409],[-21.924327,13.861458],[115.583437,13.858507],[-106.908799,13.855557],[30.598965,13.852606],[168.106729,13.849655],[-54.385507,13.846705],[83.122257,13.843754],[-139.369979,13.840804],[-1.862215,13.837853],[135.645549,13.834903],[-86.846687,13.831953],[50.661078,13.829002],[-171.831158,13.826052],[-34.323394,13.823102],[103.18437,13.820151],[-119.307866,13.817201],[18.199898,13.814251],[155.707662,13.811301],[-66.784574,13.808351],[70.72319,13.805401],[-151.769046,13.802451],[-14.261282,13.799501],[123.246482,13.796551],[-99.245754,13.793601],[38.26201,13.790651],[175.769774,13.787702],[-46.722462,13.784752],[90.785302,13.781802],[-131.706934,13.778852],[5.80083,13.775903],[143.308594,13.772953],[-79.183641,13.770004],[58.324123,13.767054],[-164.168113,13.764104],[-26.660349,13.761155],[110.847415,13.758206],[-111.644821,13.755256],[25.862943,13.752307],[163.370707,13.749358],[-59.121529,13.746408],[78.386235,13.743459],[-144.106001,13.74051],[-6.598237,13.737561],[130.909527,13.734611],[-91.582709,13.731662],[45.925055,13.728713],[-176.567181,13.725764],[-39.059417,13.722815],[98.448347,13.719866],[-124.043889,13.716917],[13.463875,13.713969],[150.97164,13.71102],[-71.520596,13.708071],[65.987168,13.705122],[-156.505068,13.702173],[-18.997304,13.699225],[118.51046,13.696276],[-103.981776,13.693327],[33.525988,13.690379],[171.033752,13.68743],[-51.458484,13.684482],[86.04928,13.681533],[-136.442956,13.678585],[1.064808,13.675637],[138.572572,13.672688],[-83.919664,13.66974],[53.5881,13.666792],[-168.904136,13.663843],[-31.396372,13.660895],[106.111392,13.657947],[-116.380844,13.654999],[21.126921,13.652051],[158.634685,13.649103],[-63.857551,13.646155],[73.650213,13.643207],[-148.842023,13.640259],[-11.334259,13.637311],[126.173505,13.634363],[-96.318731,13.631415],[41.189033,13.628467],[178.696797,13.625519],[-43.795439,13.622572],[93.712325,13.619624],[-128.779911,13.616676],[8.727853,13.613729],[146.235617,13.610781],[-76.256619,13.607834],[61.251145,13.604886],[-161.241091,13.601939],[-23.733327,13.598991],[113.774437,13.596044],[-108.717798,13.593096],[28.789966,13.590149],[166.29773,13.587202],[-56.194506,13.584255],[81.313258,13.581307],[-141.178978,13.57836],[-3.671214,13.575413],[133.83655,13.572466],[-88.655686,13.569519],[48.852078,13.566572],[-173.640158,13.563625],[-36.132394,13.560678],[101.37537,13.557731],[-121.116866,13.554784],[16.390898,13.551837],[153.898662,13.54889],[-68.593574,13.545944],[68.91419,13.542997],[-153.578046,13.54005],[-16.070282,13.537103],[121.437483,13.534157],[-101.054753,13.53121],[36.453011,13.528264],[173.960775,13.525317],[-48.531461,13.522371],[88.976303,13.519424],[-133.515933,13.516478],[3.991831,13.513531],[141.499595,13.510585],[-80.992641,13.507639],[56.515123,13.504693],[-165.977113,13.501746],[-28.469349,13.4988],[109.038415,13.495854],[-113.453821,13.492908],[24.053943,13.489962],[161.561707,13.487016],[-60.930529,13.48407],[76.577235,13.481124],[-145.915001,13.478178],[-8.407236,13.475232],[129.100528,13.472286],[-93.391708,13.46934],[44.116056,13.466394],[-178.37618,13.463449],[-40.868416,13.460503],[96.639348,13.457557],[-125.852888,13.454612],[11.654876,13.451666],[149.16264,13.44872],[-73.329596,13.445775],[64.178168,13.442829],[-158.314068,13.439884],[-20.806304,13.436938],[116.70146,13.433993],[-105.790776,13.431048],[31.716988,13.428102],[169.224752,13.425157],[-53.267484,13.422212],[84.24028,13.419267],[-138.251955,13.416321],[-0.744191,13.413376],[136.763573,13.410431],[-85.728663,13.407486],[51.779101,13.404541],[-170.713135,13.401596],[-33.205371,13.398651],[104.302393,13.395706],[-118.189843,13.392761],[19.317921,13.389816],[156.825685,13.386872],[-65.666551,13.383927],[71.841213,13.380982],[-150.651023,13.378037],[-13.143259,13.375093],[124.364505,13.372148],[-98.127731,13.369203],[39.380033,13.366259],[176.887797,13.363314],[-45.604439,13.36037],[91.903326,13.357425],[-130.58891,13.354481],[6.918854,13.351536],[144.426618,13.348592],[-78.065618,13.345648],[59.442146,13.342704],[-163.05009,13.339759],[-25.542326,13.336815],[111.965438,13.333871],[-110.526798,13.330927],[26.980966,13.327983],[164.48873,13.325039],[-58.003506,13.322095],[79.504258,13.319151],[-142.987978,13.316207],[-5.480214,13.313263],[132.02755,13.310319],[-90.464686,13.307375],[47.043078,13.304431],[-175.449158,13.301487],[-37.941393,13.298544],[99.566371,13.2956],[-122.925865,13.292656],[14.581899,13.289713],[152.089663,13.286769],[-70.402573,13.283825],[67.105191,13.280882],[-155.387045,13.277938],[-17.879281,13.274995],[119.628483,13.272052],[-102.863753,13.269108],[34.644011,13.266165],[172.151775,13.263221],[-50.340461,13.260278],[87.167303,13.257335],[-135.324933,13.254392],[2.182831,13.251449],[139.690595,13.248505],[-82.801641,13.245562],[54.706123,13.242619],[-167.786112,13.239676],[-30.278348,13.236733],[107.229416,13.23379],[-115.26282,13.230847],[22.244944,13.227904],[159.752708,13.224962],[-62.739528,13.222019],[74.768236,13.219076],[-147.724,13.216133],[-10.216236,13.213191],[127.291528,13.210248],[-95.200708,13.207305],[42.307056,13.204363],[179.81482,13.20142],[-42.677416,13.198478],[94.830348,13.195535],[-127.661888,13.192593],[9.845876,13.18965],[147.35364,13.186708],[-75.138596,13.183765],[62.369169,13.180823],[-160.123067,13.177881],[-22.615303,13.174939],[114.892461,13.171996],[-107.599775,13.169054],[29.907989,13.166112],[167.415753,13.16317],[-55.076483,13.160228],[82.431281,13.157286],[-140.060955,13.154344],[-2.553191,13.151402],[134.954573,13.14846],[-87.537663,13.145518],[49.970101,13.142576],[-172.522135,13.139634],[-35.014371,13.136693],[102.493393,13.133751],[-119.998843,13.130809],[17.508921,13.127867],[155.016685,13.124926],[-67.47555,13.121984],[70.032214,13.119042],[-152.460022,13.116101],[-14.952258,13.113159],[122.555506,13.110218],[-99.93673,13.107277],[37.571034,13.104335],[175.078798,13.101394],[-47.413438,13.098452],[90.094326,13.095511],[-132.39791,13.09257],[5.109854,13.089629],[142.617618,13.086687],[-79.874618,13.083746],[57.633146,13.080805],[-164.85909,13.077864],[-27.351326,13.074923],[110.156438,13.071982],[-112.335798,13.069041],[25.171966,13.0661],[162.679731,13.063159],[-59.812505,13.060218],[77.695259,13.057277],[-144.796977,13.054337],[-7.289213,13.051396],[130.218551,13.048455],[-92.273685,13.045514],[45.234079,13.042574],[-177.258157,13.039633],[-39.750393,13.036693],[97.757371,13.033752],[-124.734865,13.030811],[12.772899,13.027871],[150.280663,13.02493],[-72.211573,13.02199],[65.296191,13.01905],[-157.196045,13.016109],[-19.688281,13.013169],[117.819483,13.010229],[-104.672753,13.007288],[32.835012,13.004348],[170.342776,13.001408],[-52.14946,12.998468],[85.358304,12.995528],[-137.133932,12.992588],[0.373832,12.989648],[137.881596,12.986708],[-84.61064,12.983768],[52.897124,12.980828],[-169.595112,12.977888],[-32.087348,12.974948],[105.420416,12.972008],[-117.07182,12.969068],[20.435944,12.966129],[157.943708,12.963189],[-64.548528,12.960249],[72.959236,12.95731],[-149.533,12.95437],[-12.025236,12.95143],[125.482528,12.948491],[-97.009707,12.945551],[40.498057,12.942612],[178.005821,12.939672],[-44.486415,12.936733],[93.021349,12.933794],[-129.470887,12.930854],[8.036877,12.927915],[145.544641,12.924976],[-76.947595,12.922036],[60.560169,12.919097],[-161.932067,12.916158],[-24.424303,12.913219],[113.083461,12.91028],[-109.408775,12.907341],[28.098989,12.904402],[165.606753,12.901463],[-56.885483,12.898524],[80.622281,12.895585],[-141.869955,12.892646],[-4.362191,12.889707],[133.145574,12.886768],[-89.346662,12.883829],[48.161102,12.880891],[-174.331134,12.877952],[-36.82337,12.875013],[100.684394,12.872075],[-121.807842,12.869136],[15.699922,12.866197],[153.207686,12.863259],[-69.28455,12.86032],[68.223214,12.857382],[-154.269022,12.854443],[-16.761258,12.851505],[120.746506,12.848567],[-101.74573,12.845628],[35.762034,12.84269],[173.269798,12.839752],[-49.222438,12.836813],[88.285326,12.833875],[-134.20691,12.830937],[3.300855,12.827999],[140.808619,12.825061],[-81.683617,12.822123],[55.824147,12.819185],[-166.668089,12.816247],[-29.160325,12.813309],[108.347439,12.810371],[-114.144797,12.807433],[23.362967,12.804495],[160.870731,12.801557],[-61.621505,12.798619],[75.886259,12.795682],[-146.605977,12.792744],[-9.098213,12.789806],[128.409551,12.786869],[-94.082685,12.783931],[43.425079,12.780993],[-179.067157,12.778056],[-41.559393,12.775118],[95.948371,12.772181],[-126.543864,12.769243],[10.9639,12.766306],[148.471664,12.763368],[-74.020572,12.760431],[63.487192,12.757494],[-159.005044,12.754557],[-21.49728,12.751619],[116.010484,12.748682],[-106.481752,12.745745],[31.026012,12.742808],[168.533776,12.739871],[-53.95846,12.736934],[83.549304,12.733997],[-138.942932,12.731059],[-1.435168,12.728123],[136.072596,12.725186],[-86.41964,12.722249],[51.088124,12.719312],[-171.404112,12.716375],[-33.896348,12.713438],[103.611417,12.710501],[-118.880819,12.707565],[18.626945,12.704628],[156.134709,12.701691],[-66.357527,12.698755],[71.150237,12.695818],[-151.341999,12.692881],[-13.834235,12.689945],[123.673529,12.687008],[-98.818707,12.684072],[38.689057,12.681136],[176.196821,12.678199],[-46.295415,12.675263],[91.212349,12.672326],[-131.279887,12.66939],[6.227877,12.666454],[143.735641,12.663518],[-78.756595,12.660581],[58.751169,12.657645],[-163.741067,12.654709],[-26.233302,12.651773],[111.274462,12.648837],[-111.217774,12.645901],[26.28999,12.642965],[163.797754,12.640029],[-58.694482,12.637093],[78.813282,12.634157],[-143.678954,12.631221],[-6.17119,12.628285],[131.336574,12.62535],[-91.155662,12.622414],[46.352102,12.619478],[-176.140134,12.616542],[-38.63237,12.613607],[98.875394,12.610671],[-123.616842,12.607736],[13.890922,12.6048],[151.398686,12.601865],[-71.09355,12.598929],[66.414214,12.595994],[-156.078021,12.593058],[-18.570257,12.590123],[118.937507,12.587187],[-103.554729,12.584252],[33.953035,12.581317],[171.460799,12.578382],[-51.031437,12.575446],[86.476327,12.572511],[-136.015909,12.569576],[1.491855,12.566641],[138.999619,12.563706],[-83.492617,12.560771],[54.015147,12.557836],[-168.477089,12.554901],[-30.969325,12.551966],[106.538439,12.549031],[-115.953797,12.546096],[21.553967,12.543161],[159.061731,12.540226],[-63.430505,12.537292],[74.07726,12.534357],[-148.414976,12.531422],[-10.907212,12.528487],[126.600552,12.525553],[-95.891684,12.522618],[41.61608,12.519684],[179.123844,12.516749],[-43.368392,12.513814],[94.139372,12.51088],[-128.352864,12.507946],[9.1549,12.505011],[146.662664,12.502077],[-75.829572,12.499142],[61.678192,12.496208],[-160.814044,12.493274],[-23.30628,12.490339],[114.201484,12.487405],[-108.290752,12.484471],[29.217012,12.481537],[166.724776,12.478603],[-55.767459,12.475669],[81.740305,12.472735],[-140.751931,12.469801],[-3.244167,12.466867],[134.263597,12.463933],[-88.228639,12.460999],[49.279125,12.458065],[-173.213111,12.455131],[-35.705347,12.452197],[101.802417,12.449263],[-120.689819,12.44633],[16.817945,12.443396],[154.325709,12.440462],[-68.166527,12.437529],[69.341237,12.434595],[-153.150999,12.431661],[-15.643235,12.428728],[121.864529,12.425794],[-100.627707,12.422861],[36.880057,12.419927],[174.387822,12.416994],[-48.104414,12.414061],[89.40335,12.411127],[-133.088886,12.408194],[4.418878,12.405261],[141.926642,12.402327],[-80.565594,12.399394],[56.94217,12.396461],[-165.550066,12.393528],[-28.042302,12.390595],[109.465462,12.387662],[-113.026774,12.384729],[24.48099,12.381796],[161.988754,12.378863],[-60.503482,12.37593],[77.004282,12.372997],[-145.487954,12.370064],[-7.98019,12.367131],[129.527574,12.364198],[-92.964662,12.361265],[44.543103,12.358332],[-177.949133,12.3554],[-40.441369,12.352467],[97.066395,12.349534],[-125.425841,12.346602],[12.081923,12.343669],[149.589687,12.340737],[-72.902549,12.337804],[64.605215,12.334872],[-157.887021,12.331939],[-20.379257,12.329007],[117.128507,12.326074],[-105.363729,12.323142],[32.144035,12.32021],[169.651799,12.317277],[-52.840437,12.314345],[84.667327,12.311413],[-137.824909,12.308481],[-0.317145,12.305548],[137.190619,12.302616],[-85.301616,12.299684],[52.206148,12.296752],[-170.286088,12.29382],[-32.778324,12.290888],[104.72944,12.287956],[-117.762796,12.285024],[19.744968,12.282092],[157.252732,12.27916],[-65.239504,12.276228],[72.26826,12.273297],[-150.223976,12.270365],[-12.716212,12.267433],[124.791552,12.264501],[-97.700684,12.26157],[39.80708,12.258638],[177.314844,12.255706],[-45.177392,12.252775],[92.330372,12.249843],[-130.161864,12.246912],[7.3459,12.24398],[144.853665,12.241049],[-77.638571,12.238117],[59.869193,12.235186],[-162.623043,12.232255],[-25.115279,12.229323],[112.392485,12.226392],[-110.099751,12.223461],[27.408013,12.22053],[164.915777,12.217598],[-57.576459,12.214667],[79.931305,12.211736],[-142.560931,12.208805],[-5.053167,12.205874],[132.454597,12.202943],[-90.037639,12.200012],[47.470125,12.197081],[-175.022111,12.19415],[-37.514347,12.191219],[99.993417,12.188288],[-122.498819,12.185357],[15.008946,12.182427],[152.51671,12.179496],[-69.975526,12.176565],[67.532238,12.173634],[-154.959998,12.170704],[-17.452234,12.167773],[120.05553,12.164842],[-102.436706,12.161912],[35.071058,12.158981],[172.578822,12.156051],[-49.913414,12.15312],[87.59435,12.15019],[-134.897886,12.147259],[2.609878,12.144329],[140.117642,12.141399],[-82.374594,12.138468],[55.13317,12.135538],[-167.359066,12.132608],[-29.851302,12.129678],[107.656462,12.126747],[-114.835773,12.123817],[22.671991,12.120887],[160.179755,12.117957],[-62.312481,12.115027],[75.195283,12.112097],[-147.296953,12.109167],[-9.789189,12.106237],[127.718575,12.103307],[-94.773661,12.100377],[42.734103,12.097447],[-179.758133,12.094517],[-42.250369,12.091588],[95.257395,12.088658],[-127.234841,12.085728],[10.272923,12.082798],[147.780687,12.079869],[-74.711549,12.076939],[62.796215,12.07401],[-159.696021,12.07108],[-22.188257,12.06815],[115.319508,12.065221],[-107.172728,12.062291],[30.335036,12.059362],[167.8428,12.056433],[-54.649436,12.053503],[82.858328,12.050574],[-139.633908,12.047644],[-2.126144,12.044715],[135.38162,12.041786],[-87.110616,12.038857],[50.397148,12.035927],[-172.095088,12.032998],[-34.587324,12.030069],[102.92044,12.02714],[-119.571796,12.024211],[17.935968,12.021282],[155.443732,12.018353],[-67.048504,12.015424],[70.45926,12.012495],[-152.032976,12.009566],[-14.525211,12.006637],[122.982553,12.003708],[-99.509683,12.00078],[37.998081,11.997851],[175.505845,11.994922],[-46.986391,11.991993],[90.521373,11.989065],[-131.970863,11.986136],[5.536901,11.983207],[143.044665,11.980279],[-79.447571,11.97735],[58.060193,11.974422],[-164.432043,11.971493],[-26.924279,11.968565],[110.583485,11.965636],[-111.908751,11.962708],[25.599013,11.95978],[163.106777,11.956851],[-59.385459,11.953923],[78.122306,11.950995],[-144.36993,11.948066],[-6.862166,11.945138],[130.645598,11.94221],[-91.846638,11.939282],[45.661126,11.936354],[-176.83111,11.933426],[-39.323346,11.930498],[98.184418,11.92757],[-124.307818,11.924642],[13.199946,11.921714],[150.70771,11.918786],[-71.784526,11.915858],[65.723238,11.91293],[-156.768998,11.910002],[-19.261234,11.907074],[118.24653,11.904147],[-104.245706,11.901219],[33.262058,11.898291],[170.769822,11.895363],[-51.722413,11.892436],[85.785351,11.889508],[-136.706885,11.886581],[0.800879,11.883653],[138.308643,11.880726],[-84.183593,11.877798],[53.324171,11.874871],[-169.168065,11.871943],[-31.660301,11.869016],[105.847463,11.866088],[-116.644773,11.863161],[20.862991,11.860234],[158.370755,11.857307],[-64.121481,11.854379],[73.386283,11.851452],[-149.105953,11.848525],[-11.598189,11.845598],[125.909575,11.842671],[-96.582661,11.839744],[40.925103,11.836817],[178.432868,11.83389],[-44.059368,11.830963],[93.448396,11.828036],[-129.04384,11.825109],[8.463924,11.822182],[145.971688,11.819255],[-76.520548,11.816328],[60.987216,11.813401],[-161.50502,11.810475],[-23.997256,11.807548],[113.510508,11.804621],[-108.981728,11.801694],[28.526036,11.798768],[166.0338,11.795841],[-56.458436,11.792915],[81.049328,11.789988],[-141.442908,11.787062],[-3.935144,11.784135],[133.57262,11.781209],[-88.919616,11.778282],[48.588149,11.775356],[-173.904087,11.772429],[-36.396323,11.769503],[101.111441,11.766577],[-121.380795,11.763651],[16.126969,11.760724],[153.634733,11.757798],[-68.857503,11.754872],[68.650261,11.751946],[-153.841975,11.74902],[-16.334211,11.746094],[121.173553,11.743168],[-101.318683,11.740242],[36.189081,11.737316],[173.696845,11.73439],[-48.795391,11.731464],[88.712373,11.728538],[-133.779863,11.725612],[3.727901,11.722686],[141.235665,11.71976],[-81.25657,11.716835],[56.251194,11.713909],[-166.241042,11.710983],[-28.733278,11.708057],[108.774486,11.705132],[-113.71775,11.702206],[23.790014,11.699281],[161.297778,11.696355],[-61.194458,11.69343],[76.313306,11.690504],[-146.17893,11.687579],[-8.671166,11.684653],[128.836598,11.681728],[-93.655638,11.678802],[43.852126,11.675877],[-178.64011,11.672952],[-41.132346,11.670026],[96.375418,11.667101],[-126.116818,11.664176],[11.390946,11.661251],[148.898711,11.658326],[-73.593525,11.655401],[63.914239,11.652475],[-158.577997,11.64955],[-21.070233,11.646625],[116.437531,11.6437],[-106.054705,11.640775],[31.453059,11.63785],[168.960823,11.634926],[-53.531413,11.632001],[83.976351,11.629076],[-138.515885,11.626151],[-1.008121,11.623226],[136.499643,11.620302],[-85.992593,11.617377],[51.515171,11.614452],[-170.977065,11.611527],[-33.469301,11.608603],[104.038463,11.605678],[-118.453773,11.602754],[19.053992,11.599829],[156.561756,11.596905],[-65.93048,11.59398],[71.577284,11.591056],[-150.914952,11.588131],[-13.407188,11.585207],[124.100576,11.582283],[-98.39166,11.579358],[39.116104,11.576434],[176.623868,11.57351],[-45.868368,11.570585],[91.639396,11.567661],[-130.85284,11.564737],[6.654924,11.561813],[144.162688,11.558889],[-78.329548,11.555965],[59.178216,11.553041],[-163.31402,11.550117],[-25.806256,11.547193],[111.701508,11.544269],[-110.790727,11.541345],[26.717037,11.538421],[164.224801,11.535497],[-58.267435,11.532573],[79.240329,11.529649],[-143.251907,11.526726],[-5.744143,11.523802],[131.763621,11.520878],[-90.728615,11.517955],[46.779149,11.515031],[-175.713087,11.512107],[-38.205323,11.509184],[99.302441,11.50626],[-123.189795,11.503337],[14.317969,11.500413],[151.825733,11.49749],[-70.666503,11.494566],[66.841261,11.491643],[-155.650975,11.488719],[-18.143211,11.485796],[119.364554,11.482873],[-103.127682,11.479949],[34.380082,11.477026],[171.887846,11.474103],[-50.60439,11.47118],[86.903374,11.468257],[-135.588862,11.465334],[1.918902,11.46241],[139.426666,11.459487],[-83.06557,11.456564],[54.442194,11.453641],[-168.050042,11.450718],[-30.542278,11.447795],[106.965486,11.444872],[-115.52675,11.44195],[21.981014,11.439027],[159.488778,11.436104],[-63.003458,11.433181],[74.504306,11.430258],[-147.98793,11.427336],[-10.480165,11.424413],[127.027599,11.42149],[-95.464637,11.418567],[42.043127,11.415645],[179.550891,11.412722],[-42.941345,11.4098],[94.566419,11.406877],[-127.925817,11.403955],[9.581947,11.401032],[147.089711,11.39811],[-75.402525,11.395187],[62.105239,11.392265],[-160.386997,11.389343],[-22.879233,11.38642],[114.628531,11.383498],[-107.863705,11.380576],[29.644059,11.377654],[167.151823,11.374731],[-55.340413,11.371809],[82.167351,11.368887],[-140.324884,11.365965],[-2.81712,11.363043],[134.690644,11.360121],[-87.801592,11.357199],[49.706172,11.354277],[-172.786064,11.351355],[-35.2783,11.348433],[102.229464,11.345511],[-120.262772,11.342589],[17.244992,11.339667],[154.752756,11.336745],[-67.73948,11.333824],[69.768284,11.330902],[-152.723952,11.32798],[-15.216188,11.325058],[122.291576,11.322137],[-100.20066,11.319215],[37.307104,11.316294],[174.814868,11.313372],[-47.677368,11.31045],[89.830397,11.307529],[-132.661839,11.304607],[4.845925,11.301686],[142.353689,11.298765],[-80.138547,11.295843],[57.369217,11.292922],[-165.123019,11.29],[-27.615255,11.287079],[109.892509,11.284158],[-112.599727,11.281237],[24.908037,11.278315],[162.415801,11.275394],[-60.076435,11.272473],[77.431329,11.269552],[-145.060907,11.266631],[-7.553143,11.26371],[129.954621,11.260789],[-92.537615,11.257868],[44.970149,11.254947],[-177.522087,11.252026],[-40.014322,11.249105],[97.493442,11.246184],[-124.998794,11.243263],[12.50897,11.240342],[150.016734,11.237422],[-72.475502,11.234501],[65.032262,11.23158],[-157.459974,11.228659],[-19.95221,11.225739],[117.555554,11.222818],[-104.936682,11.219897],[32.571082,11.216977],[170.078846,11.214056],[-52.41339,11.211136],[85.094374,11.208215],[-137.397862,11.205295],[0.109902,11.202374],[137.617666,11.199454],[-84.87457,11.196533],[52.633194,11.193613],[-169.859041,11.190693],[-32.351277,11.187772],[105.156487,11.184852],[-117.335749,11.181932],[20.172015,11.179012],[157.679779,11.176092],[-64.812457,11.173171],[72.695307,11.170251],[-149.796929,11.167331],[-12.289165,11.164411],[125.218599,11.161491],[-97.273637,11.158571],[40.234127,11.155651],[177.741891,11.152731],[-44.750345,11.149811],[92.757419,11.146891],[-129.734817,11.143971],[7.772947,11.141052],[145.280711,11.138132],[-77.211525,11.135212],[60.29624,11.132292],[-162.195996,11.129373],[-24.688232,11.126453],[112.819532,11.123533],[-109.672704,11.120614],[27.83506,11.117694],[165.342824,11.114775],[-57.149412,11.111855],[80.358352,11.108935],[-142.133884,11.106016],[-4.62612,11.103097],[132.881644,11.100177],[-89.610592,11.097258],[47.897172,11.094338],[-174.595064,11.091419],[-37.0873,11.0885],[100.420464,11.08558],[-122.071772,11.082661],[15.435992,11.079742],[152.943756,11.076823],[-69.548479,11.073904],[67.959285,11.070985],[-154.532951,11.068065],[-17.025187,11.065146],[120.482577,11.062227],[-102.009659,11.059308],[35.498105,11.056389],[173.005869,11.05347],[-49.486367,11.050551],[88.021397,11.047633],[-134.470839,11.044714],[3.036925,11.041795],[140.544689,11.038876],[-81.947547,11.035957],[55.560217,11.033039],[-166.932019,11.03012],[-29.424255,11.027201],[108.083509,11.024282],[-114.408727,11.021364],[23.099037,11.018445],[160.606802,11.015527],[-61.885434,11.012608],[75.62233,11.00969],[-146.869906,11.006771],[-9.362142,11.003853],[128.145622,11.000934],[-94.346614,10.998016],[43.16115,10.995097],[-179.331086,10.992179],[-41.823322,10.989261],[95.684442,10.986342],[-126.807794,10.983424],[10.69997,10.980506],[148.207734,10.977588],[-74.284502,10.97467],[63.223262,10.971751],[-159.268974,10.968833],[-21.76121,10.965915],[115.746554,10.962997],[-106.745682,10.960079],[30.762083,10.957161],[168.269847,10.954243],[-54.222389,10.951325],[83.285375,10.948407],[-139.206861,10.945489],[-1.699097,10.942572],[135.808667,10.939654],[-86.683569,10.936736],[50.824195,10.933818],[-171.668041,10.9309],[-34.160277,10.927983],[103.347487,10.925065],[-119.144749,10.922147],[18.363015,10.91923],[155.870779,10.916312],[-66.621457,10.913395],[70.886307,10.910477],[-151.605929,10.90756],[-14.098165,10.904642],[123.409599,10.901725],[-99.082636,10.898807],[38.425128,10.89589],[175.932892,10.892972],[-46.559344,10.890055],[90.94842,10.887138],[-131.543816,10.88422],[5.963948,10.881303],[143.471712,10.878386],[-79.020524,10.875469],[58.48724,10.872552],[-164.004996,10.869635],[-26.497232,10.866717],[111.010532,10.8638],[-111.481704,10.860883],[26.02606,10.857966],[163.533824,10.855049],[-58.958412,10.852132],[78.549352,10.849215],[-143.942884,10.846298],[-6.43512,10.843382],[131.072645,10.840465],[-91.419591,10.837548],[46.088173,10.834631],[-176.404063,10.831714],[-38.896299,10.828798],[98.611465,10.825881],[-123.880771,10.822964],[13.626993,10.820047],[151.134757,10.817131],[-71.357479,10.814214],[66.150285,10.811298],[-156.341951,10.808381],[-18.834187,10.805465],[118.673577,10.802548],[-103.818659,10.799632],[33.689105,10.796715],[171.196869,10.793799],[-51.295367,10.790882],[86.212397,10.787966],[-136.279839,10.78505],[1.227926,10.782134],[138.73569,10.779217],[-83.756546,10.776301],[53.751218,10.773385],[-168.741018,10.770469],[-31.233254,10.767553],[106.27451,10.764636],[-116.217726,10.76172],[21.290038,10.758804],[158.797802,10.755888],[-63.694434,10.752972],[73.81333,10.750056],[-148.678906,10.74714],[-11.171142,10.744224],[126.336622,10.741308],[-96.155614,10.738393],[41.35215,10.735477],[178.859914,10.732561],[-43.632322,10.729645],[93.875442,10.726729],[-128.616793,10.723814],[8.890971,10.720898],[146.398735,10.717982],[-76.093501,10.715067],[61.414263,10.712151],[-161.077973,10.709235],[-23.570209,10.70632],[113.937555,10.703404],[-108.554681,10.700489],[28.953083,10.697573],[166.460847,10.694658],[-56.031389,10.691743],[81.476375,10.688827],[-141.015861,10.685912],[-3.508097,10.682996],[133.999667,10.680081],[-88.492569,10.677166],[49.015195,10.674251],[-173.477041,10.671335],[-35.969277,10.66842],[101.538488,10.665505],[-120.953748,10.66259],[16.554016,10.659675],[154.06178,10.65676],[-68.430456,10.653845],[69.077308,10.65093],[-153.414928,10.648015],[-15.907164,10.6451],[121.6006,10.642185],[-100.891636,10.63927],[36.616128,10.636355],[174.123892,10.63344],[-48.368344,10.630525],[89.13942,10.62761],[-133.352816,10.624696],[4.154948,10.621781],[141.662712,10.618866],[-80.829524,10.615952],[56.67824,10.613037],[-165.813996,10.610122],[-28.306231,10.607208],[109.201533,10.604293],[-113.290703,10.601379],[24.217061,10.598464],[161.724825,10.59555],[-60.767411,10.592635],[76.740353,10.589721],[-145.751883,10.586806],[-8.244119,10.583892],[129.263645,10.580977],[-93.228591,10.578063],[44.279173,10.575149],[-178.213063,10.572235],[-40.705299,10.56932],[96.802465,10.566406],[-125.689771,10.563492],[11.817993,10.560578],[149.325757,10.557664],[-73.166479,10.554749],[64.341285,10.551835],[-158.15095,10.548921],[-20.643186,10.546007],[116.864578,10.543093],[-105.627658,10.540179],[31.880106,10.537265],[169.38787,10.534351],[-53.104366,10.531438],[84.403398,10.528524],[-138.088838,10.52561],[-0.581074,10.522696],[136.92669,10.519782],[-85.565546,10.516869],[51.942218,10.513955],[-170.550018,10.511041],[-33.042254,10.508128],[104.46551,10.505214],[-118.026726,10.5023],[19.481038,10.499387],[156.988802,10.496473],[-65.503434,10.49356],[72.004331,10.490646],[-150.487905,10.487733],[-12.980141,10.484819],[124.527623,10.481906],[-97.964613,10.478992],[39.543151,10.476079],[177.050915,10.473166],[-45.441321,10.470252],[92.066443,10.467339],[-130.425793,10.464426],[7.081971,10.461513],[144.589735,10.458599],[-77.902501,10.455686],[59.605263,10.452773],[-162.886973,10.44986],[-25.379209,10.446947],[112.128555,10.444034],[-110.363681,10.441121],[27.144083,10.438208],[164.651847,10.435295],[-57.840388,10.432382],[79.667376,10.429469],[-142.82486,10.426556],[-5.317096,10.423643],[132.190668,10.42073],[-90.301568,10.417817],[47.206196,10.414905],[-175.28604,10.411992],[-37.778276,10.409079],[99.729488,10.406166],[-122.762748,10.403254],[14.745016,10.400341],[152.25278,10.397428],[-70.239456,10.394516],[67.268308,10.391603],[-155.223928,10.388691],[-17.716164,10.385778],[119.7916,10.382866],[-102.700636,10.379953],[34.807128,10.377041],[172.314893,10.374128],[-50.177343,10.371216],[87.330421,10.368304],[-135.161815,10.365391],[2.345949,10.362479],[139.853713,10.359567],[-82.638523,10.356654],[54.869241,10.353742],[-167.622995,10.35083],[-30.115231,10.347918],[107.392533,10.345006],[-115.099703,10.342094],[22.408061,10.339182],[159.915825,10.336269],[-62.576411,10.333357],[74.931353,10.330445],[-147.560883,10.327533],[-10.053119,10.324622],[127.454645,10.32171],[-95.037591,10.318798],[42.470174,10.315886],[179.977938,10.312974],[-42.514298,10.310062],[94.993466,10.30715],[-127.49877,10.304239],[10.008994,10.301327],[147.516758,10.298415],[-74.975478,10.295503],[62.532286,10.292592],[-159.95995,10.28968],[-22.452186,10.286769],[115.055578,10.283857],[-107.436658,10.280945],[30.071106,10.278034],[167.57887,10.275122],[-54.913366,10.272211],[82.594398,10.2693],[-139.897838,10.266388],[-2.390074,10.263477],[135.11769,10.260565],[-87.374545,10.257654],[50.133219,10.254743],[-172.359017,10.251831],[-34.851253,10.24892],[102.656511,10.246009],[-119.835725,10.243098],[17.672039,10.240187],[155.179803,10.237275],[-67.312433,10.234364],[70.195331,10.231453],[-152.296905,10.228542],[-14.789141,10.225631],[122.718623,10.22272],[-99.773613,10.219809],[37.734151,10.216898],[175.241915,10.213987],[-47.250321,10.211076],[90.257443,10.208165],[-132.234793,10.205255],[5.272971,10.202344],[142.780736,10.199433],[-79.7115,10.196522],[57.796264,10.193611],[-164.695972,10.190701],[-27.188208,10.18779],[110.319556,10.184879],[-112.17268,10.181969],[25.335084,10.179058],[162.842848,10.176148],[-59.649388,10.173237],[77.858376,10.170326],[-144.63386,10.167416],[-7.126096,10.164505],[130.381668,10.161595],[-92.110568,10.158685],[45.397196,10.155774],[-177.09504,10.152864],[-39.587276,10.149953],[97.920488,10.147043],[-124.571748,10.144133],[12.936017,10.141223],[150.443781,10.138312],[-72.048455,10.135402],[65.459309,10.132492],[-157.032927,10.129582],[-19.525163,10.126672],[117.982601,10.123761],[-104.509635,10.120851],[32.998129,10.117941],[170.505893,10.115031],[-51.986343,10.112121],[85.521421,10.109211],[-136.970815,10.106301],[0.536949,10.103391],[138.044713,10.100482],[-84.447523,10.097572],[53.060241,10.094662],[-169.431995,10.091752],[-31.924231,10.088842],[105.583533,10.085932],[-116.908702,10.083023],[20.599062,10.080113],[158.106826,10.077203],[-64.38541,10.074294],[73.122354,10.071384],[-149.369882,10.068474],[-11.862118,10.065565],[125.645646,10.062655],[-96.84659,10.059746],[40.661174,10.056836],[178.168938,10.053927],[-44.323298,10.051017],[93.184466,10.048108],[-129.30777,10.045198],[8.199994,10.042289],[145.707758,10.03938],[-76.784478,10.03647],[60.723286,10.033561],[-161.76895,10.030652],[-24.261186,10.027743],[113.246579,10.024833],[-109.245657,10.021924],[28.262107,10.019015],[165.769871,10.016106],[-56.722365,10.013197],[80.785399,10.010288],[-141.706837,10.007379],[-4.199073,10.00447],[133.308691,10.001561],[-89.183545,9.998652],[48.324219,9.995743],[-174.168017,9.992834],[-36.660253,9.989925],[100.847511,9.987016],[-121.644725,9.984107],[15.863039,9.981198],[153.370803,9.978289],[-69.121433,9.975381],[68.386331,9.972472],[-154.105905,9.969563],[-16.59814,9.966654],[120.909624,9.963746],[-101.582612,9.960837],[35.925152,9.957928],[173.432916,9.95502],[-49.05932,9.952111],[88.448444,9.949203],[-134.043792,9.946294],[3.463972,9.943386],[140.971736,9.940477],[-81.5205,9.937569],[55.987264,9.93466],[-166.504972,9.931752],[-28.997208,9.928844],[108.510556,9.925935],[-113.98168,9.923027],[23.526084,9.920119],[161.033848,9.917211],[-61.458388,9.914302],[76.049376,9.911394],[-146.442859,9.908486],[-8.935095,9.905578],[128.572669,9.90267],[-93.919567,9.899762],[43.588197,9.896853],[-178.904039,9.893945],[-41.396275,9.891037],[96.111489,9.888129],[-126.380747,9.885221],[11.127017,9.882313],[148.634781,9.879406],[-73.857455,9.876498],[63.650309,9.87359],[-158.841927,9.870682],[-21.334163,9.867774],[116.173601,9.864866],[-106.318635,9.861959],[31.189129,9.859051],[168.696893,9.856143],[-53.795343,9.853235],[83.712422,9.850328],[-138.779814,9.84742],[-1.27205,9.844512],[136.235714,9.841605],[-86.256522,9.838697],[51.251242,9.83579],[-171.240994,9.832882],[-33.73323,9.829975],[103.774534,9.827067],[-118.717702,9.82416],[18.790062,9.821252],[156.297826,9.818345],[-66.19441,9.815438],[71.313354,9.81253],[-151.178882,9.809623],[-13.671118,9.806716],[123.836646,9.803809],[-98.65559,9.800901],[38.852174,9.797994],[176.359938,9.795087],[-46.132297,9.79218],[91.375467,9.789273],[-131.116769,9.786366],[6.390995,9.783458],[143.898759,9.780551],[-78.593477,9.777644],[58.914287,9.774737],[-163.577949,9.77183],[-26.070185,9.768923],[111.437579,9.766016],[-111.054657,9.76311],[26.453107,9.760203],[163.960871,9.757296],[-58.531365,9.754389],[78.976399,9.751482],[-143.515837,9.748575],[-6.008073,9.745669],[131.499691,9.742762],[-90.992545,9.739855],[46.515219,9.736949],[-175.977016,9.734042],[-38.469252,9.731135],[99.038512,9.728229],[-123.453724,9.725322],[14.05404,9.722416],[151.561804,9.719509],[-70.930432,9.716603],[66.577332,9.713696],[-155.914904,9.71079],[-18.40714,9.707883],[119.100624,9.704977],[-103.391612,9.702071],[34.116152,9.699164],[171.623916,9.696258],[-50.86832,9.693352],[86.639444,9.690445],[-135.852792,9.687539],[1.654972,9.684633],[139.162736,9.681727],[-83.3295,9.67882],[54.178265,9.675914],[-168.313971,9.673008],[-30.806207,9.670102],[106.701557,9.667196],[-115.790679,9.66429],[21.717085,9.661384],[159.224849,9.658478],[-63.267387,9.655572],[74.240377,9.652666],[-148.251859,9.64976],[-10.744095,9.646854],[126.763669,9.643948],[-95.728567,9.641043],[41.779197,9.638137],[179.286961,9.635231],[-43.205275,9.632325],[94.302489,9.629419],[-128.189747,9.626514],[9.318017,9.623608],[146.825781,9.620702],[-75.666454,9.617797],[61.84131,9.614891],[-160.650926,9.611985],[-23.143162,9.60908],[114.364602,9.606174],[-108.127634,9.603269],[29.38013,9.600363],[166.887894,9.597458],[-55.604342,9.594552],[81.903422,9.591647],[-140.588814,9.588742],[-3.08105,9.585836],[134.426714,9.582931],[-88.065522,9.580026],[49.442242,9.57712],[-173.049994,9.574215],[-35.54223,9.57131],[101.965534,9.568405],[-120.526702,9.565499],[16.981062,9.562594],[154.488827,9.559689],[-68.003409,9.556784],[69.504355,9.553879],[-152.987881,9.550974],[-15.480117,9.548069],[122.027647,9.545164],[-100.464589,9.542259],[37.043175,9.539354],[174.550939,9.536449],[-47.941297,9.533544],[89.566467,9.530639],[-132.925769,9.527734],[4.581995,9.524829],[142.089759,9.521924],[-80.402477,9.51902],[57.105287,9.516115],[-165.386949,9.51321],[-27.879185,9.510305],[109.628579,9.507401],[-112.863657,9.504496],[24.644108,9.501591],[162.151872,9.498687],[-60.340364,9.495782],[77.1674,9.492878],[-145.324836,9.489973],[-7.817072,9.487069],[129.690692,9.484164],[-92.801544,9.48126],[44.70622,9.478355],[-177.786016,9.475451],[-40.278252,9.472546],[97.229512,9.469642],[-125.262724,9.466738],[12.24504,9.463833],[149.752804,9.460929],[-72.739432,9.458025],[64.768332,9.45512],[-157.723904,9.452216],[-20.21614,9.449312],[117.291624,9.446408],[-105.200611,9.443504],[32.307153,9.440599],[169.814917,9.437695],[-52.677319,9.434791],[84.830445,9.431887],[-137.661791,9.428983],[-0.154027,9.426079],[137.353737,9.423175],[-85.138499,9.420271],[52.369265,9.417367],[-170.122971,9.414463],[-32.615207,9.411559],[104.892557,9.408656],[-117.599679,9.405752],[19.908085,9.402848],[157.415849,9.399944],[-65.076387,9.39704],[72.431377,9.394137],[-150.060859,9.391233],[-12.553095,9.388329],[124.95467,9.385426],[-97.537566,9.382522],[39.970198,9.379618],[177.477962,9.376715],[-45.014274,9.373811],[92.49349,9.370908],[-129.998746,9.368004],[7.509018,9.365101],[145.016782,9.362197],[-77.475454,9.359294],[60.03231,9.35639],[-162.459926,9.353487],[-24.952162,9.350583],[112.555602,9.34768],[-109.936634,9.344777],[27.57113,9.341873],[165.078894,9.33897],[-57.413342,9.336067],[80.094422,9.333164],[-142.397814,9.33026],[-4.890049,9.327357],[132.617715,9.324454],[-89.874521,9.321551],[47.633243,9.318648],[-174.858993,9.315745],[-37.351229,9.312842],[100.156535,9.309939],[-122.335701,9.307036],[15.172063,9.304133],[152.679827,9.30123],[-69.812409,9.298327],[67.695355,9.295424],[-154.796881,9.292521],[-17.289117,9.289618],[120.218647,9.286715],[-102.273589,9.283812],[35.234175,9.28091],[172.741939,9.278007],[-49.750297,9.275104],[87.757467,9.272201],[-134.734768,9.269299],[2.772996,9.266396],[140.28076,9.263493],[-82.211476,9.260591],[55.296288,9.257688],[-167.195948,9.254785],[-29.688184,9.251883],[107.81958,9.24898],[-114.672656,9.246078],[22.835108,9.243175],[160.342872,9.240273],[-62.149364,9.23737],[75.3584,9.234468],[-147.133836,9.231566],[-9.626072,9.228663],[127.881692,9.225761],[-94.610544,9.222859],[42.89722,9.219956],[-179.595016,9.217054],[-42.087252,9.214152],[95.420513,9.21125],[-127.071723,9.208347],[10.436041,9.205445],[147.943805,9.202543],[-74.548431,9.199641],[62.959333,9.196739],[-159.532903,9.193837],[-22.025139,9.190935],[115.482625,9.188033],[-107.009611,9.185131],[30.498153,9.182229],[168.005917,9.179327],[-54.486319,9.176425],[83.021445,9.173523],[-139.470791,9.170621],[-1.963027,9.167719],[135.544737,9.164817],[-86.947499,9.161915],[50.560265,9.159014],[-171.931971,9.156112],[-34.424206,9.15321],[103.083558,9.150308],[-119.408678,9.147407],[18.099086,9.144505],[155.60685,9.141603],[-66.885386,9.138702],[70.622378,9.1358],[-151.869858,9.132898],[-14.362094,9.129997],[123.14567,9.127095],[-99.346566,9.124194],[38.161198,9.121292],[175.668962,9.118391],[-46.823274,9.115489],[90.68449,9.112588],[-131.807746,9.109687],[5.700018,9.106785],[143.207782,9.103884],[-79.284454,9.100983],[58.22331,9.098081],[-164.268925,9.09518],[-26.761161,9.092279],[110.746603,9.089377],[-111.745633,9.086476],[25.762131,9.083575],[163.269895,9.080674],[-59.222341,9.077773],[78.285423,9.074872],[-144.206813,9.071971],[-6.699049,9.06907],[130.808715,9.066168],[-91.683521,9.063267],[45.824243,9.060366],[-176.667993,9.057465],[-39.160229,9.054565],[98.347535,9.051664],[-124.144701,9.048763],[13.363063,9.045862],[150.870827,9.042961],[-71.621409,9.04006],[65.886356,9.037159],[-156.60588,9.034259],[-19.098116,9.031358],[118.409648,9.028457],[-104.082588,9.025556],[33.425176,9.022656],[170.93294,9.019755],[-51.559296,9.016854],[85.948468,9.013954],[-136.543768,9.011053],[0.963996,9.008153],[138.47176,9.005252],[-84.020476,9.002351],[53.487288,8.999451],[-169.004948,8.99655],[-31.497184,8.99365],[106.01058,8.99075],[-116.481656,8.987849],[21.026108,8.984949],[158.533872,8.982048],[-63.958363,8.979148],[73.549401,8.976248],[-148.942835,8.973347],[-11.435071,8.970447],[126.072693,8.967547],[-96.419543,8.964647],[41.088221,8.961746],[178.595985,8.958846],[-43.896251,8.955946],[93.611513,8.953046],[-128.880723,8.950146],[8.627041,8.947246],[146.134805,8.944346],[-76.357431,8.941446],[61.150333,8.938546],[-161.341903,8.935646],[-23.834139,8.932746],[113.673625,8.929846],[-108.818611,8.926946],[28.689153,8.924046],[166.196918,8.921146],[-56.295318,8.918246],[81.212446,8.915346],[-141.27979,8.912447],[-3.772026,8.909547],[133.735738,8.906647],[-88.756498,8.903747],[48.751266,8.900848],[-173.74097,8.897948],[-36.233206,8.895048],[101.274558,8.892148],[-121.217678,8.889249],[16.290086,8.886349],[153.79785,8.88345],[-68.694386,8.88055],[68.813378,8.877651],[-153.678858,8.874751],[-16.171094,8.871852],[121.33667,8.868952],[-101.155566,8.866053],[36.352199,8.863153],[173.859963,8.860254],[-48.632273,8.857354],[88.875491,8.854455],[-133.616745,8.851556],[3.891019,8.848656],[141.398783,8.845757],[-81.093453,8.842858],[56.414311,8.839959],[-166.077925,8.837059],[-28.570161,8.83416],[108.937603,8.831261],[-113.554633,8.828362],[23.953131,8.825463],[161.460895,8.822564],[-61.031341,8.819665],[76.476423,8.816766],[-146.015813,8.813867],[-8.508049,8.810968],[128.999715,8.808069],[-93.49252,8.80517],[44.015244,8.802271],[-178.476992,8.799372],[-40.969228,8.796473],[96.538536,8.793574],[-125.9537,8.790675],[11.554064,8.787776],[149.061828,8.784877],[-73.430408,8.781979],[64.077356,8.77908],[-158.41488,8.776181],[-20.907116,8.773282],[116.600648,8.770384],[-105.891588,8.767485],[31.616176,8.764586],[169.12394,8.761688],[-53.368296,8.758789],[84.139468,8.755891],[-138.352768,8.752992],[-0.845004,8.750094],[136.662761,8.747195],[-85.829475,8.744297],[51.678289,8.741398],[-170.813947,8.7385],[-33.306183,8.735601],[104.201581,8.732703],[-118.290655,8.729804],[19.217109,8.726906],[156.724873,8.724008],[-65.767363,8.721109],[71.740401,8.718211],[-150.751835,8.715313],[-13.244071,8.712415],[124.263693,8.709516],[-98.228543,8.706618],[39.279221,8.70372],[176.786985,8.700822],[-45.705251,8.697924],[91.802513,8.695026],[-130.689723,8.692128],[6.818042,8.68923],[144.325806,8.686331],[-78.16643,8.683433],[59.341334,8.680535],[-163.150902,8.677637],[-25.643138,8.67474],[111.864626,8.671842],[-110.62761,8.668944],[26.880154,8.666046],[164.387918,8.663148],[-58.104318,8.66025],[79.403446,8.657352],[-143.08879,8.654454],[-5.581026,8.651557],[131.926738,8.648659],[-90.565498,8.645761],[46.942266,8.642864],[-175.54997,8.639966],[-38.042206,8.637068],[99.465558,8.634171],[-123.026677,8.631273],[14.481087,8.628375],[151.988851,8.625478],[-70.503385,8.62258],[67.004379,8.619683],[-155.487857,8.616785],[-17.980093,8.613888],[119.527671,8.61099],[-102.964565,8.608093],[34.543199,8.605195],[172.050963,8.602298],[-50.441273,8.599401],[87.066491,8.596503],[-135.425745,8.593606],[2.082019,8.590709],[139.589783,8.587811],[-82.902453,8.584914],[54.605311,8.582017],[-167.886925,8.57912],[-30.379161,8.576222],[107.128604,8.573325],[-115.363632,8.570428],[22.144132,8.567531],[159.651896,8.564634],[-62.84034,8.561737],[74.667424,8.55884],[-147.824812,8.555943],[-10.317048,8.553046],[127.190716,8.550149],[-95.30152,8.547252],[42.206244,8.544355],[179.714008,8.541458],[-42.778228,8.538561],[94.729536,8.535664],[-127.7627,8.532767],[9.745064,8.52987],[147.252828,8.526973],[-75.239408,8.524077],[62.268356,8.52118],[-160.22388,8.518283],[-22.716115,8.515386],[114.791649,8.51249],[-107.700587,8.509593],[29.807177,8.506696],[167.314941,8.5038],[-55.177295,8.500903],[82.330469,8.498006],[-140.161767,8.49511],[-2.654003,8.492213],[134.853761,8.489317],[-87.638475,8.48642],[49.869289,8.483524],[-172.622947,8.480627],[-35.115183,8.477731],[102.392581,8.474834],[-120.099655,8.471938],[17.408109,8.469042],[154.915873,8.466145],[-67.576363,8.463249],[69.931401,8.460353],[-152.560834,8.457456],[-15.05307,8.45456],[122.454694,8.451664],[-100.037542,8.448768],[37.470222,8.445871],[174.977986,8.442975],[-47.51425,8.440079],[89.993514,8.437183],[-132.498722,8.434287],[5.009042,8.431391],[142.516806,8.428495],[-79.97543,8.425599],[57.532334,8.422703],[-164.959902,8.419806],[-27.452138,8.416911],[110.055626,8.414015],[-112.43661,8.411119],[25.071154,8.408223],[162.578918,8.405327],[-59.913318,8.402431],[77.594447,8.399535],[-144.897789,8.396639],[-7.390025,8.393743],[130.117739,8.390848],[-92.374497,8.387952],[45.133267,8.385056],[-177.358969,8.38216],[-39.851205,8.379265],[97.656559,8.376369],[-124.835677,8.373473],[12.672087,8.370578],[150.179851,8.367682],[-72.312385,8.364786],[65.195379,8.361891],[-157.296857,8.358995],[-19.789093,8.3561],[117.718671,8.353204],[-104.773565,8.350309],[32.734199,8.347413],[170.241963,8.344518],[-52.250272,8.341622],[85.257492,8.338727],[-137.234744,8.335831],[0.27302,8.332936],[137.780784,8.330041],[-84.711452,8.327145],[52.796312,8.32425],[-169.695924,8.321355],[-32.18816,8.31846],[105.319604,8.315564],[-117.172632,8.312669],[20.335132,8.309774],[157.842896,8.306879],[-64.64934,8.303984],[72.858424,8.301089],[-149.633812,8.298193],[-12.126048,8.295298],[125.381716,8.292403],[-97.11052,8.289508],[40.397244,8.286613],[177.905009,8.283718],[-44.587227,8.280823],[92.920537,8.277928],[-129.571699,8.275033],[7.936065,8.272138],[145.443829,8.269243],[-77.048407,8.266349],[60.459357,8.263454],[-162.032879,8.260559],[-24.525115,8.257664],[112.982649,8.254769],[-109.509587,8.251875],[27.998177,8.24898],[165.505941,8.246085],[-56.986295,8.24319],[80.521469,8.240296],[-141.970767,8.237401],[-4.463003,8.234506],[133.044761,8.231612],[-89.447475,8.228717],[48.06029,8.225823],[-174.431946,8.222928],[-36.924182,8.220033],[100.583582,8.217139],[-121.908654,8.214244],[15.59911,8.21135],[153.106874,8.208456],[-69.385362,8.205561],[68.122402,8.202667],[-154.369834,8.199772],[-16.86207,8.196878],[120.645694,8.193984],[-101.846542,8.191089],[35.661222,8.188195],[173.168986,8.185301],[-49.32325,8.182406],[88.184514,8.179512],[-134.307722,8.176618],[3.200042,8.173724],[140.707806,8.17083],[-81.784429,8.167935],[55.723335,8.165041],[-166.768901,8.162147],[-29.261137,8.159253],[108.246627,8.156359],[-114.245609,8.153465],[23.262155,8.150571],[160.769919,8.147677],[-61.722317,8.144783],[75.785447,8.141889],[-146.706789,8.138995],[-9.199025,8.136101],[128.308739,8.133207],[-94.183497,8.130313],[43.324267,8.127419],[-179.167969,8.124526],[-41.660205,8.121632],[95.847559,8.118738],[-126.644677,8.115844],[10.863087,8.11295],[148.370852,8.110057],[-74.121384,8.107163],[63.38638,8.104269],[-159.105856,8.101376],[-21.598092,8.098482],[115.909672,8.095588],[-106.582564,8.092695],[30.9252,8.089801],[168.432964,8.086907],[-54.059272,8.084014],[83.448492,8.08112],[-139.043744,8.078227],[-1.53598,8.075333],[135.971784,8.07244],[-86.520452,8.069546],[50.987312,8.066653],[-171.504924,8.06376],[-33.99716,8.060866],[103.510604,8.057973],[-118.981631,8.05508],[18.526133,8.052186],[156.033897,8.049293],[-66.458339,8.0464],[71.049425,8.043506],[-151.442811,8.040613],[-13.935047,8.03772],[123.572717,8.034827],[-98.919519,8.031934],[38.588245,8.02904],[176.096009,8.026147],[-46.396227,8.023254],[91.111537,8.020361],[-131.380699,8.017468],[6.127065,8.014575],[143.634829,8.011682],[-78.857407,8.008789],[58.650357,8.005896],[-163.841879,8.003003],[-26.334115,8.00011],[111.17365,7.997217],[-111.318586,7.994324],[26.189178,7.991431],[163.696942,7.988538],[-58.795294,7.985645],[78.71247,7.982753],[-143.779766,7.97986],[-6.272002,7.976967],[131.235762,7.974074],[-91.256474,7.971181],[46.25129,7.968289],[-176.240946,7.965396],[-38.733182,7.962503],[98.774582,7.959611],[-123.717654,7.956718],[13.79011,7.953825],[151.297874,7.950933],[-71.194362,7.94804],[66.313402,7.945148],[-156.178834,7.942255],[-18.671069,7.939363],[118.836695,7.93647],[-103.655541,7.933578],[33.852223,7.930685],[171.359987,7.927793],[-51.132249,7.9249],[86.375515,7.922008],[-136.116721,7.919115],[1.391043,7.916223],[138.898807,7.913331],[-83.593429,7.910438],[53.914335,7.907546],[-168.577901,7.904654],[-31.070137,7.901762],[106.437627,7.898869],[-116.054609,7.895977],[21.453155,7.893085],[158.960919,7.890193],[-63.531317,7.887301],[73.976447,7.884408],[-148.515788,7.881516],[-11.008024,7.878624],[126.49974,7.875732],[-95.992496,7.87284],[41.515268,7.869948],[179.023032,7.867056],[-43.469204,7.864164],[94.03856,7.861272],[-128.453676,7.85838],[9.054088,7.855488],[146.561852,7.852596],[-75.930384,7.849704],[61.57738,7.846813],[-160.914856,7.843921],[-23.407092,7.841029],[114.100672,7.838137],[-108.391564,7.835245],[29.1162,7.832353],[166.623964,7.829462],[-55.868272,7.82657],[81.639493,7.823678],[-140.852743,7.820787],[-3.344979,7.817895],[134.162785,7.815003],[-88.329451,7.812112],[49.178313,7.80922],[-173.313923,7.806328],[-35.806159,7.803437],[101.701605,7.800545],[-120.790631,7.797654],[16.717133,7.794762],[154.224897,7.791871],[-68.267339,7.788979],[69.240425,7.786088],[-153.251811,7.783196],[-15.744047,7.780305],[121.763717,7.777413],[-100.728519,7.774522],[36.779245,7.771631],[174.287009,7.768739],[-48.205226,7.765848],[89.302538,7.762957],[-133.189698,7.760066],[4.318066,7.757174],[141.82583,7.754283],[-80.666406,7.751392],[56.841358,7.748501],[-165.650878,7.745609],[-28.143114,7.742718],[109.36465,7.739827],[-113.127586,7.736936],[24.380178,7.734045],[161.887942,7.731154],[-60.604294,7.728263],[76.90347,7.725372],[-145.588766,7.722481],[-8.081002,7.71959],[129.426762,7.716699],[-93.065474,7.713808],[44.44229,7.710917],[-178.049945,7.708026],[-40.542181,7.705135],[96.965583,7.702244],[-125.526653,7.699353],[11.981111,7.696462],[149.488875,7.693572],[-73.003361,7.690681],[64.504403,7.68779],[-157.987833,7.684899],[-20.480069,7.682009],[117.027695,7.679118],[-105.464541,7.676227],[32.043223,7.673336],[169.550987,7.670446],[-52.941249,7.667555],[84.566515,7.664664],[-137.925721,7.661774],[-0.417957,7.658883],[137.089807,7.655993],[-85.402429,7.653102],[52.105336,7.650212],[-170.3869,7.647321],[-32.879136,7.644431],[104.628628,7.64154],[-117.863608,7.63865],[19.644156,7.635759],[157.15192,7.632869],[-65.340316,7.629979],[72.167448,7.627088],[-150.324788,7.624198],[-12.817024,7.621307],[124.69074,7.618417],[-97.801496,7.615527],[39.706268,7.612637],[177.214032,7.609746],[-45.278204,7.606856],[92.22956,7.603966],[-130.262676,7.601076],[7.245088,7.598186],[144.752852,7.595295],[-77.739383,7.592405],[59.768381,7.589515],[-162.723855,7.586625],[-25.216091,7.583735],[112.291673,7.580845],[-110.200563,7.577955],[27.307201,7.575065],[164.814965,7.572175],[-57.677271,7.569285],[79.830493,7.566395],[-142.661743,7.563505],[-5.153979,7.560615],[132.353785,7.557725],[-90.138451,7.554835],[47.369313,7.551945],[-175.122923,7.549056],[-37.615159,7.546166],[99.892605,7.543276],[-122.599631,7.540386],[14.908133,7.537496],[152.415898,7.534607],[-70.076338,7.531717],[67.431426,7.528827],[-155.06081,7.525937],[-17.553046,7.523048],[119.954718,7.520158],[-102.537518,7.517268],[34.970246,7.514379],[172.47801,7.511489],[-50.014226,7.5086],[87.493538,7.50571],[-134.998698,7.502821],[2.509066,7.499931],[140.01683,7.497042],[-82.475406,7.494152],[55.032358,7.491263],[-167.459878,7.488373],[-29.952114,7.485484],[107.55565,7.482594],[-114.936586,7.479705],[22.571179,7.476816],[160.078943,7.473926],[-62.413293,7.471037],[75.094471,7.468148],[-147.397765,7.465258],[-9.890001,7.462369],[127.617763,7.45948],[-94.874473,7.456591],[42.633291,7.453701],[-179.858945,7.450812],[-42.351181,7.447923],[95.156583,7.445034],[-127.335653,7.442145],[10.172111,7.439256],[147.679875,7.436367],[-74.812361,7.433477],[62.695403,7.430588],[-159.796833,7.427699],[-22.289069,7.42481],[115.218695,7.421921],[-107.27354,7.419032],[30.234224,7.416143],[167.741988,7.413254],[-54.750248,7.410366],[82.757516,7.407477],[-139.73472,7.404588],[-2.226956,7.401699],[135.280808,7.39881],[-87.211428,7.395921],[50.296336,7.393032],[-172.1959,7.390144],[-34.688136,7.387255],[102.819628,7.384366],[-119.672608,7.381477],[17.835156,7.378589],[155.34292,7.3757],[-67.149316,7.372811],[70.358448,7.369923],[-152.133788,7.367034],[-14.626024,7.364145],[122.881741,7.361257],[-99.610495,7.358368],[37.897269,7.355479],[175.405033,7.352591],[-47.087203,7.349702],[90.420561,7.346814],[-132.071675,7.343925],[5.436089,7.341037],[142.943853,7.338148],[-79.548383,7.33526],[57.959381,7.332372],[-164.532855,7.329483],[-27.025091,7.326595],[110.482673,7.323706],[-112.009563,7.320818],[25.498201,7.31793],[163.005965,7.315041],[-59.486271,7.312153],[78.021493,7.309265],[-144.470743,7.306377],[-6.962978,7.303488],[130.544786,7.3006],[-91.94745,7.297712],[45.560314,7.294824],[-176.931922,7.291936],[-39.424158,7.289048],[98.083606,7.286159],[-124.40863,7.283271],[13.099134,7.280383],[150.606898,7.277495],[-71.885338,7.274607],[65.622426,7.271719],[-156.86981,7.268831],[-19.362046,7.265943],[118.145718,7.263055],[-104.346518,7.260167],[33.161246,7.257279],[170.66901,7.254391],[-51.823226,7.251503],[85.684538,7.248616],[-136.807697,7.245728],[0.700067,7.24284],[138.207831,7.239952],[-84.284405,7.237064],[53.223359,7.234176],[-169.268877,7.231289],[-31.761113,7.228401],[105.746651,7.225513],[-116.745585,7.222626],[20.762179,7.219738],[158.269943,7.21685],[-64.222293,7.213963],[73.285471,7.211075],[-149.206765,7.208187],[-11.699001,7.2053],[125.808763,7.202412],[-96.683473,7.199525],[40.824291,7.196637],[178.332055,7.193749],[-44.160181,7.190862],[93.347584,7.187974],[-129.144652,7.185087],[8.363112,7.1822],[145.870876,7.179312],[-76.62136,7.176425],[60.886404,7.173537],[-161.605832,7.17065],[-24.098068,7.167763],[113.409696,7.164875],[-109.08254,7.161988],[28.425224,7.159101],[165.932988,7.156213],[-56.559248,7.153326],[80.948516,7.150439],[-141.54372,7.147551],[-4.035956,7.144664],[133.471808,7.141777],[-89.020428,7.13889],[48.487336,7.136003],[-174.0049,7.133116],[-36.497135,7.130228],[101.010629,7.127341],[-121.481607,7.124454],[16.026157,7.121567],[153.533921,7.11868],[-68.958315,7.115793],[68.549449,7.112906],[-153.942787,7.110019],[-16.435023,7.107132],[121.072741,7.104245],[-101.419495,7.101358],[36.088269,7.098471],[173.596033,7.095584],[-48.896203,7.092697],[88.611561,7.089811],[-133.880675,7.086924],[3.627089,7.084037],[141.134853,7.08115],[-81.357383,7.078263],[56.150381,7.075377],[-166.341854,7.07249],[-28.83409,7.069603],[108.673674,7.066716],[-113.818562,7.06383],[23.689202,7.060943],[161.196966,7.058056],[-61.29527,7.05517],[76.212494,7.052283],[-146.279742,7.049396],[-8.771978,7.04651],[128.735786,7.043623],[-93.75645,7.040737],[43.751314,7.03785],[-178.740922,7.034963],[-41.233158,7.032077],[96.274606,7.02919],[-126.21763,7.026304],[11.290134,7.023418],[148.797898,7.020531],[-73.694338,7.017645],[63.813427,7.014758],[-158.678809,7.011872],[-21.171045,7.008986],[116.336719,7.006099],[-106.155517,7.003213],[31.352247,7.000327],[168.860011,6.99744],[-53.632225,6.994554],[83.875539,6.991668],[-138.616697,6.988781],[-1.108933,6.985895],[136.398831,6.983009],[-86.093405,6.980123],[51.414359,6.977237],[-171.077877,6.974351],[-33.570113,6.971464],[103.937651,6.968578],[-118.554585,6.965692],[18.953179,6.962806],[156.460943,6.95992],[-66.031292,6.957034],[71.476472,6.954148],[-151.015764,6.951262],[-13.508,6.948376],[123.999764,6.94549],[-98.492472,6.942604],[39.015292,6.939718],[176.523056,6.936832],[-45.96918,6.933946],[91.538584,6.93106],[-130.953652,6.928174],[6.554112,6.925289],[144.061876,6.922403],[-78.43036,6.919517],[59.077404,6.916631],[-163.414832,6.913745],[-25.907068,6.91086],[111.600696,6.907974],[-110.89154,6.905088],[26.616224,6.902202],[164.123989,6.899317],[-58.368247,6.896431],[79.139517,6.893545],[-143.352719,6.89066],[-5.844955,6.887774],[131.662809,6.884889],[-90.829427,6.882003],[46.678337,6.879117],[-175.813899,6.876232],[-38.306135,6.873346],[99.201629,6.870461],[-123.290607,6.867575],[14.217157,6.86469],[151.724921,6.861804],[-70.767315,6.858919],[66.740449,6.856033],[-155.751787,6.853148],[-18.244023,6.850263],[119.263741,6.847377],[-103.228495,6.844492],[34.27927,6.841607],[171.787034,6.838721],[-50.705202,6.835836],[86.802562,6.832951],[-135.689674,6.830065],[1.81809,6.82718],[139.325854,6.824295],[-83.166382,6.82141],[54.341382,6.818524],[-168.150854,6.815639],[-30.64309,6.812754],[106.864674,6.809869],[-115.627562,6.806984],[21.880202,6.804099],[159.387966,6.801214],[-63.10427,6.798328],[74.403494,6.795443],[-148.088742,6.792558],[-10.580978,6.789673],[126.926786,6.786788],[-95.565449,6.783903],[41.942315,6.781018],[179.450079,6.778133],[-43.042157,6.775248],[94.465607,6.772364],[-128.026629,6.769479],[9.481135,6.766594],[146.988899,6.763709],[-75.503337,6.760824],[62.004427,6.757939],[-160.487809,6.755054],[-22.980045,6.75217],[114.527719,6.749285],[-107.964517,6.7464],[29.543247,6.743515],[167.051011,6.74063],[-55.441225,6.737746],[82.066539,6.734861],[-140.425697,6.731976],[-2.917933,6.729092],[134.589832,6.726207],[-87.902404,6.723322],[49.60536,6.720438],[-172.886876,6.717553],[-35.379112,6.714669],[102.128652,6.711784],[-120.363584,6.708899],[17.14418,6.706015],[154.651944,6.70313],[-67.840292,6.700246],[69.667472,6.697361],[-152.824764,6.694477],[-15.317,6.691593],[122.190764,6.688708],[-100.301472,6.685824],[37.206292,6.682939],[174.714056,6.680055],[-47.77818,6.677171],[89.729584,6.674286],[-132.762652,6.671402],[4.745113,6.668518],[142.252877,6.665633],[-80.239359,6.662749],[57.268405,6.659865],[-165.223831,6.65698],[-27.716067,6.654096],[109.791697,6.651212],[-112.700539,6.648328],[24.807225,6.645444],[162.314989,6.64256],[-60.177247,6.639675],[77.330517,6.636791],[-145.161719,6.633907],[-7.653955,6.631023],[129.853809,6.628139],[-92.638427,6.625255],[44.869337,6.622371],[-177.622899,6.619487],[-40.115135,6.616603],[97.392629,6.613719],[-125.099606,6.610835],[12.408158,6.607951],[149.915922,6.605067],[-72.576314,6.602183],[64.93145,6.599299],[-157.560786,6.596415],[-20.053022,6.593531],[117.454742,6.590648],[-105.037494,6.587764],[32.47027,6.58488],[169.978034,6.581996],[-52.514202,6.579112],[84.993562,6.576229],[-137.498674,6.573345],[0.00909,6.570461],[137.516854,6.567577],[-84.975382,6.564694],[52.532382,6.56181],[-169.959854,6.558926],[-32.45209,6.556043],[105.055675,6.553159],[-117.436561,6.550275],[20.071203,6.547392],[157.578967,6.544508],[-64.913269,6.541625],[72.594495,6.538741],[-149.897741,6.535857],[-12.389977,6.532974],[125.117787,6.53009],[-97.374449,6.527207],[40.133315,6.524324],[177.641079,6.52144],[-44.851157,6.518557],[92.656607,6.515673],[-129.835629,6.51279],[7.672135,6.509906],[145.179899,6.507023],[-77.312337,6.50414],[60.195427,6.501256],[-162.296809,6.498373],[-24.789044,6.49549],[112.71872,6.492606],[-109.773516,6.489723],[27.734248,6.48684],[165.242012,6.483957],[-57.250224,6.481073],[80.25754,6.47819],[-142.234696,6.475307],[-4.726932,6.472424],[132.780832,6.469541],[-89.711404,6.466658],[47.79636,6.463774],[-174.695876,6.460891],[-37.188112,6.458008],[100.319652,6.455125],[-122.172584,6.452242],[15.33518,6.449359],[152.842944,6.446476],[-69.649292,6.443593],[67.858472,6.44071],[-154.633763,6.437827],[-17.125999,6.434944],[120.381765,6.432061],[-102.110471,6.429178],[35.397293,6.426295],[172.905057,6.423412],[-49.587179,6.42053],[87.920585,6.417647],[-134.571651,6.414764],[2.936113,6.411881],[140.443877,6.408998],[-82.048359,6.406115],[55.459405,6.403233],[-167.032831,6.40035],[-29.525067,6.397467],[107.982697,6.394584],[-114.509539,6.391702],[22.998225,6.388819],[160.505989,6.385936],[-61.986247,6.383054],[75.521518,6.380171],[-146.970718,6.377288],[-9.462954,6.374406],[128.04481,6.371523],[-94.447426,6.368641],[43.060338,6.365758],[-179.431898,6.362875],[-41.924134,6.359993],[95.58363,6.35711],[-126.908606,6.354228],[10.599158,6.351345],[148.106922,6.348463],[-74.385314,6.34558],[63.12245,6.342698],[-159.369786,6.339816],[-21.862022,6.336933],[115.645742,6.334051],[-106.846494,6.331168],[30.66127,6.328286],[168.169034,6.325404],[-54.323201,6.322521],[83.184563,6.319639],[-139.307673,6.316757],[-1.799909,6.313874],[135.707855,6.310992],[-86.784381,6.30811],[50.723383,6.305228],[-171.768853,6.302345],[-34.261089,6.299463],[103.246675,6.296581],[-119.245561,6.293699],[18.262203,6.290817],[155.769967,6.287935],[-66.722269,6.285053],[70.785495,6.28217],[-151.706741,6.279288],[-14.198977,6.276406],[123.308787,6.273524],[-99.183449,6.270642],[38.324315,6.26776],[175.83208,6.264878],[-46.660156,6.261996],[90.847608,6.259114],[-131.644628,6.256232],[5.863136,6.25335],[143.3709,6.250468],[-79.121336,6.247586],[58.386428,6.244705],[-164.105808,6.241823],[-26.598044,6.238941],[110.90972,6.236059],[-111.582516,6.233177],[25.925248,6.230295],[163.433012,6.227413],[-59.059224,6.224532],[78.44854,6.22165],[-144.043696,6.218768],[-6.535932,6.215886],[130.971832,6.213005],[-91.520404,6.210123],[45.987361,6.207241],[-176.504875,6.20436],[-38.997111,6.201478],[98.510653,6.198596],[-123.981583,6.195715],[13.526181,6.192833],[151.033945,6.189951],[-71.458291,6.18707],[66.049473,6.184188],[-156.442763,6.181307],[-18.934999,6.178425],[118.572765,6.175544],[-103.919471,6.172662],[33.588293,6.169781],[171.096057,6.166899],[-51.396179,6.164018],[86.111585,6.161136],[-136.380651,6.158255],[1.127113,6.155374],[138.634877,6.152492],[-83.857358,6.149611],[53.650406,6.146729],[-168.84183,6.143848],[-31.334066,6.140967],[106.173698,6.138085],[-116.318538,6.135204],[21.189226,6.132323],[158.69699,6.129442],[-63.795246,6.12656],[73.712518,6.123679],[-148.779718,6.120798],[-11.271954,6.117917],[126.23581,6.115035],[-96.256426,6.112154],[41.251338,6.109273],[178.759102,6.106392],[-43.733134,6.103511],[93.77463,6.10063],[-128.717606,6.097749],[8.790158,6.094868],[146.297923,6.091986],[-76.194313,6.089105],[61.313451,6.086224],[-161.178785,6.083343],[-23.671021,6.080462],[113.836743,6.077581],[-108.655493,6.0747],[28.852271,6.071819],[166.360035,6.068939],[-56.132201,6.066058],[81.375563,6.063177],[-141.116673,6.060296],[-3.608909,6.057415],[133.898855,6.054534],[-88.593381,6.051653],[48.914383,6.048772],[-173.577853,6.045892],[-36.070089,6.043011],[101.437675,6.04013],[-121.054561,6.037249],[16.453204,6.034368],[153.960968,6.031488],[-68.531268,6.028607],[68.976496,6.025726],[-153.51574,6.022846],[-16.007976,6.019965],[121.499788,6.017084],[-100.992448,6.014204],[36.515316,6.011323],[174.02308,6.008442],[-48.469156,6.005562],[89.038608,6.002681],[-133.453628,5.9998],[4.054136,5.99692],[141.5619,5.994039],[-80.930336,5.991159],[56.577428,5.988278],[-165.914808,5.985398],[-28.407044,5.982517],[109.10072,5.979637],[-113.391515,5.976756],[24.116249,5.973876],[161.624013,5.970996],[-60.868223,5.968115],[76.639541,5.965235],[-145.852695,5.962354],[-8.344931,5.959474],[129.162833,5.956594],[-93.329403,5.953713],[44.178361,5.950833],[-178.313875,5.947953],[-40.806111,5.945072],[96.701653,5.942192],[-125.790583,5.939312],[11.717181,5.936432],[149.224945,5.933551],[-73.267291,5.930671],[64.240473,5.927791],[-158.251763,5.924911],[-20.743999,5.922031],[116.763766,5.919151],[-105.72847,5.91627],[31.779294,5.91339],[169.287058,5.91051],[-53.205178,5.90763],[84.302586,5.90475],[-138.18965,5.90187],[-0.681886,5.89899],[136.825878,5.89611],[-85.666358,5.89323],[51.841406,5.89035],[-170.65083,5.88747],[-33.143066,5.88459],[104.364698,5.88171],[-118.127538,5.87883],[19.380226,5.87595],[156.88799,5.87307],[-65.604246,5.87019],[71.903518,5.86731],[-150.588718,5.86443],[-13.080953,5.861551],[124.426811,5.858671],[-98.065425,5.855791],[39.442339,5.852911],[176.950103,5.850031],[-45.542133,5.847152],[91.965631,5.844272],[-130.526605,5.841392],[6.981159,5.838512],[144.488923,5.835633],[-78.003313,5.832753],[59.504451,5.829873],[-162.987785,5.826994],[-25.480021,5.824114],[112.027743,5.821234],[-110.464493,5.818355],[27.043271,5.815475],[164.551035,5.812595],[-57.941201,5.809716],[79.566563,5.806836],[-142.925672,5.803957],[-5.417908,5.801077],[132.089856,5.798198],[-90.40238,5.795318],[47.105384,5.792439],[-175.386852,5.789559],[-37.879088,5.78668],[99.628676,5.7838],[-122.86356,5.780921],[14.644204,5.778041],[152.151968,5.775162],[-70.340268,5.772282],[67.167496,5.769403],[-155.32474,5.766524],[-17.816976,5.763644],[119.690788,5.760765],[-102.801448,5.757886],[34.706316,5.755006],[172.21408,5.752127],[-50.278156,5.749248],[87.229609,5.746369],[-135.262627,5.743489],[2.245137,5.74061],[139.752901,5.737731],[-82.739335,5.734852],[54.768429,5.731972],[-167.723807,5.729093],[-30.216043,5.726214],[107.291721,5.723335],[-115.200515,5.720456],[22.307249,5.717577],[159.815013,5.714698],[-62.677223,5.711819],[74.830541,5.708939],[-147.661695,5.70606],[-10.153931,5.703181],[127.353833,5.700302],[-95.138403,5.697423],[42.369361,5.694544],[179.877125,5.691665],[-42.61511,5.688786],[94.892654,5.685907],[-127.599582,5.683028],[9.908182,5.680149],[147.415946,5.677271],[-75.07629,5.674392],[62.431474,5.671513],[-160.060762,5.668634],[-22.552998,5.665755],[114.954766,5.662876],[-107.53747,5.659997],[29.970294,5.657119],[167.478058,5.65424],[-55.014178,5.651361],[82.493586,5.648482],[-139.99865,5.645603],[-2.490886,5.642725],[135.016878,5.639846],[-87.475358,5.636967],[50.032406,5.634089],[-172.459829,5.63121],[-34.952065,5.628331],[102.555699,5.625453],[-119.936537,5.622574],[17.571227,5.619695],[155.078991,5.616817],[-67.413245,5.613938],[70.094519,5.611059],[-152.397717,5.608181],[-14.889953,5.605302],[122.617811,5.602424],[-99.874425,5.599545],[37.633339,5.596667],[175.141103,5.593788],[-47.351133,5.59091],[90.156631,5.588031],[-132.335605,5.585153],[5.172159,5.582274],[142.679923,5.579396],[-79.812313,5.576517],[57.695452,5.573639],[-164.796784,5.570761],[-27.28902,5.567882],[110.218744,5.565004],[-112.273492,5.562126],[25.234272,5.559247],[162.742036,5.556369],[-59.7502,5.553491],[77.757564,5.550612],[-144.734672,5.547734],[-7.226908,5.544856],[130.280856,5.541978],[-92.21138,5.539099],[45.296384,5.536221],[-177.195852,5.533343],[-39.688088,5.530465],[97.819676,5.527586],[-124.67256,5.524708],[12.835204,5.52183],[150.342968,5.518952],[-72.149267,5.516074],[65.358497,5.513196],[-157.133739,5.510318],[-19.625975,5.50744],[117.881789,5.504562],[-104.610447,5.501684],[32.897317,5.498805],[170.405081,5.495927],[-52.087155,5.493049],[85.420609,5.490171],[-137.071627,5.487293],[0.436137,5.484415],[137.943901,5.481538],[-84.548335,5.47866],[52.959429,5.475782],[-169.532807,5.472904],[-32.025043,5.470026],[105.482721,5.467148],[-117.009515,5.46427],[20.498249,5.461392],[158.006014,5.458514],[-64.486222,5.455637],[73.021542,5.452759],[-149.470694,5.449881],[-11.96293,5.447003],[125.544834,5.444125],[-96.947402,5.441248],[40.560362,5.43837],[178.068126,5.435492],[-44.42411,5.432614],[93.083654,5.429737],[-129.408582,5.426859],[8.099182,5.423981],[145.606946,5.421104],[-76.88529,5.418226],[60.622474,5.415348],[-161.869762,5.412471],[-24.361998,5.409593],[113.145766,5.406715],[-109.34647,5.403838],[28.161295,5.40096],[165.669059,5.398083],[-56.823177,5.395205],[80.684587,5.392328],[-141.807649,5.38945],[-4.299885,5.386573],[133.207879,5.383695],[-89.284357,5.380818],[48.223407,5.37794],[-174.268829,5.375063],[-36.761065,5.372185],[100.746699,5.369308],[-121.745537,5.366431],[15.762227,5.363553],[153.269991,5.360676],[-69.222245,5.357798],[68.285519,5.354921],[-154.206717,5.352044],[-16.698953,5.349166],[120.808811,5.346289],[-101.683424,5.343412],[35.82434,5.340534],[173.332104,5.337657],[-49.160132,5.33478],[88.347632,5.331903],[-134.144604,5.329025],[3.36316,5.326148],[140.870924,5.323271],[-81.621312,5.320394],[55.886452,5.317517],[-166.605784,5.31464],[-29.09802,5.311762],[108.409744,5.308885],[-114.082492,5.306008],[23.425272,5.303131],[160.933036,5.300254],[-61.5592,5.297377],[75.948564,5.2945],[-146.543672,5.291623],[-9.035908,5.288746],[128.471857,5.285869],[-94.020379,5.282992],[43.487385,5.280115],[-179.004851,5.277238],[-41.497087,5.274361],[96.010677,5.271484],[-126.481559,5.268607],[11.026205,5.26573],[148.533969,5.262853],[-73.958267,5.259976],[63.549497,5.257099],[-158.942739,5.254222],[-21.434975,5.251345],[116.072789,5.248468],[-106.419447,5.245592],[31.088317,5.242715],[168.596081,5.239838],[-53.896155,5.236961],[83.611609,5.234084],[-138.880627,5.231208],[-1.372862,5.228331],[136.134902,5.225454],[-86.357334,5.222577],[51.15043,5.219701],[-171.341806,5.216824],[-33.834042,5.213947],[103.673722,5.211071],[-118.818514,5.208194],[18.68925,5.205317],[156.197014,5.202441],[-66.295222,5.199564],[71.212542,5.196687],[-151.279694,5.193811],[-13.77193,5.190934],[123.735834,5.188057],[-98.756402,5.185181],[38.751362,5.182304],[176.259126,5.179428],[-46.23311,5.176551],[91.274654,5.173675],[-131.217581,5.170798],[6.290183,5.167922],[143.797947,5.165045],[-78.694289,5.162169],[58.813475,5.159292],[-163.678761,5.156416],[-26.170997,5.15354],[111.336767,5.150663],[-111.155469,5.147787],[26.352295,5.14491],[163.860059,5.142034],[-58.632177,5.139158],[78.875587,5.136281],[-143.616649,5.133405],[-6.108885,5.130529],[131.398879,5.127652],[-91.093357,5.124776],[46.414407,5.1219],[-176.077829,5.119023],[-38.570065,5.116147],[98.9377,5.113271],[-123.554536,5.110395],[13.953228,5.107519],[151.460992,5.104642],[-71.031244,5.101766],[66.47652,5.09889],[-156.015716,5.096014],[-18.507952,5.093138],[118.999812,5.090262],[-103.492424,5.087385],[34.01534,5.084509],[171.523104,5.081633],[-50.969132,5.078757],[86.538632,5.075881],[-135.953604,5.073005],[1.55416,5.070129],[139.061924,5.067253],[-83.430312,5.064377],[54.077452,5.061501],[-168.414784,5.058625],[-30.907019,5.055749],[106.600745,5.052873],[-115.891491,5.049997],[21.616273,5.047121],[159.124037,5.044245],[-63.368199,5.041369],[74.139565,5.038493],[-148.352671,5.035617],[-10.844907,5.032741],[126.662857,5.029866],[-95.829379,5.02699],[41.678385,5.024114],[179.186149,5.021238],[-43.306087,5.018362],[94.201677,5.015486],[-128.290559,5.012611],[9.217205,5.009735],[146.724969,5.006859],[-75.767267,5.003983],[61.740497,5.001108],[-160.751738,4.998232],[-23.243974,4.995356],[114.26379,4.99248],[-108.228446,4.989605],[29.279318,4.986729],[166.787082,4.983853],[-55.705154,4.980978],[81.80261,4.978102],[-140.689626,4.975226],[-3.181862,4.972351],[134.325902,4.969475],[-88.166334,4.9666],[49.34143,4.963724],[-173.150806,4.960848],[-35.643042,4.957973],[101.864722,4.955097],[-120.627514,4.952222],[16.88025,4.949346],[154.388014,4.946471],[-68.104222,4.943595],[69.403543,4.94072],[-153.088693,4.937844],[-15.580929,4.934969],[121.926835,4.932094],[-100.565401,4.929218],[36.942363,4.926343],[174.450127,4.923467],[-48.042109,4.920592],[89.465655,4.917716],[-133.026581,4.914841],[4.481183,4.911966],[141.988947,4.90909],[-80.503289,4.906215],[57.004475,4.90334],[-165.487761,4.900464],[-27.979997,4.897589],[109.527767,4.894714],[-112.964469,4.891839],[24.543295,4.888963],[162.051059,4.886088],[-60.441176,4.883213],[77.066588,4.880338],[-145.425648,4.877462],[-7.917884,4.874587],[129.58988,4.871712],[-92.902356,4.868837],[44.605408,4.865962],[-177.886828,4.863087],[-40.379064,4.860211],[97.1287,4.857336],[-125.363536,4.854461],[12.144228,4.851586],[149.651992,4.848711],[-72.840244,4.845836],[64.66752,4.842961],[-157.824716,4.840086],[-20.316952,4.837211],[117.190812,4.834336],[-105.301424,4.831461],[32.20634,4.828586],[169.714105,4.825711],[-52.778131,4.822836],[84.729633,4.819961],[-137.762603,4.817086],[-0.254839,4.814211],[137.252925,4.811336],[-85.239311,4.808461],[52.268453,4.805586],[-170.223783,4.802711],[-32.716019,4.799837],[104.791745,4.796962],[-117.700491,4.794087],[19.807273,4.791212],[157.315037,4.788337],[-65.177199,4.785462],[72.330565,4.782588],[-150.161671,4.779713],[-12.653907,4.776838],[124.853857,4.773963],[-97.638379,4.771088],[39.869386,4.768214],[177.37715,4.765339],[-45.115086,4.762464],[92.392678,4.75959],[-130.099558,4.756715],[7.408206,4.75384],[144.91597,4.750965],[-77.576266,4.748091],[59.931498,4.745216],[-162.560738,4.742342],[-25.052974,4.739467],[112.45479,4.736592],[-110.037446,4.733718],[27.470318,4.730843],[164.978082,4.727969],[-57.514154,4.725094],[79.99361,4.722219],[-142.498626,4.719345],[-4.990862,4.71647],[132.516902,4.713596],[-89.975333,4.710721],[47.532431,4.707847],[-174.959805,4.704972],[-37.452041,4.702098],[100.055723,4.699223],[-122.436513,4.696349],[15.071251,4.693475],[152.579015,4.6906],[-69.913221,4.687726],[67.594543,4.684851],[-154.897693,4.681977],[-17.389929,4.679103],[120.117835,4.676228],[-102.374401,4.673354],[35.133363,4.670479],[172.641127,4.667605],[-49.851109,4.664731],[87.656655,4.661857],[-134.835581,4.658982],[2.672183,4.656108],[140.179948,4.653234],[-82.312288,4.650359],[55.195476,4.647485],[-167.29676,4.644611],[-29.788996,4.641737],[107.718768,4.638863],[-114.773468,4.635988],[22.734296,4.633114],[160.24206,4.63024],[-62.250176,4.627366],[75.257588,4.624492],[-147.234648,4.621618],[-9.726884,4.618743],[127.78088,4.615869],[-94.711356,4.612995],[42.796408,4.610121],[-179.695828,4.607247],[-42.188064,4.604373],[95.3197,4.601499],[-127.172536,4.598625],[10.335229,4.595751],[147.842993,4.592877],[-74.649243,4.590003],[62.858521,4.587129],[-159.633715,4.584255],[-22.125951,4.581381],[115.381813,4.578507],[-107.110423,4.575633],[30.397341,4.572759],[167.905105,4.569885],[-54.587131,4.567011],[82.920633,4.564137],[-139.571603,4.561263],[-2.063839,4.558389],[135.443925,4.555515],[-87.048311,4.552642],[50.459453,4.549768],[-172.032783,4.546894],[-34.525019,4.54402],[102.982745,4.541146],[-119.50949,4.538272],[17.998274,4.535399],[155.506038,4.532525],[-66.986198,4.529651],[70.521566,4.526777],[-151.97067,4.523904],[-14.462906,4.52103],[123.044858,4.518156],[-99.447378,4.515282],[38.060386,4.512409],[175.56815,4.509535],[-46.924086,4.506661],[90.583678,4.503788],[-131.908558,4.500914],[5.599206,4.49804],[143.10697,4.495167],[-79.385266,4.492293],[58.122498,4.48942],[-164.369738,4.486546],[-26.861974,4.483672],[110.645791,4.480799],[-111.846445,4.477925],[25.661319,4.475052],[163.169083,4.472178],[-59.323153,4.469305],[78.184611,4.466431],[-144.307625,4.463558],[-6.799861,4.460684],[130.707903,4.457811],[-91.784333,4.454937],[45.723431,4.452064],[-176.768805,4.44919],[-39.261041,4.446317],[98.246723,4.443443],[-124.245513,4.44057],[13.262251,4.437696],[150.770015,4.434823],[-71.722221,4.43195],[65.785543,4.429076],[-156.706693,4.426203],[-19.198928,4.42333],[118.308836,4.420456],[-104.1834,4.417583],[33.324364,4.41471],[170.832128,4.411836],[-51.660108,4.408963],[85.847656,4.40609],[-136.64458,4.403216],[0.863184,4.400343],[138.370948,4.39747],[-84.121288,4.394597],[53.386476,4.391723],[-169.10576,4.38885],[-31.597996,4.385977],[105.909768,4.383104],[-116.582468,4.380231],[20.925296,4.377357],[158.43306,4.374484],[-64.059176,4.371611],[73.448588,4.368738],[-149.043647,4.365865],[-11.535883,4.362992],[125.971881,4.360119],[-96.520355,4.357246],[40.987409,4.354372],[178.495173,4.351499],[-43.997063,4.348626],[93.510701,4.345753],[-128.981535,4.34288],[8.526229,4.340007],[146.033993,4.337134],[-76.458243,4.334261],[61.049521,4.331388],[-161.442715,4.328515],[-23.934951,4.325642],[113.572813,4.322769],[-108.919423,4.319896],[28.588341,4.317023],[166.096105,4.31415],[-56.396131,4.311277],[81.111634,4.308405],[-141.380602,4.305532],[-3.872838,4.302659],[133.634926,4.299786],[-88.85731,4.296913],[48.650454,4.29404],[-173.841782,4.291167],[-36.334018,4.288294],[101.173746,4.285422],[-121.31849,4.282549],[16.189274,4.279676],[153.697038,4.276803],[-68.795198,4.27393],[68.712566,4.271058],[-153.77967,4.268185],[-16.271906,4.265312],[121.235858,4.262439],[-101.256378,4.259567],[36.251386,4.256694],[173.759151,4.253821],[-48.733085,4.250949],[88.774679,4.248076],[-133.717557,4.245203],[3.790207,4.242331],[141.297971,4.239458],[-81.194265,4.236585],[56.313499,4.233713],[-166.178737,4.23084],[-28.670973,4.227967],[108.836791,4.225095],[-113.655445,4.222222],[23.852319,4.21935],[161.360083,4.216477],[-61.132153,4.213604],[76.375611,4.210732],[-146.116625,4.207859],[-8.608861,4.204987],[128.898903,4.202114],[-93.593333,4.199242],[43.914432,4.196369],[-178.577804,4.193497],[-41.07004,4.190624],[96.437724,4.187752],[-126.054512,4.184879],[11.453252,4.182007],[148.961016,4.179135],[-73.53122,4.176262],[63.976544,4.17339],[-158.515692,4.170517],[-21.007928,4.167645],[116.499836,4.164773],[-105.9924,4.1619],[31.515364,4.159028],[169.023128,4.156156],[-53.469108,4.153283],[84.038656,4.150411],[-138.45358,4.147539],[-0.945816,4.144666],[136.561948,4.141794],[-85.930287,4.138922],[51.577477,4.136049],[-170.914759,4.133177],[-33.406995,4.130305],[104.100769,4.127433],[-118.391467,4.12456],[19.116297,4.121688],[156.624061,4.118816],[-65.868175,4.115944],[71.639589,4.113072],[-150.852647,4.110199],[-13.344883,4.107327],[124.162881,4.104455],[-98.329355,4.101583],[39.178409,4.098711],[176.686173,4.095839],[-45.806063,4.092966],[91.701701,4.090094],[-130.790535,4.087222],[6.717229,4.08435],[144.224994,4.081478],[-78.267242,4.078606],[59.240522,4.075734],[-163.251714,4.072862],[-25.74395,4.06999],[111.763814,4.067118],[-110.728422,4.064246],[26.779342,4.061374],[164.287106,4.058502],[-58.20513,4.05563],[79.302634,4.052758],[-143.189602,4.049886],[-5.681838,4.047014],[131.825926,4.044142],[-90.66631,4.04127],[46.841454,4.038398],[-175.650782,4.035526],[-38.143018,4.032654],[99.364746,4.029782],[-123.12749,4.026911],[14.380275,4.024039],[151.888039,4.021167],[-70.604197,4.018295],[66.903567,4.015423],[-155.588669,4.012551],[-18.080905,4.009679],[119.426859,4.006808],[-103.065377,4.003936],[34.442387,4.001064],[171.950151,3.998192],[-50.542085,3.995321],[86.965679,3.992449],[-135.526557,3.989577],[1.981207,3.986705],[139.488971,3.983834],[-83.003265,3.980962],[54.504499,3.97809],[-167.987737,3.975218],[-30.479973,3.972347],[107.027791,3.969475],[-115.464444,3.966603],[22.04332,3.963732],[159.551084,3.96086],[-62.941152,3.957988],[74.566612,3.955117],[-147.925624,3.952245],[-10.41786,3.949374],[127.089904,3.946502],[-95.402332,3.94363],[42.105432,3.940759],[179.613196,3.937887],[-42.87904,3.935016],[94.628724,3.932144],[-127.863512,3.929272],[9.644252,3.926401],[147.152016,3.923529],[-75.34022,3.920658],[62.167544,3.917786],[-160.324692,3.914915],[-22.816928,3.912043],[114.690837,3.909172],[-107.801399,3.9063],[29.706365,3.903429],[167.214129,3.900558],[-55.278107,3.897686],[82.229657,3.894815],[-140.262579,3.891943],[-2.754815,3.889072],[134.752949,3.886201],[-87.739287,3.883329],[49.768477,3.880458],[-172.723759,3.877586],[-35.215995,3.874715],[102.291769,3.871844],[-120.200467,3.868972],[17.307297,3.866101],[154.815061,3.86323],[-67.677175,3.860358],[69.830589,3.857487],[-152.661647,3.854616],[-15.153882,3.851745],[122.353882,3.848873],[-100.138354,3.846002],[37.36941,3.843131],[174.877174,3.84026],[-47.615062,3.837388],[89.892702,3.834517],[-132.599534,3.831646],[4.90823,3.828775],[142.415994,3.825903],[-80.076242,3.823032],[57.431522,3.820161],[-165.060714,3.81729],[-27.55295,3.814419],[109.954814,3.811548],[-112.537422,3.808676],[24.970342,3.805805],[162.478106,3.802934],[-60.01413,3.800063],[77.493634,3.797192],[-144.998601,3.794321],[-7.490837,3.79145],[130.016927,3.788579],[-92.475309,3.785708],[45.032455,3.782837],[-177.459781,3.779966],[-39.952017,3.777095],[97.555747,3.774224],[-124.936489,3.771353],[12.571275,3.768482],[150.079039,3.765611],[-72.413197,3.76274],[65.094567,3.759869],[-157.397669,3.756998],[-19.889905,3.754127],[117.617859,3.751256],[-104.874377,3.748385],[32.633387,3.745514],[170.141151,3.742643],[-52.351085,3.739772],[85.15668,3.736901],[-137.335556,3.73403],[0.172208,3.731159],[137.679972,3.728289],[-84.812264,3.725418],[52.6955,3.722547],[-169.796736,3.719676],[-32.288972,3.716805],[105.218792,3.713934],[-117.273444,3.711064],[20.23432,3.708193],[157.742084,3.705322],[-64.750152,3.702451],[72.757612,3.69958],[-149.734624,3.69671],[-12.22686,3.693839],[125.280904,3.690968],[-97.211332,3.688097],[40.296432,3.685227],[177.804196,3.682356],[-44.688039,3.679485],[92.819725,3.676615],[-129.672511,3.673744],[7.835253,3.670873],[145.343017,3.668002],[-77.149219,3.665132],[60.358545,3.662261],[-162.133691,3.659391],[-24.625927,3.65652],[112.881837,3.653649],[-109.610399,3.650779],[27.897365,3.647908],[165.405129,3.645037],[-57.087107,3.642167],[80.420657,3.639296],[-142.071579,3.636426],[-4.563815,3.633555],[132.943949,3.630685],[-89.548287,3.627814],[47.959477,3.624943],[-174.532758,3.622073],[-37.024994,3.619202],[100.48277,3.616332],[-122.009466,3.613461],[15.498298,3.610591],[153.006062,3.60772],[-69.486174,3.60485],[68.02159,3.601979],[-154.470646,3.599109],[-16.962882,3.596239],[120.544882,3.593368],[-101.947354,3.590498],[35.56041,3.587627],[173.068174,3.584757],[-49.424062,3.581886],[88.083702,3.579016],[-134.408534,3.576146],[3.09923,3.573275],[140.606994,3.570405],[-81.885242,3.567535],[55.622523,3.564664],[-166.869713,3.561794],[-29.361949,3.558924],[108.145815,3.556053],[-114.346421,3.553183],[23.161343,3.550313],[160.669107,3.547442],[-61.823129,3.544572],[75.684635,3.541702],[-146.807601,3.538832],[-9.299837,3.535961],[128.207927,3.533091],[-94.284309,3.530221],[43.223455,3.527351],[-179.268781,3.52448],[-41.761017,3.52161],[95.746747,3.51874],[-126.745489,3.51587],[10.762275,3.513],[148.270039,3.510129],[-74.222196,3.507259],[63.285568,3.504389],[-159.206668,3.501519],[-21.698904,3.498649],[115.80886,3.495779],[-106.683376,3.492909],[30.824388,3.490038],[168.332152,3.487168],[-54.160084,3.484298],[83.34768,3.481428],[-139.144556,3.478558],[-1.636792,3.475688],[135.870972,3.472818],[-86.621264,3.469948],[50.8865,3.467078],[-171.605736,3.464208],[-34.097972,3.461338],[103.409792,3.458468],[-119.082444,3.455598],[18.42532,3.452728],[155.933085,3.449858],[-66.559151,3.446988],[70.948613,3.444118],[-151.543623,3.441248],[-14.035859,3.438378],[123.471905,3.435508],[-99.020331,3.432638],[38.487433,3.429768],[175.995197,3.426898],[-46.497039,3.424028],[91.010725,3.421158],[-131.481511,3.418288],[6.026253,3.415418],[143.534017,3.412549],[-78.958219,3.409679],[58.549545,3.406809],[-163.942691,3.403939],[-26.434927,3.401069],[111.072837,3.398199],[-111.419399,3.395329],[26.088366,3.39246],[163.59613,3.38959],[-58.896106,3.38672],[78.611658,3.38385],[-143.880578,3.38098],[-6.372814,3.378111],[131.13495,3.375241],[-91.357286,3.372371],[46.150478,3.369501],[-176.341758,3.366632],[-38.833994,3.363762],[98.67377,3.360892],[-123.818466,3.358022],[13.689298,3.355153],[151.197062,3.352283],[-71.295174,3.349413],[66.21259,3.346544],[-156.279646,3.343674],[-18.771882,3.340804],[118.735882,3.337935],[-103.756353,3.335065],[33.751411,3.332195],[171.259175,3.329326],[-51.233061,3.326456],[86.274703,3.323586],[-136.217533,3.320717],[1.290231,3.317847],[138.797995,3.314978],[-83.694241,3.312108],[53.813523,3.309238],[-168.678713,3.306369],[-31.170949,3.303499],[106.336815,3.30063],[-116.155421,3.29776],[21.352343,3.294891],[158.860107,3.292021],[-63.632129,3.289152],[73.875635,3.286282],[-148.616601,3.283413],[-11.108837,3.280543],[126.398928,3.277674],[-96.093308,3.274804],[41.414456,3.271935],[178.92222,3.269065],[-43.570016,3.266196],[93.937748,3.263326],[-128.554488,3.260457],[8.953276,3.257587],[146.46104,3.254718],[-76.031196,3.251849],[61.476568,3.248979],[-161.015668,3.24611],[-23.507904,3.24324],[113.99986,3.240371],[-108.492376,3.237502],[29.015388,3.234632],[166.523152,3.231763],[-55.969084,3.228894],[81.53868,3.226024],[-140.953556,3.223155],[-3.445791,3.220286],[134.061973,3.217416],[-88.430263,3.214547],[49.077501,3.211678],[-173.414735,3.208808],[-35.906971,3.205939],[101.600793,3.20307],[-120.891443,3.200201],[16.616321,3.197331],[154.124085,3.194462],[-68.368151,3.191593],[69.139613,3.188724],[-153.352623,3.185854],[-15.844859,3.182985],[121.662905,3.180116],[-100.829331,3.177247],[36.678433,3.174378],[174.186197,3.171508],[-48.306039,3.168639],[89.201725,3.16577],[-133.29051,3.162901],[4.217254,3.160032],[141.725018,3.157163],[-80.767218,3.154293],[56.740546,3.151424],[-165.75169,3.148555],[-28.243926,3.145686],[109.263838,3.142817],[-113.228398,3.139948],[24.279366,3.137079],[161.78713,3.13421],[-60.705106,3.131341],[76.802658,3.128471],[-145.689578,3.125602],[-8.181814,3.122733],[129.32595,3.119864],[-93.166286,3.116995],[44.341478,3.114126],[-178.150758,3.111257],[-40.642994,3.108388],[96.864771,3.105519],[-125.627465,3.10265],[11.880299,3.099781],[149.388063,3.096912],[-73.104173,3.094043],[64.403591,3.091174],[-158.088645,3.088305],[-20.580881,3.085436],[116.926883,3.082567],[-105.565353,3.079698],[31.942411,3.07683],[169.450175,3.073961],[-53.042061,3.071092],[84.465703,3.068223],[-138.026533,3.065354],[-0.518769,3.062485],[136.988995,3.059616],[-85.503241,3.056747],[52.004523,3.053878],[-170.487713,3.05101],[-32.979948,3.048141],[104.527816,3.045272],[-117.96442,3.042403],[19.543344,3.039534],[157.051108,3.036665],[-65.441128,3.033797],[72.066636,3.030928],[-150.4256,3.028059],[-12.917836,3.02519],[124.589928,3.022321],[-97.902308,3.019453],[39.605456,3.016584],[177.11322,3.013715],[-45.379016,3.010846],[92.128748,3.007978],[-130.363488,3.005109],[7.144276,3.00224],[144.65204,2.999371],[-77.840196,2.996503],[59.667568,2.993634],[-162.824667,2.990765],[-25.316903,2.987897],[112.190861,2.985028],[-110.301375,2.982159],[27.206389,2.979291],[164.714153,2.976422],[-57.778083,2.973553],[79.729681,2.970685],[-142.762555,2.967816],[-5.254791,2.964947],[132.252973,2.962079],[-90.239263,2.95921],[47.268501,2.956341],[-175.223735,2.953473],[-37.715971,2.950604],[99.791793,2.947736],[-122.700443,2.944867],[14.807321,2.941999],[152.315085,2.93913],[-70.177151,2.936261],[67.330614,2.933393],[-155.161622,2.930524],[-17.653858,2.927656],[119.853906,2.924787],[-102.63833,2.921919],[34.869434,2.91905],[172.377198,2.916182],[-50.115038,2.913313],[87.392726,2.910445],[-135.09951,2.907576],[2.408254,2.904708],[139.916018,2.901839],[-82.576218,2.898971],[54.931546,2.896102],[-167.56069,2.893234],[-30.052926,2.890365],[107.454838,2.887497],[-115.037398,2.884629],[22.470366,2.88176],[159.97813,2.878892],[-62.514105,2.876023],[74.993659,2.873155],[-147.498577,2.870287],[-9.990813,2.867418],[127.516951,2.86455],[-94.975285,2.861681],[42.532479,2.858813],[-179.959757,2.855945],[-42.451993,2.853076],[95.055771,2.850208],[-127.436465,2.84734],[10.071299,2.844471],[147.579063,2.841603],[-74.913173,2.838735],[62.594591,2.835866],[-159.897645,2.832998],[-22.389881,2.83013],[115.117883,2.827262],[-107.374353,2.824393],[30.133411,2.821525],[167.641176,2.818657],[-54.85106,2.815788],[82.656704,2.81292],[-139.835532,2.810052],[-2.327768,2.807184],[135.179996,2.804316],[-87.31224,2.801447],[50.195524,2.798579],[-172.296712,2.795711],[-34.788948,2.792843],[102.718816,2.789975],[-119.77342,2.787106],[17.734344,2.784238],[155.242108,2.78137],[-67.250128,2.778502],[70.257636,2.775634],[-152.2346,2.772765],[-14.726836,2.769897],[122.780928,2.767029],[-99.711308,2.764161],[37.796457,2.761293],[175.304221,2.758425],[-47.188015,2.755557],[90.319749,2.752689],[-132.172487,2.749821],[5.335277,2.746952],[142.843041,2.744084],[-79.649195,2.741216],[57.858569,2.738348],[-164.633667,2.73548],[-27.125903,2.732612],[110.381861,2.729744],[-112.110375,2.726876],[25.397389,2.724008],[162.905153,2.72114],[-59.587083,2.718272],[77.920681,2.715404],[-144.571555,2.712536],[-7.063791,2.709668],[130.443973,2.7068],[-92.048262,2.703932],[45.459502,2.701064],[-177.032734,2.698196],[-39.52497,2.695328],[97.982794,2.69246],[-124.509442,2.689592],[12.998322,2.686724],[150.506086,2.683856],[-71.98615,2.680988],[65.521614,2.67812],[-156.970622,2.675252],[-19.462858,2.672385],[118.044906,2.669517],[-104.44733,2.666649],[33.060434,2.663781],[170.568198,2.660913],[-51.924038,2.658045],[85.583726,2.655177],[-136.90851,2.652309],[0.599254,2.649442],[138.107019,2.646574],[-84.385217,2.643706],[53.122547,2.640838],[-169.369689,2.63797],[-31.861925,2.635102],[105.645839,2.632235],[-116.846397,2.629367],[20.661367,2.626499],[158.169131,2.623631],[-64.323105,2.620763],[73.184659,2.617896],[-149.307577,2.615028],[-11.799813,2.61216],[125.707951,2.609292],[-96.784285,2.606424],[40.723479,2.603557],[178.231243,2.600689],[-44.260993,2.597821],[93.246771,2.594953],[-129.245465,2.592086],[8.2623,2.589218],[145.770064,2.58635],[-76.722172,2.583483],[60.785592,2.580615],[-161.706644,2.577747],[-24.19888,2.57488],[113.308884,2.572012],[-109.183352,2.569144],[28.324412,2.566276],[165.832176,2.563409],[-56.66006,2.560541],[80.847704,2.557674],[-141.644532,2.554806],[-4.136768,2.551938],[133.370996,2.549071],[-89.12124,2.546203],[48.386524,2.543335],[-174.105712,2.540468],[-36.597948,2.5376],[100.909816,2.534733],[-121.582419,2.531865],[15.925345,2.528997],[153.433109,2.52613],[-69.059127,2.523262],[68.448637,2.520395],[-154.043599,2.517527],[-16.535835,2.51466],[120.971929,2.511792],[-101.520307,2.508924],[35.987457,2.506057],[173.495221,2.503189],[-48.997015,2.500322],[88.510749,2.497454],[-133.981487,2.494587],[3.526277,2.491719],[141.034041,2.488852],[-81.458195,2.485984],[56.049569,2.483117],[-166.442667,2.480249],[-28.934903,2.477382],[108.572862,2.474514],[-113.919374,2.471647],[23.58839,2.46878],[161.096154,2.465912],[-61.396082,2.463045],[76.111682,2.460177],[-146.380554,2.45731],[-8.87279,2.454442],[128.634974,2.451575],[-93.857262,2.448708],[43.650502,2.44584],[-178.841734,2.442973],[-41.33397,2.440105],[96.173794,2.437238],[-126.318442,2.434371],[11.189322,2.431503],[148.697086,2.428636],[-73.79515,2.425768],[63.712614,2.422901],[-158.779622,2.420034],[-21.271857,2.417166],[116.235907,2.414299],[-106.256329,2.411432],[31.251435,2.408564],[168.759199,2.405697],[-53.733037,2.40283],[83.774727,2.399963],[-138.717509,2.397095],[-1.209745,2.394228],[136.298019,2.391361],[-86.194217,2.388493],[51.313547,2.385626],[-171.178689,2.382759],[-33.670925,2.379892],[103.836839,2.377024],[-118.655397,2.374157],[18.852367,2.37129],[156.360131,2.368423],[-66.132105,2.365555],[71.375659,2.362688],[-151.116576,2.359821],[-13.608812,2.356954],[123.898952,2.354086],[-98.593284,2.351219],[38.91448,2.348352],[176.422244,2.345485],[-46.069992,2.342618],[91.437772,2.33975],[-131.054464,2.336883],[6.4533,2.334016],[143.961064,2.331149],[-78.531172,2.328282],[58.976592,2.325415],[-163.515644,2.322547],[-26.00788,2.31968],[111.499884,2.316813],[-110.992352,2.313946],[26.515412,2.311079],[164.023176,2.308212],[-58.46906,2.305345],[79.038705,2.302478],[-143.453531,2.299611],[-5.945767,2.296743],[131.561997,2.293876],[-90.930239,2.291009],[46.577525,2.288142],[-175.914711,2.285275],[-38.406947,2.282408],[99.100817,2.279541],[-123.391419,2.276674],[14.116345,2.273807],[151.624109,2.27094],[-70.868127,2.268073],[66.639637,2.265206],[-155.852599,2.262339],[-18.344835,2.259472],[119.162929,2.256605],[-103.329307,2.253738],[34.178457,2.250871],[171.686221,2.248004],[-50.806014,2.245137],[86.70175,2.24227],[-135.790486,2.239403],[1.717278,2.236536],[139.225042,2.233669],[-83.267194,2.230802],[54.24057,2.227935],[-168.251666,2.225068],[-30.743902,2.222201],[106.763862,2.219334],[-115.728374,2.216467],[21.77939,2.2136],[159.287154,2.210733],[-63.205082,2.207866],[74.302682,2.204999],[-148.189554,2.202132],[-10.68179,2.199266],[126.825974,2.196399],[-95.666262,2.193532],[41.841502,2.190665],[179.349267,2.187798],[-43.142969,2.184931],[94.364795,2.182064],[-128.127441,2.179197],[9.380323,2.176331],[146.888087,2.173464],[-75.604149,2.170597],[61.903615,2.16773],[-160.588621,2.164863],[-23.080857,2.161996],[114.426907,2.159129],[-108.065329,2.156263],[29.442435,2.153396],[166.950199,2.150529],[-55.542037,2.147662],[81.965727,2.144795],[-140.526509,2.141929],[-3.018745,2.139062],[134.489019,2.136195],[-88.003217,2.133328],[49.504548,2.130462],[-172.987688,2.127595],[-35.479924,2.124728],[102.02784,2.121861],[-120.464396,2.118994],[17.043368,2.116128],[154.551132,2.113261],[-67.941104,2.110394],[69.56666,2.107528],[-152.925576,2.104661],[-15.417812,2.101794],[122.089952,2.098927],[-100.402284,2.096061],[37.10548,2.093194],[174.613244,2.090327],[-47.878992,2.087461],[89.628772,2.084594],[-132.863464,2.081727],[4.6443,2.07886],[142.152064,2.075994],[-80.340171,2.073127],[57.167593,2.07026],[-165.324643,2.067394],[-27.816879,2.064527],[109.690885,2.061661],[-112.801351,2.058794],[24.706413,2.055927],[162.214177,2.053061],[-60.278059,2.050194],[77.229705,2.047327],[-145.262531,2.044461],[-7.754767,2.041594],[129.752997,2.038728],[-92.739239,2.035861],[44.768525,2.032994],[-177.723711,2.030128],[-40.215947,2.027261],[97.291817,2.024395],[-125.200419,2.021528],[12.307345,2.018661],[149.81511,2.015795],[-72.677126,2.012928],[64.830638,2.010062],[-157.661598,2.007195],[-20.153834,2.004329],[117.35393,2.001462],[-105.138306,1.998596],[32.369458,1.995729],[169.877222,1.992863],[-52.615014,1.989996],[84.89275,1.987129],[-137.599486,1.984263],[-0.091722,1.981396],[137.416042,1.97853],[-85.076194,1.975663],[52.43157,1.972797],[-170.060666,1.969931],[-32.552902,1.967064],[104.954862,1.964198],[-117.537374,1.961331],[19.970391,1.958465],[157.478155,1.955598],[-65.014081,1.952732],[72.493683,1.949865],[-149.998553,1.946999],[-12.490789,1.944132],[125.016975,1.941266],[-97.475261,1.938399],[40.032503,1.935533],[177.540267,1.932667],[-44.951969,1.9298],[92.555795,1.926934],[-129.936441,1.924067],[7.571323,1.921201],[145.079087,1.918335],[-77.413149,1.915468],[60.094615,1.912602],[-162.397621,1.909735],[-24.889857,1.906869],[112.617907,1.904003],[-109.874328,1.901136],[27.633436,1.89827],[165.1412,1.895404],[-57.351036,1.892537],[80.156728,1.889671],[-142.335508,1.886805],[-4.827744,1.883938],[132.68002,1.881072],[-89.812216,1.878206],[47.695548,1.875339],[-174.796688,1.872473],[-37.288924,1.869607],[100.21884,1.86674],[-122.273396,1.863874],[15.234368,1.861008],[152.742132,1.858141],[-69.750104,1.855275],[67.75766,1.852409],[-154.734576,1.849542],[-17.226812,1.846676],[120.280953,1.84381],[-102.211283,1.840944],[35.296481,1.838077],[172.804245,1.835211],[-49.687991,1.832345],[87.819773,1.829479],[-134.672463,1.826612],[2.835301,1.823746],[140.343065,1.82088],[-82.149171,1.818014],[55.358593,1.815147],[-167.133643,1.812281],[-29.625879,1.809415],[107.881885,1.806549],[-114.610351,1.803683],[22.897413,1.800816],[160.405177,1.79795],[-62.087059,1.795084],[75.420705,1.792218],[-147.071531,1.789352],[-9.563766,1.786485],[127.943998,1.783619],[-94.548238,1.780753],[42.959526,1.777887],[-179.53271,1.775021],[-42.024946,1.772155],[95.482818,1.769288],[-127.009418,1.766422],[10.498346,1.763556],[148.00611,1.76069],[-74.486126,1.757824],[63.021638,1.754958],[-159.470598,1.752092],[-21.962834,1.749225],[115.54493,1.746359],[-106.947306,1.743493],[30.560458,1.740627],[168.068222,1.737761],[-54.424014,1.734895],[83.08375,1.732029],[-139.408485,1.729163],[-1.900721,1.726297],[135.607043,1.72343],[-86.885193,1.720564],[50.622571,1.717698],[-171.869665,1.714832],[-34.361901,1.711966],[103.145863,1.7091],[-119.346373,1.706234],[18.161391,1.703368],[155.669155,1.700502],[-66.823081,1.697636],[70.684683,1.69477],[-151.807553,1.691904],[-14.299789,1.689038],[123.207975,1.686172],[-99.284261,1.683306],[38.223503,1.68044],[175.731267,1.677574],[-46.760969,1.674708],[90.746796,1.671842],[-131.74544,1.668976],[5.762324,1.66611],[143.270088,1.663244],[-79.222148,1.660378],[58.285616,1.657512],[-164.20662,1.654646],[-26.698856,1.65178],[110.808908,1.648914],[-111.683328,1.646048],[25.824436,1.643182],[163.3322,1.640316],[-59.160036,1.63745],[78.347728,1.634584],[-144.144508,1.631718],[-6.636744,1.628852],[130.87102,1.625986],[-91.621216,1.62312],[45.886548,1.620254],[-176.605688,1.617388],[-39.097923,1.614522],[98.409841,1.611656],[-124.082395,1.60879],[13.425369,1.605924],[150.933133,1.603059],[-71.559103,1.600193],[65.948661,1.597327],[-156.543575,1.594461],[-19.035811,1.591595],[118.471953,1.588729],[-104.020283,1.585863],[33.487481,1.582997],[170.995245,1.580131],[-51.496991,1.577266],[86.010773,1.5744],[-136.481463,1.571534],[1.026301,1.568668],[138.534065,1.565802],[-83.958171,1.562936],[53.549593,1.56007],[-168.942642,1.557205],[-31.434878,1.554339],[106.072886,1.551473],[-116.41935,1.548607],[21.088414,1.545741],[158.596178,1.542875],[-63.896058,1.540009],[73.611706,1.537144],[-148.88053,1.534278],[-11.372766,1.531412],[126.134998,1.528546],[-96.357238,1.52568],[41.150526,1.522815],[178.65829,1.519949],[-43.833946,1.517083],[93.673818,1.514217],[-128.818418,1.511351],[8.689346,1.508486],[146.19711,1.50562],[-76.295126,1.502754],[61.212639,1.499888],[-161.279597,1.497023],[-23.771833,1.494157],[113.735931,1.491291],[-108.756305,1.488425],[28.751459,1.48556],[166.259223,1.482694],[-56.233013,1.479828],[81.274751,1.476962],[-141.217485,1.474097],[-3.709721,1.471231],[133.798043,1.468365],[-88.694193,1.465499],[48.813571,1.462634],[-173.678665,1.459768],[-36.170901,1.456902],[101.336863,1.454036],[-121.155373,1.451171],[16.352391,1.448305],[153.860155,1.445439],[-68.63208,1.442574],[68.875684,1.439708],[-153.616552,1.436842],[-16.108788,1.433977],[121.398976,1.431111],[-101.09326,1.428245],[36.414504,1.42538],[173.922268,1.422514],[-48.569968,1.419648],[88.937796,1.416783],[-133.55444,1.413917],[3.953324,1.411051],[141.461088,1.408186],[-81.031148,1.40532],[56.476616,1.402454],[-166.01562,1.399589],[-28.507856,1.396723],[108.999908,1.393857],[-113.492328,1.390992],[24.015436,1.388126],[161.523201,1.38526],[-60.969035,1.382395],[76.538729,1.379529],[-145.953507,1.376664],[-8.445743,1.373798],[129.062021,1.370932],[-93.430215,1.368067],[44.077549,1.365201],[-178.414687,1.362336],[-40.906923,1.35947],[96.600841,1.356604],[-125.891395,1.353739],[11.616369,1.350873],[149.124133,1.348008],[-73.368103,1.345142],[64.139661,1.342276],[-158.352575,1.339411],[-20.844811,1.336545],[116.662953,1.33368],[-105.829283,1.330814],[31.678482,1.327949],[169.186246,1.325083],[-53.30599,1.322217],[84.201774,1.319352],[-138.290462,1.316486],[-0.782698,1.313621],[136.725066,1.310755],[-85.76717,1.30789],[51.740594,1.305024],[-170.751642,1.302159],[-33.243878,1.299293],[104.263886,1.296428],[-118.22835,1.293562],[19.279414,1.290697],[156.787178,1.287831],[-65.705058,1.284966],[71.802706,1.2821],[-150.68953,1.279235],[-13.181766,1.276369],[124.325998,1.273504],[-98.166237,1.270638],[39.341527,1.267773],[176.849291,1.264907],[-45.642945,1.262042],[91.864819,1.259176],[-130.627417,1.256311],[6.880347,1.253445],[144.388111,1.25058],[-78.104125,1.247714],[59.403639,1.244849],[-163.088597,1.241983],[-25.580833,1.239118],[111.926931,1.236252],[-110.565305,1.233387],[26.942459,1.230521],[164.450223,1.227656],[-58.042013,1.224791],[79.465751,1.221925],[-143.026485,1.21906],[-5.518721,1.216194],[131.989044,1.213329],[-90.503192,1.210463],[47.004572,1.207598],[-175.487664,1.204733],[-37.9799,1.201867],[99.527864,1.199002],[-122.964372,1.196136],[14.543392,1.193271],[152.051156,1.190405],[-70.44108,1.18754],[67.066684,1.184675],[-155.425552,1.181809],[-17.917788,1.178944],[119.589976,1.176078],[-102.90226,1.173213],[34.605504,1.170348],[172.113268,1.167482],[-50.378968,1.164617],[87.128796,1.161752],[-135.36344,1.158886],[2.144325,1.156021],[139.652089,1.153155],[-82.840147,1.15029],[54.667617,1.147425],[-167.824619,1.144559],[-30.316855,1.141694],[107.190909,1.138829],[-115.301327,1.135963],[22.206437,1.133098],[159.714201,1.130233],[-62.778035,1.127367],[74.729729,1.124502],[-147.762507,1.121637],[-10.254743,1.118771],[127.253021,1.115906],[-95.239215,1.113041],[42.268549,1.110175],[179.776313,1.10731],[-42.715923,1.104445],[94.791841,1.101579],[-127.700394,1.098714],[9.80737,1.095849],[147.315134,1.092983],[-75.177102,1.090118],[62.330662,1.087253],[-160.161574,1.084387],[-22.65381,1.081522],[114.853954,1.078657],[-107.638282,1.075791],[29.869482,1.072926],[167.377246,1.070061],[-55.11499,1.067196],[82.392774,1.06433],[-140.099462,1.061465],[-2.591698,1.0586],[134.916066,1.055734],[-87.57617,1.052869],[49.931594,1.050004],[-172.560642,1.047139],[-35.052878,1.044273],[102.454887,1.041408],[-120.037349,1.038543],[17.470415,1.035678],[154.978179,1.032812],[-67.514057,1.029947],[69.993707,1.027082],[-152.498529,1.024217],[-14.990765,1.021351],[122.516999,1.018486],[-99.975237,1.015621],[37.532527,1.012756],[175.040291,1.00989],[-47.451945,1.007025],[90.055819,1.00416],[-132.436417,1.001295],[5.071347,0.998429],[142.579111,0.995564],[-79.913125,0.992699],[57.594639,0.989834],[-164.897597,0.986969],[-27.389832,0.984103],[110.117932,0.981238],[-112.374304,0.978373],[25.13346,0.975508],[162.641224,0.972643],[-59.851012,0.969777],[77.656752,0.966912],[-144.835484,0.964047],[-7.32772,0.961182],[130.180044,0.958317],[-92.312192,0.955451],[45.195572,0.952586],[-177.296664,0.949721],[-39.7889,0.946856],[97.718864,0.943991],[-124.773372,0.941125],[12.734392,0.93826],[150.242156,0.935395],[-72.25008,0.93253],[65.257684,0.929665],[-157.234551,0.9268],[-19.726787,0.923934],[117.780977,0.921069],[-104.711259,0.918204],[32.796505,0.915339],[170.304269,0.912474],[-52.187967,0.909609],[85.319797,0.906744],[-137.172439,0.903878],[0.335325,0.901013],[137.843089,0.898148],[-84.649147,0.895283],[52.858617,0.892418],[-169.633619,0.889553],[-32.125855,0.886688],[105.381909,0.883822],[-117.110327,0.880957],[20.397437,0.878092],[157.905201,0.875227],[-64.587035,0.872362],[72.92073,0.869497],[-149.571506,0.866632],[-12.063742,0.863767],[125.444022,0.860901],[-97.048214,0.858036],[40.45955,0.855171],[177.967314,0.852306],[-44.524922,0.849441],[92.982842,0.846576],[-129.509394,0.843711],[7.99837,0.840846],[145.506134,0.837981],[-76.986102,0.835116],[60.521662,0.83225],[-161.970574,0.829385],[-24.46281,0.82652],[113.044954,0.823655],[-109.447282,0.82079],[28.060482,0.817925],[165.568246,0.81506],[-56.923989,0.812195],[80.583775,0.80933],[-141.908461,0.806465],[-4.400697,0.8036],[133.107067,0.800735],[-89.385169,0.79787],[48.122595,0.795004],[-174.369641,0.792139],[-36.861877,0.789274],[100.645887,0.786409],[-121.846349,0.783544],[15.661415,0.780679],[153.169179,0.777814],[-69.323057,0.774949],[68.184707,0.772084],[-154.307529,0.769219],[-16.799765,0.766354],[120.707999,0.763489],[-101.784237,0.760624],[35.723527,0.757759],[173.231292,0.754894],[-49.260944,0.752029],[88.24682,0.749164],[-134.245416,0.746299],[3.262348,0.743434],[140.770112,0.740569],[-81.722124,0.737704],[55.78564,0.734839],[-166.706596,0.731973],[-29.198832,0.729108],[108.308932,0.726243],[-114.183304,0.723378],[23.32446,0.720513],[160.832224,0.717648],[-61.660012,0.714783],[75.847752,0.711918],[-146.644484,0.709053],[-9.13672,0.706188],[128.371044,0.703323],[-94.121192,0.700458],[43.386573,0.697593],[-179.105663,0.694728],[-41.597899,0.691863],[95.909865,0.688998],[-126.582371,0.686133],[10.925393,0.683268],[148.433157,0.680403],[-74.059079,0.677538],[63.448685,0.674673],[-159.043551,0.671808],[-21.535787,0.668943],[115.971977,0.666078],[-106.520259,0.663213],[30.987505,0.660348],[168.495269,0.657483],[-53.996967,0.654619],[83.510797,0.651754],[-138.981439,0.648889],[-1.473675,0.646024],[136.034089,0.643159],[-86.458146,0.640294],[51.049618,0.637429],[-171.442618,0.634564],[-33.934854,0.631699],[103.57291,0.628834],[-118.919326,0.625969],[18.588438,0.623104],[156.096202,0.620239],[-66.396034,0.617374],[71.11173,0.614509],[-151.380506,0.611644],[-13.872742,0.608779],[123.635022,0.605914],[-98.857214,0.603049],[38.65055,0.600184],[176.158314,0.597319],[-46.333922,0.594454],[91.173842,0.591589],[-131.318394,0.588724],[6.18937,0.58586],[143.697135,0.582995],[-78.795101,0.58013],[58.712663,0.577265],[-163.779573,0.5744],[-26.271809,0.571535],[111.235955,0.56867],[-111.256281,0.565805],[26.251483,0.56294],[163.759247,0.560075],[-58.732989,0.55721],[78.774775,0.554345],[-143.717461,0.55148],[-6.209697,0.548615],[131.298067,0.545751],[-91.194169,0.542886],[46.313595,0.540021],[-176.178641,0.537156],[-38.670877,0.534291],[98.836887,0.531426],[-123.655349,0.528561],[13.852416,0.525696],[151.36018,0.522831],[-71.132056,0.519966],[66.375708,0.517101],[-156.116528,0.514237],[-18.608764,0.511372],[118.899,0.508507],[-103.593236,0.505642],[33.914528,0.502777],[171.422292,0.499912],[-51.069944,0.497047],[86.43782,0.494182],[-136.054416,0.491317],[1.453348,0.488452],[138.961112,0.485588],[-83.531124,0.482723],[53.97664,0.479858],[-168.515596,0.476993],[-31.007832,0.474128],[106.499933,0.471263],[-115.992303,0.468398],[21.515461,0.465533],[159.023225,0.462668],[-63.469011,0.459804],[74.038753,0.456939],[-148.453483,0.454074],[-10.945719,0.451209],[126.562045,0.448344],[-95.930191,0.445479],[41.577573,0.442614],[179.085337,0.439749],[-43.406899,0.436885],[94.100865,0.43402],[-128.391371,0.431155],[9.116393,0.42829],[146.624157,0.425425],[-75.868079,0.42256],[61.639685,0.419695],[-160.852551,0.41683],[-23.344786,0.413966],[114.162978,0.411101],[-108.329258,0.408236],[29.178506,0.405371],[166.68627,0.402506],[-55.805966,0.399641],[81.701798,0.396776],[-140.790438,0.393912],[-3.282674,0.391047],[134.22509,0.388182],[-88.267146,0.385317],[49.240618,0.382452],[-173.251618,0.379587],[-35.743854,0.376722],[101.76391,0.373858],[-120.728326,0.370993],[16.779438,0.368128],[154.287202,0.365263],[-68.205034,0.362398],[69.30273,0.359533],[-153.189505,0.356669],[-15.681741,0.353804],[121.826023,0.350939],[-100.666213,0.348074],[36.841551,0.345209],[174.349315,0.342344],[-48.142921,0.339479],[89.364843,0.336615],[-133.127393,0.33375],[4.380371,0.330885],[141.888135,0.32802],[-80.604101,0.325155],[56.903663,0.32229],[-165.588573,0.319426],[-28.080809,0.316561],[109.426955,0.313696],[-113.065281,0.310831],[24.442483,0.307966],[161.950247,0.305101],[-60.541989,0.302237],[76.965776,0.299372],[-145.52646,0.296507],[-8.018696,0.293642],[129.489068,0.290777],[-93.003168,0.287913],[44.504596,0.285048],[-177.98764,0.282183],[-40.479876,0.279318],[97.027888,0.276453],[-125.464348,0.273588],[12.043416,0.270724],[149.55118,0.267859],[-72.941056,0.264994],[64.566708,0.262129],[-157.925528,0.259264],[-20.417764,0.256399],[117.09,0.253535],[-105.402236,0.25067],[32.105528,0.247805],[169.613292,0.24494],[-52.878943,0.242075],[84.628821,0.239211],[-137.863415,0.236346],[-0.355651,0.233481],[137.152113,0.230616],[-85.340123,0.227751],[52.167641,0.224887],[-170.324595,0.222022],[-32.816831,0.219157],[104.690933,0.216292],[-117.801303,0.213427],[19.706461,0.210562],[157.214225,0.207698],[-65.278011,0.204833],[72.229753,0.201968],[-150.262483,0.199103],[-12.754719,0.196238],[124.753045,0.193374],[-97.739191,0.190509],[39.768573,0.187644],[177.276338,0.184779],[-45.215898,0.181914],[92.291866,0.17905],[-130.20037,0.176185],[7.307394,0.17332],[144.815158,0.170455],[-77.677078,0.16759],[59.830686,0.164726],[-162.66155,0.161861],[-25.153786,0.158996],[112.353978,0.156131],[-110.138258,0.153266],[27.369506,0.150402],[164.87727,0.147537],[-57.614966,0.144672],[79.892798,0.141807],[-142.599438,0.138942],[-5.091674,0.136078],[132.41609,0.133213],[-90.076146,0.130348],[47.431619,0.127483],[-175.060617,0.124618],[-37.552853,0.121754],[99.954911,0.118889],[-122.537325,0.116024],[14.970439,0.113159],[152.478203,0.110294],[-70.014033,0.10743],[67.493731,0.104565],[-154.998505,0.1017],[-17.490741,0.098835],[120.017023,0.09597],[-102.475213,0.093106],[35.032551,0.090241],[172.540315,0.087376],[-49.951921,0.084511],[87.555843,0.081647],[-134.936393,0.078782],[2.571371,0.075917],[140.079135,0.073052],[-82.4131,0.070187],[55.094664,0.067323],[-167.397572,0.064458],[-29.889808,0.061593],[107.617956,0.058728],[-114.87428,0.055863],[22.633484,0.052999],[160.141248,0.050134],[-62.350988,0.047269],[75.156776,0.044404],[-147.33546,0.041539],[-9.827696,0.038675],[127.680068,0.03581],[-94.812168,0.032945],[42.695596,0.03008],[-179.79664,0.027215],[-42.288876,0.024351],[95.218888,0.021486],[-127.273348,0.018621],[10.234416,0.015756],[147.742181,0.012892],[-74.750055,0.010027],[62.757709,0.007162],[-159.734527,0.004297],[-22.226763,0.001432],[115.281001,-0.001432],[-107.211235,-0.004297],[30.296529,-0.007162],[167.804293,-0.010027],[-54.687943,-0.012892],[82.819821,-0.015756],[-139.672415,-0.018621],[-2.164651,-0.021486],[135.343113,-0.024351],[-87.149123,-0.027215],[50.358641,-0.03008],[-172.133595,-0.032945],[-34.625831,-0.03581],[102.881933,-0.038675],[-119.610303,-0.041539],[17.897462,-0.044404],[155.405226,-0.047269],[-67.08701,-0.050134],[70.420754,-0.052999],[-152.071482,-0.055863],[-14.563718,-0.058728],[122.944046,-0.061593],[-99.54819,-0.064458],[37.959574,-0.067323],[175.467338,-0.070187],[-47.024898,-0.073052],[90.482866,-0.075917],[-132.00937,-0.078782],[5.498394,-0.081647],[143.006158,-0.084511],[-79.486078,-0.087376],[58.021686,-0.090241],[-164.47055,-0.093106],[-26.962786,-0.09597],[110.544978,-0.098835],[-111.947257,-0.1017],[25.560507,-0.104565],[163.068271,-0.10743],[-59.423965,-0.110294],[78.083799,-0.113159],[-144.408437,-0.116024],[-6.900673,-0.118889],[130.607091,-0.121754],[-91.885145,-0.124618],[45.622619,-0.127483],[-176.869617,-0.130348],[-39.361853,-0.133213],[98.145911,-0.136078],[-124.346325,-0.138942],[13.161439,-0.141807],[150.669203,-0.144672],[-71.823033,-0.147537],[65.684731,-0.150402],[-156.807505,-0.153266],[-19.299741,-0.156131],[118.208024,-0.158996],[-104.284212,-0.161861],[33.223552,-0.164726],[170.731316,-0.16759],[-51.76092,-0.170455],[85.746844,-0.17332],[-136.745392,-0.176185],[0.762372,-0.17905],[138.270136,-0.181914],[-84.2221,-0.184779],[53.285664,-0.187644],[-169.206572,-0.190509],[-31.698808,-0.193374],[105.808956,-0.196238],[-116.68328,-0.199103],[20.824484,-0.201968],[158.332248,-0.204833],[-64.159988,-0.207698],[73.347776,-0.210562],[-149.14446,-0.213427],[-11.636695,-0.216292],[125.871069,-0.219157],[-96.621167,-0.222022],[40.886597,-0.224887],[178.394361,-0.227751],[-44.097875,-0.230616],[93.409889,-0.233481],[-129.082347,-0.236346],[8.425417,-0.239211],[145.933181,-0.242075],[-76.559055,-0.24494],[60.948709,-0.247805],[-161.543527,-0.25067],[-24.035763,-0.253535],[113.472001,-0.256399],[-109.020235,-0.259264],[28.487529,-0.262129],[165.995293,-0.264994],[-56.496943,-0.267859],[81.010821,-0.270724],[-141.481414,-0.273588],[-3.97365,-0.276453],[133.534114,-0.279318],[-88.958122,-0.282183],[48.549642,-0.285048],[-173.942594,-0.287913],[-36.43483,-0.290777],[101.072934,-0.293642],[-121.419302,-0.296507],[16.088462,-0.299372],[153.596226,-0.302237],[-68.89601,-0.305101],[68.611754,-0.307966],[-153.880482,-0.310831],[-16.372718,-0.313696],[121.135046,-0.316561],[-101.35719,-0.319426],[36.150574,-0.32229],[173.658338,-0.325155],[-48.833898,-0.32802],[88.673867,-0.330885],[-133.818369,-0.33375],[3.689395,-0.336615],[141.197159,-0.339479],[-81.295077,-0.342344],[56.212687,-0.345209],[-166.279549,-0.348074],[-28.771785,-0.350939],[108.735979,-0.353804],[-113.756257,-0.356669],[23.751507,-0.359533],[161.259271,-0.362398],[-61.232965,-0.365263],[76.274799,-0.368128],[-146.217437,-0.370993],[-8.709673,-0.373858],[128.798091,-0.376722],[-93.694145,-0.379587],[43.813619,-0.382452],[-178.678617,-0.385317],[-41.170852,-0.388182],[96.336912,-0.391047],[-126.155324,-0.393912],[11.35244,-0.396776],[148.860204,-0.399641],[-73.632032,-0.402506],[63.875732,-0.405371],[-158.616504,-0.408236],[-21.10874,-0.411101],[116.399024,-0.413966],[-106.093212,-0.41683],[31.414552,-0.419695],[168.922316,-0.42256],[-53.56992,-0.425425],[83.937844,-0.42829],[-138.554392,-0.431155],[-1.046628,-0.43402],[136.461136,-0.436885],[-86.0311,-0.439749],[51.476664,-0.442614],[-171.015571,-0.445479],[-33.507807,-0.448344],[103.999957,-0.451209],[-118.492279,-0.454074],[19.015485,-0.456939],[156.523249,-0.459804],[-65.968987,-0.462668],[71.538777,-0.465533],[-150.953459,-0.468398],[-13.445695,-0.471263],[124.062069,-0.474128],[-98.430167,-0.476993],[39.077597,-0.479858],[176.585361,-0.482723],[-45.906875,-0.485588],[91.600889,-0.488452],[-130.891347,-0.491317],[6.616417,-0.494182],[144.124181,-0.497047],[-78.368055,-0.499912],[59.13971,-0.502777],[-163.352526,-0.505642],[-25.844762,-0.508507],[111.663002,-0.511372],[-110.829234,-0.514237],[26.67853,-0.517101],[164.186294,-0.519966],[-58.305942,-0.522831],[79.201822,-0.525696],[-143.290414,-0.528561],[-5.78265,-0.531426],[131.725114,-0.534291],[-90.767122,-0.537156],[46.740642,-0.540021],[-175.751594,-0.542886],[-38.24383,-0.545751],[99.263934,-0.548615],[-123.228302,-0.55148],[14.279462,-0.554345],[151.787226,-0.55721],[-70.705009,-0.560075],[66.802755,-0.56294],[-155.689481,-0.565805],[-18.181717,-0.56867],[119.326047,-0.571535],[-103.166189,-0.5744],[34.341575,-0.577265],[171.849339,-0.58013],[-50.642897,-0.582995],[86.864867,-0.58586],[-135.627369,-0.588724],[1.880395,-0.591589],[139.388159,-0.594454],[-83.104077,-0.597319],[54.403687,-0.600184],[-168.088549,-0.603049],[-30.580785,-0.605914],[106.926979,-0.608779],[-115.565257,-0.611644],[21.942507,-0.614509],[159.450272,-0.617374],[-63.041964,-0.620239],[74.4658,-0.623104],[-148.026436,-0.625969],[-10.518672,-0.628834],[126.989092,-0.631699],[-95.503144,-0.634564],[42.00462,-0.637429],[179.512384,-0.640294],[-42.979852,-0.643159],[94.527912,-0.646024],[-127.964324,-0.648889],[9.54344,-0.651754],[147.051204,-0.654619],[-75.441032,-0.657483],[62.066732,-0.660348],[-160.425504,-0.663213],[-22.91774,-0.666078],[114.590024,-0.668943],[-107.902212,-0.671808],[29.605553,-0.674673],[167.113317,-0.677538],[-55.378919,-0.680403],[82.128845,-0.683268],[-140.363391,-0.686133],[-2.855627,-0.688998],[134.652137,-0.691863],[-87.840099,-0.694728],[49.667665,-0.697593],[-172.824571,-0.700458],[-35.316807,-0.703323],[102.190957,-0.706188],[-120.301279,-0.709053],[17.206485,-0.711918],[154.714249,-0.714783],[-67.777987,-0.717648],[69.729777,-0.720513],[-152.762459,-0.723378],[-15.254695,-0.726243],[122.253069,-0.729108],[-100.239166,-0.731973],[37.268598,-0.734839],[174.776362,-0.737704],[-47.715874,-0.740569],[89.79189,-0.743434],[-132.700346,-0.746299],[4.807418,-0.749164],[142.315182,-0.752029],[-80.177054,-0.754894],[57.33071,-0.757759],[-165.161526,-0.760624],[-27.653762,-0.763489],[109.854002,-0.766354],[-112.638234,-0.769219],[24.86953,-0.772084],[162.377294,-0.774949],[-60.114942,-0.777814],[77.392822,-0.780679],[-145.099414,-0.783544],[-7.59165,-0.786409],[129.916115,-0.789274],[-92.576121,-0.792139],[44.931643,-0.795004],[-177.560593,-0.79787],[-40.052829,-0.800735],[97.454935,-0.8036],[-125.037301,-0.806465],[12.470463,-0.80933],[149.978227,-0.812195],[-72.514009,-0.81506],[64.993755,-0.817925],[-157.498481,-0.82079],[-19.990717,-0.823655],[117.517047,-0.82652],[-104.975189,-0.829385],[32.532575,-0.83225],[170.040339,-0.835116],[-52.451897,-0.837981],[85.055867,-0.840846],[-137.436369,-0.843711],[0.071396,-0.846576],[137.57916,-0.849441],[-84.913076,-0.852306],[52.594688,-0.855171],[-169.897548,-0.858036],[-32.389784,-0.860901],[105.11798,-0.863767],[-117.374256,-0.866632],[20.133508,-0.869497],[157.641272,-0.872362],[-64.850964,-0.875227],[72.6568,-0.878092],[-149.835436,-0.880957],[-12.327672,-0.883822],[125.180092,-0.886688],[-97.312144,-0.889553],[40.19562,-0.892418],[177.703384,-0.895283],[-44.788852,-0.898148],[92.718912,-0.901013],[-129.773323,-0.903878],[7.734441,-0.906744],[145.242205,-0.909609],[-77.250031,-0.912474],[60.257733,-0.915339],[-162.234503,-0.918204],[-24.726739,-0.921069],[112.781025,-0.923934],[-109.711211,-0.9268],[27.796553,-0.929665],[165.304317,-0.93253],[-57.187919,-0.935395],[80.319845,-0.93826],[-142.172391,-0.941125],[-4.664627,-0.943991],[132.843137,-0.946856],[-89.649099,-0.949721],[47.858665,-0.952586],[-174.633571,-0.955451],[-37.125807,-0.958317],[100.381958,-0.961182],[-122.110278,-0.964047],[15.397486,-0.966912],[152.90525,-0.969777],[-69.586986,-0.972643],[67.920778,-0.975508],[-154.571458,-0.978373],[-17.063694,-0.981238],[120.44407,-0.984103],[-102.048166,-0.986969],[35.459598,-0.989834],[172.967362,-0.992699],[-49.524874,-0.995564],[87.98289,-0.998429],[-134.509346,-1.001295],[2.998418,-1.00416],[140.506182,-1.007025],[-81.986054,-1.00989],[55.52171,-1.012756],[-166.970526,-1.015621],[-29.462761,-1.018486],[108.045003,-1.021351],[-114.447233,-1.024217],[23.060531,-1.027082],[160.568295,-1.029947],[-61.923941,-1.032812],[75.583823,-1.035678],[-146.908413,-1.038543],[-9.400649,-1.041408],[128.107115,-1.044273],[-94.385121,-1.047139],[43.122643,-1.050004],[-179.369593,-1.052869],[-41.861829,-1.055734],[95.645935,-1.0586],[-126.846301,-1.061465],[10.661463,-1.06433],[148.169227,-1.067196],[-74.323009,-1.070061],[63.184755,-1.072926],[-159.30748,-1.075791],[-21.799716,-1.078657],[115.708048,-1.081522],[-106.784188,-1.084387],[30.723576,-1.087253],[168.23134,-1.090118],[-54.260896,-1.092983],[83.246868,-1.095849],[-139.245368,-1.098714],[-1.737604,-1.101579],[135.77016,-1.104445],[-86.722076,-1.10731],[50.785688,-1.110175],[-171.706548,-1.113041],[-34.198784,-1.115906],[103.30898,-1.118771],[-119.183256,-1.121637],[18.324508,-1.124502],[155.832272,-1.127367],[-66.659964,-1.130233],[70.847801,-1.133098],[-151.644435,-1.135963],[-14.136671,-1.138829],[123.371093,-1.141694],[-99.121143,-1.144559],[38.386621,-1.147425],[175.894385,-1.15029],[-46.597851,-1.153155],[90.909913,-1.156021],[-131.582323,-1.158886],[5.925441,-1.161752],[143.433205,-1.164617],[-79.059031,-1.167482],[58.448733,-1.170348],[-164.043503,-1.173213],[-26.535739,-1.176078],[110.972025,-1.178944],[-111.520211,-1.181809],[25.987553,-1.184675],[163.495317,-1.18754],[-58.996918,-1.190405],[78.510846,-1.193271],[-143.98139,-1.196136],[-6.473626,-1.199002],[131.034138,-1.201867],[-91.458098,-1.204733],[46.049666,-1.207598],[-176.44257,-1.210463],[-38.934806,-1.213329],[98.572958,-1.216194],[-123.919278,-1.21906],[13.588486,-1.221925],[151.09625,-1.224791],[-71.395986,-1.227656],[66.111778,-1.230521],[-156.380458,-1.233387],[-18.872694,-1.236252],[118.63507,-1.239118],[-103.857166,-1.241983],[33.650598,-1.244849],[171.158363,-1.247714],[-51.333873,-1.25058],[86.173891,-1.253445],[-136.318345,-1.256311],[1.189419,-1.259176],[138.697183,-1.262042],[-83.795053,-1.264907],[53.712711,-1.267773],[-168.779525,-1.270638],[-31.271761,-1.273504],[106.236003,-1.276369],[-116.256233,-1.279235],[21.251531,-1.2821],[158.759295,-1.284966],[-63.732941,-1.287831],[73.774823,-1.290697],[-148.717413,-1.293562],[-11.209649,-1.296428],[126.298115,-1.299293],[-96.194121,-1.302159],[41.313644,-1.305024],[178.821408,-1.30789],[-43.670828,-1.310755],[93.836936,-1.313621],[-128.6553,-1.316486],[8.852464,-1.319352],[146.360228,-1.322217],[-76.132008,-1.325083],[61.375756,-1.327949],[-161.11648,-1.330814],[-23.608716,-1.33368],[113.899048,-1.336545],[-108.593188,-1.339411],[28.914576,-1.342276],[166.42234,-1.345142],[-56.069896,-1.348008],[81.437868,-1.350873],[-141.054368,-1.353739],[-3.546604,-1.356604],[133.96116,-1.35947],[-88.531075,-1.362336],[48.976689,-1.365201],[-173.515547,-1.368067],[-36.007783,-1.370932],[101.499981,-1.373798],[-120.992255,-1.376664],[16.515509,-1.379529],[154.023273,-1.382395],[-68.468963,-1.38526],[69.038801,-1.388126],[-153.453435,-1.390992],[-15.945671,-1.393857],[121.562093,-1.396723],[-100.930143,-1.399589],[36.577621,-1.402454],[174.085385,-1.40532],[-48.406851,-1.408186],[89.100913,-1.411051],[-133.391323,-1.413917],[4.116441,-1.416783],[141.624206,-1.419648],[-80.86803,-1.422514],[56.639734,-1.42538],[-165.852502,-1.428245],[-28.344738,-1.431111],[109.163026,-1.433977],[-113.32921,-1.436842],[24.178554,-1.439708],[161.686318,-1.442574],[-60.805918,-1.445439],[76.701846,-1.448305],[-145.79039,-1.451171],[-8.282626,-1.454036],[129.225138,-1.456902],[-93.267098,-1.459768],[44.240666,-1.462634],[-178.25157,-1.465499],[-40.743806,-1.468365],[96.763958,-1.471231],[-125.728278,-1.474097],[11.779487,-1.476962],[149.287251,-1.479828],[-73.204985,-1.482694],[64.302779,-1.48556],[-158.189457,-1.488425],[-20.681693,-1.491291],[116.826071,-1.494157],[-105.666165,-1.497023],[31.841599,-1.499888],[169.349363,-1.502754],[-53.142873,-1.50562],[84.364891,-1.508486],[-138.127345,-1.511351],[-0.619581,-1.514217],[136.888183,-1.517083],[-85.604053,-1.519949],[51.903711,-1.522815],[-170.588525,-1.52568],[-33.080761,-1.528546],[104.427003,-1.531412],[-118.065232,-1.534278],[19.442532,-1.537144],[156.950296,-1.540009],[-65.54194,-1.542875],[71.965824,-1.545741],[-150.526412,-1.548607],[-13.018648,-1.551473],[124.489116,-1.554339],[-98.00312,-1.557205],[39.504644,-1.56007],[177.012408,-1.562936],[-45.479828,-1.565802],[92.027936,-1.568668],[-130.4643,-1.571534],[7.043464,-1.5744],[144.551228,-1.577266],[-77.941008,-1.580131],[59.566756,-1.582997],[-162.92548,-1.585863],[-25.417716,-1.588729],[112.090049,-1.591595],[-110.402187,-1.594461],[27.105577,-1.597327],[164.613341,-1.600193],[-57.878895,-1.603059],[79.628869,-1.605924],[-142.863367,-1.60879],[-5.355603,-1.611656],[132.152161,-1.614522],[-90.340075,-1.617388],[47.167689,-1.620254],[-175.324547,-1.62312],[-37.816783,-1.625986],[99.690981,-1.628852],[-122.801255,-1.631718],[14.706509,-1.634584],[152.214273,-1.63745],[-70.277963,-1.640316],[67.229801,-1.643182],[-155.262435,-1.646048],[-17.75467,-1.648914],[119.753094,-1.65178],[-102.739142,-1.654646],[34.768622,-1.657512],[172.276386,-1.660378],[-50.21585,-1.663244],[87.291914,-1.66611],[-135.200322,-1.668976],[2.307442,-1.671842],[139.815206,-1.674708],[-82.67703,-1.677574],[54.830734,-1.68044],[-167.661502,-1.683306],[-30.153738,-1.686172],[107.354026,-1.689038],[-115.13821,-1.691904],[22.369554,-1.69477],[159.877318,-1.697636],[-62.614918,-1.700502],[74.892846,-1.703368],[-147.599389,-1.706234],[-10.091625,-1.7091],[127.416139,-1.711966],[-95.076097,-1.714832],[42.431667,-1.717698],[179.939431,-1.720564],[-42.552805,-1.72343],[94.954959,-1.726297],[-127.537277,-1.729163],[9.970487,-1.732029],[147.478251,-1.734895],[-75.013985,-1.737761],[62.493779,-1.740627],[-159.998457,-1.743493],[-22.490693,-1.746359],[115.017071,-1.749225],[-107.475165,-1.752092],[30.032599,-1.754958],[167.540363,-1.757824],[-54.951873,-1.76069],[82.555892,-1.763556],[-139.936344,-1.766422],[-2.42858,-1.769288],[135.079184,-1.772155],[-87.413052,-1.775021],[50.094712,-1.777887],[-172.397524,-1.780753],[-34.88976,-1.783619],[102.618004,-1.786485],[-119.874232,-1.789352],[17.633532,-1.792218],[155.141296,-1.795084],[-67.35094,-1.79795],[70.156824,-1.800816],[-152.335412,-1.803683],[-14.827648,-1.806549],[122.680116,-1.809415],[-99.81212,-1.812281],[37.695644,-1.815147],[175.203408,-1.818014],[-47.288827,-1.82088],[90.218937,-1.823746],[-132.273299,-1.826612],[5.234465,-1.829479],[142.742229,-1.832345],[-79.750007,-1.835211],[57.757757,-1.838077],[-164.734479,-1.840944],[-27.226715,-1.84381],[110.281049,-1.846676],[-112.211187,-1.849542],[25.296577,-1.852409],[162.804341,-1.855275],[-59.687895,-1.858141],[77.819869,-1.861008],[-144.672367,-1.863874],[-7.164603,-1.86674],[130.343161,-1.869607],[-92.149075,-1.872473],[45.358689,-1.875339],[-177.133546,-1.878206],[-39.625782,-1.881072],[97.881982,-1.883938],[-124.610254,-1.886805],[12.89751,-1.889671],[150.405274,-1.892537],[-72.086962,-1.895404],[65.420802,-1.89827],[-157.071434,-1.901136],[-19.56367,-1.904003],[117.944094,-1.906869],[-104.548142,-1.909735],[32.959622,-1.912602],[170.467386,-1.915468],[-52.02485,-1.918335],[85.482914,-1.921201],[-137.009322,-1.924067],[0.498442,-1.926934],[138.006206,-1.9298],[-84.48603,-1.932667],[53.021735,-1.935533],[-169.470501,-1.938399],[-31.962737,-1.941266],[105.545027,-1.944132],[-116.947209,-1.946999],[20.560555,-1.949865],[158.068319,-1.952732],[-64.423917,-1.955598],[73.083847,-1.958465],[-149.408389,-1.961331],[-11.900625,-1.964198],[125.607139,-1.967064],[-96.885097,-1.969931],[40.622667,-1.972797],[178.130431,-1.975663],[-44.361805,-1.97853],[93.145959,-1.981396],[-129.346277,-1.984263],[8.161487,-1.987129],[145.669251,-1.989996],[-76.822984,-1.992863],[60.68478,-1.995729],[-161.807456,-1.998596],[-24.299692,-2.001462],[113.208072,-2.004329],[-109.284164,-2.007195],[28.2236,-2.010062],[165.731364,-2.012928],[-56.760872,-2.015795],[80.746892,-2.018661],[-141.745344,-2.021528],[-4.23758,-2.024395],[133.270184,-2.027261],[-89.222052,-2.030128],[48.285712,-2.032994],[-174.206524,-2.035861],[-36.69876,-2.038728],[100.809004,-2.041594],[-121.683232,-2.044461],[15.824532,-2.047327],[153.332297,-2.050194],[-69.159939,-2.053061],[68.347825,-2.055927],[-154.144411,-2.058794],[-16.636647,-2.061661],[120.871117,-2.064527],[-101.621119,-2.067394],[35.886645,-2.07026],[173.394409,-2.073127],[-49.097827,-2.075994],[88.409937,-2.07886],[-134.082299,-2.081727],[3.425465,-2.084594],[140.933229,-2.087461],[-81.559007,-2.090327],[55.948757,-2.093194],[-166.543479,-2.096061],[-29.035715,-2.098927],[108.472049,-2.101794],[-114.020187,-2.104661],[23.487578,-2.107528],[160.995342,-2.110394],[-61.496894,-2.113261],[76.01087,-2.116128],[-146.481366,-2.118994],[-8.973602,-2.121861],[128.534162,-2.124728],[-93.958074,-2.127595],[43.54969,-2.130462],[-178.942546,-2.133328],[-41.434782,-2.136195],[96.072982,-2.139062],[-126.419254,-2.141929],[11.08851,-2.144795],[148.596274,-2.147662],[-73.895962,-2.150529],[63.611802,-2.153396],[-158.880434,-2.156263],[-21.37267,-2.159129],[116.135094,-2.161996],[-106.357141,-2.164863],[31.150623,-2.16773],[168.658387,-2.170597],[-53.833849,-2.173464],[83.673915,-2.176331],[-138.818321,-2.179197],[-1.310557,-2.182064],[136.197207,-2.184931],[-86.295029,-2.187798],[51.212735,-2.190665],[-171.279501,-2.193532],[-33.771737,-2.196399],[103.736027,-2.199266],[-118.756209,-2.202132],[18.751555,-2.204999],[156.259319,-2.207866],[-66.232917,-2.210733],[71.274847,-2.2136],[-151.217389,-2.216467],[-13.709625,-2.219334],[123.79814,-2.222201],[-98.694096,-2.225068],[38.813668,-2.227935],[176.321432,-2.230802],[-46.170804,-2.233669],[91.33696,-2.236536],[-131.155276,-2.239403],[6.352488,-2.24227],[143.860252,-2.245137],[-78.631984,-2.248004],[58.87578,-2.250871],[-163.616456,-2.253738],[-26.108692,-2.256605],[111.399072,-2.259472],[-111.093164,-2.262339],[26.4146,-2.265206],[163.922364,-2.268073],[-58.569872,-2.27094],[78.937892,-2.273807],[-143.554344,-2.276674],[-6.046579,-2.279541],[131.461185,-2.282408],[-91.031051,-2.285275],[46.476713,-2.288142],[-176.015523,-2.291009],[-38.507759,-2.293876],[99.000005,-2.296743],[-123.492231,-2.299611],[14.015533,-2.302478],[151.523297,-2.305345],[-70.968939,-2.308212],[66.538825,-2.311079],[-155.953411,-2.313946],[-18.445647,-2.316813],[119.062117,-2.31968],[-103.430119,-2.322547],[34.077645,-2.325415],[171.585409,-2.328282],[-50.906827,-2.331149],[86.600937,-2.334016],[-135.891298,-2.336883],[1.616466,-2.33975],[139.12423,-2.342618],[-83.368006,-2.345485],[54.139758,-2.348352],[-168.352478,-2.351219],[-30.844714,-2.354086],[106.66305,-2.356954],[-115.829186,-2.359821],[21.678578,-2.362688],[159.186342,-2.365555],[-63.305894,-2.368423],[74.20187,-2.37129],[-148.290366,-2.374157],[-10.782602,-2.377024],[126.725162,-2.379892],[-95.767074,-2.382759],[41.74069,-2.385626],[179.248454,-2.388493],[-43.243782,-2.391361],[94.263983,-2.394228],[-128.228253,-2.397095],[9.279511,-2.399963],[146.787275,-2.40283],[-75.704961,-2.405697],[61.802803,-2.408564],[-160.689433,-2.411432],[-23.181669,-2.414299],[114.326095,-2.417166],[-108.166141,-2.420034],[29.341623,-2.422901],[166.849387,-2.425768],[-55.642849,-2.428636],[81.864915,-2.431503],[-140.627321,-2.434371],[-3.119557,-2.437238],[134.388207,-2.440105],[-88.104029,-2.442973],[49.403735,-2.44584],[-173.088501,-2.448708],[-35.580736,-2.451575],[101.927028,-2.454442],[-120.565208,-2.45731],[16.942556,-2.460177],[154.45032,-2.463045],[-68.041916,-2.465912],[69.465848,-2.46878],[-153.026388,-2.471647],[-15.518624,-2.474514],[121.98914,-2.477382],[-100.503096,-2.480249],[37.004668,-2.483117],[174.512432,-2.485984],[-47.979804,-2.488852],[89.52796,-2.491719],[-132.964276,-2.494587],[4.543488,-2.497454],[142.051252,-2.500322],[-80.440984,-2.503189],[57.06678,-2.506057],[-165.425455,-2.508924],[-27.917691,-2.511792],[109.590073,-2.51466],[-112.902163,-2.517527],[24.605601,-2.520395],[162.113365,-2.523262],[-60.378871,-2.52613],[77.128893,-2.528997],[-145.363343,-2.531865],[-7.855579,-2.534733],[129.652185,-2.5376],[-92.840051,-2.540468],[44.667713,-2.543335],[-177.824523,-2.546203],[-40.316759,-2.549071],[97.191005,-2.551938],[-125.301231,-2.554806],[12.206533,-2.557674],[149.714297,-2.560541],[-72.777939,-2.563409],[64.729826,-2.566276],[-157.76241,-2.569144],[-20.254646,-2.572012],[117.253118,-2.57488],[-105.239118,-2.577747],[32.268646,-2.580615],[169.77641,-2.583483],[-52.715826,-2.58635],[84.791938,-2.589218],[-137.700298,-2.592086],[-0.192534,-2.594953],[137.31523,-2.597821],[-85.177006,-2.600689],[52.330758,-2.603557],[-170.161478,-2.606424],[-32.653714,-2.609292],[104.85405,-2.61216],[-117.638186,-2.615028],[19.869578,-2.617896],[157.377342,-2.620763],[-65.114893,-2.623631],[72.392871,-2.626499],[-150.099365,-2.629367],[-12.591601,-2.632235],[124.916163,-2.635102],[-97.576073,-2.63797],[39.931691,-2.640838],[177.439455,-2.643706],[-45.052781,-2.646574],[92.454983,-2.649442],[-130.037253,-2.652309],[7.470511,-2.655177],[144.978275,-2.658045],[-77.513961,-2.660913],[59.993803,-2.663781],[-162.498433,-2.666649],[-24.990669,-2.669517],[112.517095,-2.672385],[-109.975141,-2.675252],[27.532623,-2.67812],[165.040388,-2.680988],[-57.451848,-2.683856],[80.055916,-2.686724],[-142.43632,-2.689592],[-4.928556,-2.69246],[132.579208,-2.695328],[-89.913028,-2.698196],[47.594736,-2.701064],[-174.8975,-2.703932],[-37.389736,-2.7068],[100.118028,-2.709668],[-122.374208,-2.712536],[15.133556,-2.715404],[152.64132,-2.718272],[-69.850916,-2.72114],[67.656848,-2.724008],[-154.835388,-2.726876],[-17.327624,-2.729744],[120.18014,-2.732612],[-102.312096,-2.73548],[35.195669,-2.738348],[172.703433,-2.741216],[-49.788803,-2.744084],[87.718961,-2.746952],[-134.773275,-2.749821],[2.734489,-2.752689],[140.242253,-2.755557],[-82.249983,-2.758425],[55.257781,-2.761293],[-167.234455,-2.764161],[-29.726691,-2.767029],[107.781073,-2.769897],[-114.711163,-2.772765],[22.796601,-2.775634],[160.304365,-2.778502],[-62.187871,-2.78137],[75.319893,-2.784238],[-147.172343,-2.787106],[-9.664579,-2.789975],[127.843185,-2.792843],[-94.64905,-2.795711],[42.858714,-2.798579],[-179.633522,-2.801447],[-42.125758,-2.804316],[95.382006,-2.807184],[-127.11023,-2.810052],[10.397534,-2.81292],[147.905298,-2.815788],[-74.586938,-2.818657],[62.920826,-2.821525],[-159.57141,-2.824393],[-22.063646,-2.827262],[115.444118,-2.83013],[-107.048118,-2.832998],[30.459646,-2.835866],[167.96741,-2.838735],[-54.524826,-2.841603],[82.982938,-2.844471],[-139.509298,-2.84734],[-2.001534,-2.850208],[135.506231,-2.853076],[-86.986005,-2.855945],[50.521759,-2.858813],[-171.970477,-2.861681],[-34.462713,-2.86455],[103.045051,-2.867418],[-119.447185,-2.870287],[18.060579,-2.873155],[155.568343,-2.876023],[-66.923893,-2.878892],[70.583871,-2.88176],[-151.908365,-2.884629],[-14.400601,-2.887497],[123.107163,-2.890365],[-99.385073,-2.893234],[38.122691,-2.896102],[175.630455,-2.898971],[-46.861781,-2.901839],[90.645983,-2.904708],[-131.846253,-2.907576],[5.661512,-2.910445],[143.169276,-2.913313],[-79.32296,-2.916182],[58.184804,-2.91905],[-164.307432,-2.921919],[-26.799668,-2.924787],[110.708096,-2.927656],[-111.78414,-2.930524],[25.723624,-2.933393],[163.231388,-2.936261],[-59.260848,-2.93913],[78.246916,-2.941999],[-144.24532,-2.944867],[-6.737556,-2.947736],[130.770208,-2.950604],[-91.722028,-2.953473],[45.785736,-2.956341],[-176.7065,-2.95921],[-39.198736,-2.962079],[98.309028,-2.964947],[-124.183207,-2.967816],[13.324557,-2.970685],[150.832321,-2.973553],[-71.659915,-2.976422],[65.847849,-2.979291],[-156.644387,-2.982159],[-19.136623,-2.985028],[118.371141,-2.987897],[-104.121095,-2.990765],[33.386669,-2.993634],[170.894433,-2.996503],[-51.597803,-2.999371],[85.909961,-3.00224],[-136.582275,-3.005109],[0.925489,-3.007978],[138.433253,-3.010846],[-84.058983,-3.013715],[53.448781,-3.016584],[-169.043455,-3.019453],[-31.535691,-3.022321],[105.972074,-3.02519],[-116.520162,-3.028059],[20.987602,-3.030928],[158.495366,-3.033797],[-63.99687,-3.036665],[73.510894,-3.039534],[-148.981342,-3.042403],[-11.473578,-3.045272],[126.034186,-3.048141],[-96.45805,-3.05101],[41.049714,-3.053878],[178.557478,-3.056747],[-43.934758,-3.059616],[93.573006,-3.062485],[-128.91923,-3.065354],[8.588534,-3.068223],[146.096298,-3.071092],[-76.395938,-3.073961],[61.111826,-3.07683],[-161.38041,-3.079698],[-23.872645,-3.082567],[113.635119,-3.085436],[-108.857117,-3.088305],[28.650647,-3.091174],[166.158411,-3.094043],[-56.333825,-3.096912],[81.173939,-3.099781],[-141.318297,-3.10265],[-3.810533,-3.105519],[133.697231,-3.108388],[-88.795005,-3.111257],[48.712759,-3.114126],[-173.779477,-3.116995],[-36.271713,-3.119864],[101.236051,-3.122733],[-121.256185,-3.125602],[16.251579,-3.128471],[153.759343,-3.131341],[-68.732893,-3.13421],[68.774871,-3.137079],[-153.717364,-3.139948],[-16.2096,-3.142817],[121.298164,-3.145686],[-101.194072,-3.148555],[36.313692,-3.151424],[173.821456,-3.154293],[-48.67078,-3.157163],[88.836984,-3.160032],[-133.655252,-3.162901],[3.852512,-3.16577],[141.360276,-3.168639],[-81.13196,-3.171508],[56.375804,-3.174378],[-166.116432,-3.177247],[-28.608668,-3.180116],[108.899096,-3.182985],[-113.59314,-3.185854],[23.914624,-3.188724],[161.422388,-3.191593],[-61.069848,-3.194462],[76.437917,-3.197331],[-146.054319,-3.200201],[-8.546555,-3.20307],[128.961209,-3.205939],[-93.531027,-3.208808],[43.976737,-3.211678],[-178.515499,-3.214547],[-41.007735,-3.217416],[96.500029,-3.220286],[-125.992207,-3.223155],[11.515557,-3.226024],[149.023321,-3.228894],[-73.468915,-3.231763],[64.038849,-3.234632],[-158.453387,-3.237502],[-20.945623,-3.240371],[116.562141,-3.24324],[-105.930095,-3.24611],[31.577669,-3.248979],[169.085433,-3.251849],[-53.406802,-3.254718],[84.100962,-3.257587],[-138.391274,-3.260457],[-0.88351,-3.263326],[136.624254,-3.266196],[-85.867982,-3.269065],[51.639782,-3.271935],[-170.852454,-3.274804],[-33.34469,-3.277674],[104.163074,-3.280543],[-118.329162,-3.283413],[19.178602,-3.286282],[156.686366,-3.289152],[-65.80587,-3.292021],[71.701894,-3.294891],[-150.790342,-3.29776],[-13.282578,-3.30063],[124.225186,-3.303499],[-98.26705,-3.306369],[39.240715,-3.309238],[176.748479,-3.312108],[-45.743757,-3.314978],[91.764007,-3.317847],[-130.728229,-3.320717],[6.779535,-3.323586],[144.287299,-3.326456],[-78.204937,-3.329326],[59.302827,-3.332195],[-163.189409,-3.335065],[-25.681645,-3.337935],[111.826119,-3.340804],[-110.666117,-3.343674],[26.841647,-3.346544],[164.349411,-3.349413],[-58.142825,-3.352283],[79.364939,-3.355153],[-143.127297,-3.358022],[-5.619533,-3.360892],[131.888231,-3.363762],[-90.604004,-3.366632],[46.90376,-3.369501],[-175.588476,-3.372371],[-38.080712,-3.375241],[99.427052,-3.378111],[-123.065184,-3.38098],[14.44258,-3.38385],[151.950344,-3.38672],[-70.541892,-3.38959],[66.965872,-3.39246],[-155.526364,-3.395329],[-18.0186,-3.398199],[119.489164,-3.401069],[-103.003072,-3.403939],[34.504692,-3.406809],[172.012456,-3.409679],[-50.47978,-3.412549],[87.027984,-3.415418],[-135.464252,-3.418288],[2.043512,-3.421158],[139.551277,-3.424028],[-82.940959,-3.426898],[54.566805,-3.429768],[-167.925431,-3.432638],[-30.417667,-3.435508],[107.090097,-3.438378],[-115.402139,-3.441248],[22.105625,-3.444118],[159.613389,-3.446988],[-62.878847,-3.449858],[74.628917,-3.452728],[-147.863319,-3.455598],[-10.355555,-3.458468],[127.152209,-3.461338],[-95.340027,-3.464208],[42.167737,-3.467078],[179.675501,-3.469948],[-42.816735,-3.472818],[94.691029,-3.475688],[-127.801207,-3.478558],[9.706558,-3.481428],[147.214322,-3.484298],[-75.277914,-3.487168],[62.22985,-3.490038],[-160.262386,-3.492909],[-22.754622,-3.495779],[114.753142,-3.498649],[-107.739094,-3.501519],[29.76867,-3.504389],[167.276434,-3.507259],[-55.215802,-3.510129],[82.291962,-3.513],[-140.200274,-3.51587],[-2.69251,-3.51874],[134.815254,-3.52161],[-87.676982,-3.52448],[49.830782,-3.527351],[-172.661454,-3.530221],[-35.15369,-3.533091],[102.354074,-3.535961],[-120.138161,-3.538832],[17.369603,-3.541702],[154.877367,-3.544572],[-67.614869,-3.547442],[69.892895,-3.550313],[-152.599341,-3.553183],[-15.091577,-3.556053],[122.416187,-3.558924],[-100.076049,-3.561794],[37.431715,-3.564664],[174.939479,-3.567535],[-47.552757,-3.570405],[89.955007,-3.573275],[-132.537229,-3.576146],[4.970535,-3.579016],[142.478299,-3.581886],[-80.013937,-3.584757],[57.493827,-3.587627],[-164.998409,-3.590498],[-27.490645,-3.593368],[110.01712,-3.596239],[-112.475116,-3.599109],[25.032648,-3.601979],[162.540412,-3.60485],[-59.951824,-3.60772],[77.55594,-3.610591],[-144.936296,-3.613461],[-7.428532,-3.616332],[130.079232,-3.619202],[-92.413004,-3.622073],[45.09476,-3.624943],[-177.397476,-3.627814],[-39.889712,-3.630685],[97.618052,-3.633555],[-124.874184,-3.636426],[12.63358,-3.639296],[150.141344,-3.642167],[-72.350892,-3.645037],[65.156872,-3.647908],[-157.335364,-3.650779],[-19.827599,-3.653649],[117.680165,-3.65652],[-104.812071,-3.659391],[32.695693,-3.662261],[170.203457,-3.665132],[-52.288779,-3.668002],[85.218985,-3.670873],[-137.273251,-3.673744],[0.234513,-3.676615],[137.742277,-3.679485],[-84.749959,-3.682356],[52.757805,-3.685227],[-169.734431,-3.688097],[-32.226667,-3.690968],[105.281097,-3.693839],[-117.211139,-3.69671],[20.296625,-3.69958],[157.804389,-3.702451],[-64.687847,-3.705322],[72.819917,-3.708193],[-149.672318,-3.711064],[-12.164554,-3.713934],[125.34321,-3.716805],[-97.149026,-3.719676],[40.358738,-3.722547],[177.866502,-3.725418],[-44.625734,-3.728289],[92.88203,-3.731159],[-129.610206,-3.73403],[7.897558,-3.736901],[145.405322,-3.739772],[-77.086914,-3.742643],[60.42085,-3.745514],[-162.071386,-3.748385],[-24.563622,-3.751256],[112.944142,-3.754127],[-109.548094,-3.756998],[27.95967,-3.759869],[165.467434,-3.76274],[-57.024802,-3.765611],[80.482963,-3.768482],[-142.009273,-3.771353],[-4.501509,-3.774224],[133.006255,-3.777095],[-89.485981,-3.779966],[48.021783,-3.782837],[-174.470453,-3.785708],[-36.962689,-3.788579],[100.545075,-3.79145],[-121.947161,-3.794321],[15.560603,-3.797192],[153.068367,-3.800063],[-69.423869,-3.802934],[68.083895,-3.805805],[-154.408341,-3.808676],[-16.900577,-3.811548],[120.607187,-3.814419],[-101.885049,-3.81729],[35.622715,-3.820161],[173.130479,-3.823032],[-49.361756,-3.825903],[88.146008,-3.828775],[-134.346228,-3.831646],[3.161536,-3.834517],[140.6693,-3.837388],[-81.822936,-3.84026],[55.684828,-3.843131],[-166.807408,-3.846002],[-29.299644,-3.848873],[108.20812,-3.851745],[-114.284116,-3.854616],[23.223648,-3.857487],[160.731412,-3.860358],[-61.760824,-3.86323],[75.74694,-3.866101],[-146.745296,-3.868972],[-9.237532,-3.871844],[128.270232,-3.874715],[-94.222004,-3.877586],[43.28576,-3.880458],[-179.206475,-3.883329],[-41.698711,-3.886201],[95.809053,-3.889072],[-126.683183,-3.891943],[10.824581,-3.894815],[148.332345,-3.897686],[-74.159891,-3.900558],[63.347873,-3.903429],[-159.144363,-3.9063],[-21.636599,-3.909172],[115.871165,-3.912043],[-106.621071,-3.914915],[30.886693,-3.917786],[168.394457,-3.920658],[-54.097779,-3.923529],[83.409985,-3.926401],[-139.082251,-3.929272],[-1.574487,-3.932144],[135.933277,-3.935016],[-86.558959,-3.937887],[50.948806,-3.940759],[-171.54343,-3.94363],[-34.035666,-3.946502],[103.472098,-3.949374],[-119.020138,-3.952245],[18.487626,-3.955117],[155.99539,-3.957988],[-66.496846,-3.96086],[71.010918,-3.963732],[-151.481318,-3.966603],[-13.973554,-3.969475],[123.53421,-3.972347],[-98.958026,-3.975218],[38.549738,-3.97809],[176.057502,-3.980962],[-46.434734,-3.983834],[91.07303,-3.986705],[-131.419206,-3.989577],[6.088558,-3.992449],[143.596322,-3.995321],[-78.895913,-3.998192],[58.611851,-4.001064],[-163.880385,-4.003936],[-26.372621,-4.006808],[111.135143,-4.009679],[-111.357093,-4.012551],[26.150671,-4.015423],[163.658435,-4.018295],[-58.833801,-4.021167],[78.673963,-4.024039],[-143.818273,-4.026911],[-6.310509,-4.029782],[131.197255,-4.032654],[-91.294981,-4.035526],[46.212783,-4.038398],[-176.279453,-4.04127],[-38.771689,-4.044142],[98.736075,-4.047014],[-123.756161,-4.049886],[13.751603,-4.052758],[151.259368,-4.05563],[-71.232868,-4.058502],[66.274896,-4.061374],[-156.21734,-4.064246],[-18.709576,-4.067118],[118.798188,-4.06999],[-103.694048,-4.072862],[33.813716,-4.075734],[171.32148,-4.078606],[-51.170756,-4.081478],[86.337008,-4.08435],[-136.155228,-4.087222],[1.352536,-4.090094],[138.8603,-4.092966],[-83.631936,-4.095839],[53.875828,-4.098711],[-168.616408,-4.101583],[-31.108644,-4.104455],[106.39912,-4.107327],[-116.093116,-4.110199],[21.414649,-4.113072],[158.922413,-4.115944],[-63.569823,-4.118816],[73.937941,-4.121688],[-148.554295,-4.12456],[-11.046531,-4.127433],[126.461233,-4.130305],[-96.031003,-4.133177],[41.476761,-4.136049],[178.984525,-4.138922],[-43.507711,-4.141794],[94.000053,-4.144666],[-128.492183,-4.147539],[9.015581,-4.150411],[146.523345,-4.153283],[-75.968891,-4.156156],[61.538873,-4.159028],[-160.953363,-4.1619],[-23.445599,-4.164773],[114.062165,-4.167645],[-108.43007,-4.170517],[29.077694,-4.17339],[166.585458,-4.176262],[-55.906778,-4.179135],[81.600986,-4.182007],[-140.89125,-4.184879],[-3.383486,-4.187752],[134.124278,-4.190624],[-88.367958,-4.193497],[49.139806,-4.196369],[-173.35243,-4.199242],[-35.844666,-4.202114],[101.663098,-4.204987],[-120.829138,-4.207859],[16.678626,-4.210732],[154.18639,-4.213604],[-68.305846,-4.216477],[69.201918,-4.21935],[-153.290318,-4.222222],[-15.782554,-4.225095],[121.725211,-4.227967],[-100.767025,-4.23084],[36.740739,-4.233713],[174.248503,-4.236585],[-48.243733,-4.239458],[89.264031,-4.242331],[-133.228205,-4.245203],[4.279559,-4.248076],[141.787323,-4.250949],[-80.704913,-4.253821],[56.802851,-4.256694],[-165.689385,-4.259567],[-28.181621,-4.262439],[109.326143,-4.265312],[-113.166093,-4.268185],[24.341671,-4.271058],[161.849435,-4.27393],[-60.642801,-4.276803],[76.864963,-4.279676],[-145.627273,-4.282549],[-8.119508,-4.285422],[129.388256,-4.288294],[-93.10398,-4.291167],[44.403784,-4.29404],[-178.088452,-4.296913],[-40.580688,-4.299786],[96.927076,-4.302659],[-125.56516,-4.305532],[11.942604,-4.308405],[149.450368,-4.311277],[-73.041868,-4.31415],[64.465896,-4.317023],[-158.02634,-4.319896],[-20.518576,-4.322769],[116.989188,-4.325642],[-105.503048,-4.328515],[32.004716,-4.331388],[169.51248,-4.334261],[-52.979756,-4.337134],[84.528008,-4.340007],[-137.964227,-4.34288],[-0.456463,-4.345753],[137.051301,-4.348626],[-85.440935,-4.351499],[52.066829,-4.354372],[-170.425407,-4.357246],[-32.917643,-4.360119],[104.590121,-4.362992],[-117.902115,-4.365865],[19.605649,-4.368738],[157.113413,-4.371611],[-65.378823,-4.374484],[72.128941,-4.377357],[-150.363295,-4.380231],[-12.855531,-4.383104],[124.652233,-4.385977],[-97.840003,-4.38885],[39.667761,-4.391723],[177.175525,-4.394597],[-45.316711,-4.39747],[92.191054,-4.400343],[-130.301182,-4.403216],[7.206582,-4.40609],[144.714346,-4.408963],[-77.77789,-4.411836],[59.729874,-4.41471],[-162.762362,-4.417583],[-25.254598,-4.420456],[112.253166,-4.42333],[-110.23907,-4.426203],[27.268694,-4.429076],[164.776458,-4.43195],[-57.715778,-4.434823],[79.791986,-4.437696],[-142.70025,-4.44057],[-5.192486,-4.443443],[132.315278,-4.446317],[-90.176958,-4.44919],[47.330806,-4.452064],[-175.16143,-4.454937],[-37.653665,-4.457811],[99.854099,-4.460684],[-122.638137,-4.463558],[14.869627,-4.466431],[152.377391,-4.469305],[-70.114845,-4.472178],[67.392919,-4.475052],[-155.099317,-4.477925],[-17.591553,-4.480799],[119.916211,-4.483672],[-102.576025,-4.486546],[34.931739,-4.48942],[172.439503,-4.492293],[-50.052733,-4.495167],[87.455031,-4.49804],[-135.037205,-4.500914],[2.470559,-4.503788],[139.978323,-4.506661],[-82.513913,-4.509535],[54.993851,-4.512409],[-167.498384,-4.515282],[-29.99062,-4.518156],[107.517144,-4.52103],[-114.975092,-4.523904],[22.532672,-4.526777],[160.040436,-4.529651],[-62.4518,-4.532525],[75.055964,-4.535399],[-147.436272,-4.538272],[-9.928508,-4.541146],[127.579256,-4.54402],[-94.91298,-4.546894],[42.594784,-4.549768],[-179.897452,-4.552642],[-42.389688,-4.555515],[95.118076,-4.558389],[-127.37416,-4.561263],[10.133604,-4.564137],[147.641368,-4.567011],[-74.850868,-4.569885],[62.656897,-4.572759],[-159.835339,-4.575633],[-22.327575,-4.578507],[115.180189,-4.581381],[-107.312047,-4.584255],[30.195717,-4.587129],[167.703481,-4.590003],[-54.788755,-4.592877],[82.719009,-4.595751],[-139.773227,-4.598625],[-2.265463,-4.601499],[135.242301,-4.604373],[-87.249935,-4.607247],[50.257829,-4.610121],[-172.234407,-4.612995],[-34.726643,-4.615869],[102.781121,-4.618743],[-119.711115,-4.621618],[17.796649,-4.624492],[155.304413,-4.627366],[-67.187822,-4.63024],[70.319942,-4.633114],[-152.172294,-4.635988],[-14.66453,-4.638863],[122.843234,-4.641737],[-99.649002,-4.644611],[37.858762,-4.647485],[175.366526,-4.650359],[-47.12571,-4.653234],[90.382054,-4.656108],[-132.110182,-4.658982],[5.397582,-4.661857],[142.905346,-4.664731],[-79.58689,-4.667605],[57.920874,-4.670479],[-164.571362,-4.673354],[-27.063598,-4.676228],[110.444166,-4.679103],[-112.04807,-4.681977],[25.459694,-4.684851],[162.967459,-4.687726],[-59.524777,-4.6906],[77.982987,-4.693475],[-144.509249,-4.696349],[-7.001485,-4.699223],[130.506279,-4.702098],[-91.985957,-4.704972],[45.521807,-4.707847],[-176.970429,-4.710721],[-39.462665,-4.713596],[98.045099,-4.71647],[-124.447137,-4.719345],[13.060627,-4.722219],[150.568391,-4.725094],[-71.923845,-4.727969],[65.583919,-4.730843],[-156.908317,-4.733718],[-19.400553,-4.736592],[118.107211,-4.739467],[-104.385025,-4.742342],[33.12274,-4.745216],[170.630504,-4.748091],[-51.861732,-4.750965],[85.646032,-4.75384],[-136.846204,-4.756715],[0.66156,-4.75959],[138.169324,-4.762464],[-84.322912,-4.765339],[53.184852,-4.768214],[-169.307384,-4.771088],[-31.79962,-4.773963],[105.708144,-4.776838],[-116.784092,-4.779713],[20.723672,-4.782588],[158.231436,-4.785462],[-64.2608,-4.788337],[73.246964,-4.791212],[-149.245272,-4.794087],[-11.737508,-4.796962],[125.770256,-4.799837],[-96.721979,-4.802711],[40.785785,-4.805586],[178.293549,-4.808461],[-44.198687,-4.811336],[93.309077,-4.814211],[-129.183159,-4.817086],[8.324605,-4.819961],[145.832369,-4.822836],[-76.659867,-4.825711],[60.847897,-4.828586],[-161.644339,-4.831461],[-24.136575,-4.834336],[113.371189,-4.837211],[-109.121047,-4.840086],[28.386717,-4.842961],[165.894481,-4.845836],[-56.597755,-4.848711],[80.910009,-4.851586],[-141.582227,-4.854461],[-4.074463,-4.857336],[133.433302,-4.860211],[-89.058934,-4.863087],[48.44883,-4.865962],[-174.043406,-4.868837],[-36.535642,-4.871712],[100.972122,-4.874587],[-121.520114,-4.877462],[15.98765,-4.880338],[153.495414,-4.883213],[-68.996822,-4.886088],[68.510942,-4.888963],[-153.981294,-4.891839],[-16.47353,-4.894714],[121.034234,-4.897589],[-101.458002,-4.900464],[36.049762,-4.90334],[173.557526,-4.906215],[-48.93471,-4.90909],[88.573054,-4.911966],[-133.919182,-4.914841],[3.588583,-4.917716],[141.096347,-4.920592],[-81.395889,-4.923467],[56.111875,-4.926343],[-166.380361,-4.929218],[-28.872597,-4.932094],[108.635167,-4.934969],[-113.857069,-4.937844],[23.650695,-4.94072],[161.158459,-4.943595],[-61.333777,-4.946471],[76.173987,-4.949346],[-146.318249,-4.952222],[-8.810485,-4.955097],[128.697279,-4.957973],[-93.794957,-4.960848],[43.712807,-4.963724],[-178.779429,-4.9666],[-41.271665,-4.969475],[96.236099,-4.972351],[-126.256136,-4.975226],[11.251628,-4.978102],[148.759392,-4.980978],[-73.732844,-4.983853],[63.77492,-4.986729],[-158.717316,-4.989605],[-21.209552,-4.99248],[116.298212,-4.995356],[-106.194024,-4.998232],[31.31374,-5.001108],[168.821504,-5.003983],[-53.670732,-5.006859],[83.837032,-5.009735],[-138.655204,-5.012611],[-1.14744,-5.015486],[136.360324,-5.018362],[-86.131912,-5.021238],[51.375852,-5.024114],[-171.116384,-5.02699],[-33.60862,-5.029866],[103.899145,-5.032741],[-118.593091,-5.035617],[18.914673,-5.038493],[156.422437,-5.041369],[-66.069799,-5.044245],[71.437965,-5.047121],[-151.054271,-5.049997],[-13.546507,-5.052873],[123.961257,-5.055749],[-98.530979,-5.058625],[38.976785,-5.061501],[176.484549,-5.064377],[-46.007687,-5.067253],[91.500077,-5.070129],[-130.992159,-5.073005],[6.515605,-5.075881],[144.023369,-5.078757],[-78.468867,-5.081633],[59.038897,-5.084509],[-163.453339,-5.087385],[-25.945574,-5.090262],[111.56219,-5.093138],[-110.930046,-5.096014],[26.577718,-5.09889],[164.085482,-5.101766],[-58.406754,-5.104642],[79.10101,-5.107519],[-143.391226,-5.110395],[-5.883462,-5.113271],[131.624302,-5.116147],[-90.867934,-5.119023],[46.63983,-5.1219],[-175.852406,-5.124776],[-38.344642,-5.127652],[99.163122,-5.130529],[-123.329114,-5.133405],[14.17865,-5.136281],[151.686414,-5.139158],[-70.805822,-5.142034],[66.701942,-5.14491],[-155.790293,-5.147787],[-18.282529,-5.150663],[119.225235,-5.15354],[-103.267001,-5.156416],[34.240763,-5.159292],[171.748527,-5.162169],[-50.743709,-5.165045],[86.764055,-5.167922],[-135.728181,-5.170798],[1.779583,-5.173675],[139.287347,-5.176551],[-83.204889,-5.179428],[54.302875,-5.182304],[-168.189361,-5.185181],[-30.681597,-5.188057],[106.826167,-5.190934],[-115.666069,-5.193811],[21.841695,-5.196687],[159.349459,-5.199564],[-63.142777,-5.202441],[74.364988,-5.205317],[-148.127248,-5.208194],[-10.619484,-5.211071],[126.88828,-5.213947],[-95.603956,-5.216824],[41.903808,-5.219701],[179.411572,-5.222577],[-43.080664,-5.225454],[94.4271,-5.228331],[-128.065136,-5.231208],[9.442628,-5.234084],[146.950392,-5.236961],[-75.541844,-5.239838],[61.96592,-5.242715],[-160.526316,-5.245592],[-23.018552,-5.248468],[114.489212,-5.251345],[-108.003024,-5.254222],[29.50474,-5.257099],[167.012504,-5.259976],[-55.479731,-5.262853],[82.028033,-5.26573],[-140.464203,-5.268607],[-2.956439,-5.271484],[134.551325,-5.274361],[-87.940911,-5.277238],[49.566853,-5.280115],[-172.925383,-5.282992],[-35.417619,-5.285869],[102.090145,-5.288746],[-120.402091,-5.291623],[17.105673,-5.2945],[154.613437,-5.297377],[-67.878799,-5.300254],[69.628965,-5.303131],[-152.863271,-5.306008],[-15.355507,-5.308885],[122.152257,-5.311762],[-100.339979,-5.31464],[37.167785,-5.317517],[174.67555,-5.320394],[-47.816686,-5.323271],[89.691078,-5.326148],[-132.801158,-5.329025],[4.706606,-5.331903],[142.21437,-5.33478],[-80.277866,-5.337657],[57.229898,-5.340534],[-165.262338,-5.343412],[-27.754574,-5.346289],[109.75319,-5.349166],[-112.739046,-5.352044],[24.768718,-5.354921],[162.276482,-5.357798],[-60.215754,-5.360676],[77.29201,-5.363553],[-145.200226,-5.366431],[-7.692462,-5.369308],[129.815302,-5.372185],[-92.676934,-5.375063],[44.830831,-5.37794],[-177.661405,-5.380818],[-40.153641,-5.383695],[97.354123,-5.386573],[-125.138113,-5.38945],[12.369651,-5.392328],[149.877415,-5.395205],[-72.614821,-5.398083],[64.892943,-5.40096],[-157.599293,-5.403838],[-20.091529,-5.406715],[117.416235,-5.409593],[-105.076001,-5.412471],[32.431763,-5.415348],[169.939527,-5.418226],[-52.552709,-5.421104],[84.955055,-5.423981],[-137.537181,-5.426859],[-0.029417,-5.429737],[137.478347,-5.432614],[-85.013888,-5.435492],[52.493876,-5.43837],[-169.99836,-5.441248],[-32.490596,-5.444125],[105.017168,-5.447003],[-117.475068,-5.449881],[20.032696,-5.452759],[157.54046,-5.455637],[-64.951776,-5.458514],[72.555988,-5.461392],[-149.936248,-5.46427],[-12.428484,-5.467148],[125.07928,-5.470026],[-97.412956,-5.472904],[40.094808,-5.475782],[177.602572,-5.47866],[-44.889664,-5.481538],[92.6181,-5.484415],[-129.874136,-5.487293],[7.633628,-5.490171],[145.141393,-5.493049],[-77.350843,-5.495927],[60.156921,-5.498805],[-162.335315,-5.501684],[-24.827551,-5.504562],[112.680213,-5.50744],[-109.812023,-5.510318],[27.695741,-5.513196],[165.203505,-5.516074],[-57.288731,-5.518952],[80.219033,-5.52183],[-142.273203,-5.524708],[-4.765439,-5.527586],[132.742325,-5.530465],[-89.749911,-5.533343],[47.757853,-5.536221],[-174.734383,-5.539099],[-37.226619,-5.541978],[100.281145,-5.544856],[-122.211091,-5.547734],[15.296674,-5.550612],[152.804438,-5.553491],[-69.687798,-5.556369],[67.819966,-5.559247],[-154.67227,-5.562126],[-17.164506,-5.565004],[120.343258,-5.567882],[-102.148978,-5.570761],[35.358786,-5.573639],[172.86655,-5.576517],[-49.625686,-5.579396],[87.882078,-5.582274],[-134.610158,-5.585153],[2.897606,-5.588031],[140.40537,-5.59091],[-82.086866,-5.593788],[55.420898,-5.596667],[-167.071338,-5.599545],[-29.563574,-5.602424],[107.94419,-5.605302],[-114.548045,-5.608181],[22.959719,-5.611059],[160.467483,-5.613938],[-62.024753,-5.616817],[75.483011,-5.619695],[-147.009225,-5.622574],[-9.501461,-5.625453],[128.006303,-5.628331],[-94.485933,-5.63121],[43.021831,-5.634089],[-179.470405,-5.636967],[-41.962641,-5.639846],[95.545123,-5.642725],[-126.947113,-5.645603],[10.560651,-5.648482],[148.068415,-5.651361],[-74.423821,-5.65424],[63.083943,-5.657119],[-159.408293,-5.659997],[-21.900529,-5.662876],[115.607236,-5.665755],[-106.885,-5.668634],[30.622764,-5.671513],[168.130528,-5.674392],[-54.361708,-5.677271],[83.146056,-5.680149],[-139.34618,-5.683028],[-1.838416,-5.685907],[135.669348,-5.688786],[-86.822888,-5.691665],[50.684876,-5.694544],[-171.80736,-5.697423],[-34.299596,-5.700302],[103.208168,-5.703181],[-119.284068,-5.70606],[18.223696,-5.708939],[155.73146,-5.711819],[-66.760776,-5.714698],[70.746988,-5.717577],[-151.745248,-5.720456],[-14.237483,-5.723335],[123.270281,-5.726214],[-99.221955,-5.729093],[38.285809,-5.731972],[175.793573,-5.734852],[-46.698663,-5.737731],[90.809101,-5.74061],[-131.683135,-5.743489],[5.824629,-5.746369],[143.332393,-5.749248],[-79.159843,-5.752127],[58.347921,-5.755006],[-164.144315,-5.757886],[-26.636551,-5.760765],[110.871213,-5.763644],[-111.621023,-5.766524],[25.886741,-5.769403],[163.394505,-5.772282],[-59.097731,-5.775162],[78.410033,-5.778041],[-144.082202,-5.780921],[-6.574438,-5.7838],[130.933326,-5.78668],[-91.55891,-5.789559],[45.948854,-5.792439],[-176.543382,-5.795318],[-39.035618,-5.798198],[98.472146,-5.801077],[-124.02009,-5.803957],[13.487674,-5.806836],[150.995438,-5.809716],[-71.496798,-5.812595],[66.010966,-5.815475],[-156.48127,-5.818355],[-18.973506,-5.821234],[118.534258,-5.824114],[-103.957978,-5.826994],[33.549786,-5.829873],[171.05755,-5.832753],[-51.434686,-5.835633],[86.073079,-5.838512],[-136.419157,-5.841392],[1.088607,-5.844272],[138.596371,-5.847152],[-83.895865,-5.850031],[53.611899,-5.852911],[-168.880337,-5.855791],[-31.372573,-5.858671],[106.135191,-5.861551],[-116.357045,-5.86443],[21.150719,-5.86731],[158.658483,-5.87019],[-63.833753,-5.87307],[73.674011,-5.87595],[-148.818225,-5.87883],[-11.310461,-5.88171],[126.197303,-5.88459],[-96.294933,-5.88747],[41.212831,-5.89035],[178.720595,-5.89323],[-43.77164,-5.89611],[93.736124,-5.89899],[-128.756112,-5.90187],[8.751652,-5.90475],[146.259416,-5.90763],[-76.23282,-5.91051],[61.274944,-5.91339],[-161.217292,-5.91627],[-23.709528,-5.919151],[113.798236,-5.922031],[-108.694,-5.924911],[28.813764,-5.927791],[166.321528,-5.930671],[-56.170708,-5.933551],[81.337056,-5.936432],[-141.15518,-5.939312],[-3.647416,-5.942192],[133.860348,-5.945072],[-88.631888,-5.947953],[48.875876,-5.950833],[-173.616359,-5.953713],[-36.108595,-5.956594],[101.399169,-5.959474],[-121.093067,-5.962354],[16.414697,-5.965235],[153.922461,-5.968115],[-68.569775,-5.970996],[68.937989,-5.973876],[-153.554247,-5.976756],[-16.046483,-5.979637],[121.461281,-5.982517],[-101.030955,-5.985398],[36.476809,-5.988278],[173.984573,-5.991159],[-48.507663,-5.994039],[89.000101,-5.99692],[-133.492135,-5.9998],[4.015629,-6.002681],[141.523393,-6.005562],[-80.968843,-6.008442],[56.538922,-6.011323],[-165.953314,-6.014204],[-28.44555,-6.017084],[109.062214,-6.019965],[-113.430022,-6.022846],[24.077742,-6.025726],[161.585506,-6.028607],[-60.90673,-6.031488],[76.601034,-6.034368],[-145.891202,-6.037249],[-8.383438,-6.04013],[129.124326,-6.043011],[-93.36791,-6.045892],[44.139854,-6.048772],[-178.352382,-6.051653],[-40.844618,-6.054534],[96.663146,-6.057415],[-125.82909,-6.060296],[11.678674,-6.063177],[149.186438,-6.066058],[-73.305797,-6.068939],[64.201967,-6.071819],[-158.290269,-6.0747],[-20.782505,-6.077581],[116.725259,-6.080462],[-105.766977,-6.083343],[31.740787,-6.086224],[169.248551,-6.089105],[-53.243685,-6.091986],[84.264079,-6.094868],[-138.228157,-6.097749],[-0.720393,-6.10063],[136.787371,-6.103511],[-85.704865,-6.106392],[51.802899,-6.109273],[-170.689337,-6.112154],[-33.181573,-6.115035],[104.326191,-6.117917],[-118.166045,-6.120798],[19.341719,-6.123679],[156.849484,-6.12656],[-65.642752,-6.129442],[71.865012,-6.132323],[-150.627224,-6.135204],[-13.11946,-6.138085],[124.388304,-6.140967],[-98.103932,-6.143848],[39.403832,-6.146729],[176.911596,-6.149611],[-45.58064,-6.152492],[91.927124,-6.155374],[-130.565112,-6.158255],[6.942652,-6.161136],[144.450416,-6.164018],[-78.04182,-6.166899],[59.465944,-6.169781],[-163.026292,-6.172662],[-25.518528,-6.175544],[111.989236,-6.178425],[-110.503,-6.181307],[27.004765,-6.184188],[164.512529,-6.18707],[-57.979707,-6.189951],[79.528057,-6.192833],[-142.964179,-6.195715],[-5.456415,-6.198596],[132.051349,-6.201478],[-90.440887,-6.20436],[47.066877,-6.207241],[-175.425359,-6.210123],[-37.917595,-6.213005],[99.590169,-6.215886],[-122.902067,-6.218768],[14.605697,-6.22165],[152.113461,-6.224532],[-70.378775,-6.227413],[67.128989,-6.230295],[-155.363247,-6.233177],[-17.855483,-6.236059],[119.652281,-6.238941],[-102.839954,-6.241823],[34.66781,-6.244705],[172.175574,-6.247586],[-50.316662,-6.250468],[87.191102,-6.25335],[-135.301134,-6.256232],[2.20663,-6.259114],[139.714394,-6.261996],[-82.777842,-6.264878],[54.729922,-6.26776],[-167.762314,-6.270642],[-30.25455,-6.273524],[107.253214,-6.276406],[-115.239022,-6.279288],[22.268742,-6.28217],[159.776506,-6.285053],[-62.71573,-6.287935],[74.792034,-6.290817],[-147.700202,-6.293699],[-10.192438,-6.296581],[127.315327,-6.299463],[-95.176909,-6.302345],[42.330855,-6.305228],[179.838619,-6.30811],[-42.653617,-6.310992],[94.854147,-6.313874],[-127.638089,-6.316757],[9.869675,-6.319639],[147.377439,-6.322521],[-75.114797,-6.325404],[62.392967,-6.328286],[-160.099269,-6.331168],[-22.591505,-6.334051],[114.916259,-6.336933],[-107.575977,-6.339816],[29.931787,-6.342698],[167.439551,-6.34558],[-55.052685,-6.348463],[82.455079,-6.351345],[-140.037157,-6.354228],[-2.529392,-6.35711],[134.978372,-6.359993],[-87.513864,-6.362875],[49.9939,-6.365758],[-172.498336,-6.368641],[-34.990572,-6.371523],[102.517192,-6.374406],[-119.975044,-6.377288],[17.53272,-6.380171],[155.040484,-6.383054],[-67.451752,-6.385936],[70.056012,-6.388819],[-152.436224,-6.391702],[-14.92846,-6.394584],[122.579304,-6.397467],[-99.912932,-6.40035],[37.594832,-6.403233],[175.102596,-6.406115],[-47.38964,-6.408998],[90.118124,-6.411881],[-132.374111,-6.414764],[5.133653,-6.417647],[142.641417,-6.42053],[-79.850819,-6.423412],[57.656945,-6.426295],[-164.835291,-6.429178],[-27.327527,-6.432061],[110.180237,-6.434944],[-112.311999,-6.437827],[25.195765,-6.44071],[162.703529,-6.443593],[-59.788707,-6.446476],[77.719057,-6.449359],[-144.773179,-6.452242],[-7.265415,-6.455125],[130.242349,-6.458008],[-92.249887,-6.460891],[45.257877,-6.463774],[-177.234359,-6.466658],[-39.726595,-6.469541],[97.78117,-6.472424],[-124.711066,-6.475307],[12.796698,-6.47819],[150.304462,-6.481073],[-72.187774,-6.483957],[65.31999,-6.48684],[-157.172246,-6.489723],[-19.664482,-6.492606],[117.843282,-6.49549],[-104.648954,-6.498373],[32.85881,-6.501256],[170.366574,-6.50414],[-52.125662,-6.507023],[85.382102,-6.509906],[-137.110134,-6.51279],[0.39763,-6.515673],[137.905394,-6.518557],[-84.586842,-6.52144],[52.920922,-6.524324],[-169.571314,-6.527207],[-32.063549,-6.53009],[105.444215,-6.532974],[-117.048021,-6.535857],[20.459743,-6.538741],[157.967507,-6.541625],[-64.524729,-6.544508],[72.983035,-6.547392],[-149.509201,-6.550275],[-12.001437,-6.553159],[125.506327,-6.556043],[-96.985909,-6.558926],[40.521855,-6.56181],[178.029619,-6.564694],[-44.462617,-6.567577],[93.045147,-6.570461],[-129.447089,-6.573345],[8.060675,-6.576229],[145.568439,-6.579112],[-76.923797,-6.581996],[60.583967,-6.58488],[-161.908268,-6.587764],[-24.400504,-6.590648],[113.10726,-6.593531],[-109.384976,-6.596415],[28.122788,-6.599299],[165.630552,-6.602183],[-56.861684,-6.605067],[80.64608,-6.607951],[-141.846156,-6.610835],[-4.338392,-6.613719],[133.169372,-6.616603],[-89.322864,-6.619487],[48.1849,-6.622371],[-174.307336,-6.625255],[-36.799572,-6.628139],[100.708192,-6.631023],[-121.784044,-6.633907],[15.72372,-6.636791],[153.231484,-6.639675],[-69.260752,-6.64256],[68.247013,-6.645444],[-154.245223,-6.648328],[-16.737459,-6.651212],[120.770305,-6.654096],[-101.721931,-6.65698],[35.785833,-6.659865],[173.293597,-6.662749],[-49.198639,-6.665633],[88.309125,-6.668518],[-134.183111,-6.671402],[3.324653,-6.674286],[140.832417,-6.677171],[-81.659819,-6.680055],[55.847945,-6.682939],[-166.644291,-6.685824],[-29.136527,-6.688708],[108.371237,-6.691593],[-114.120999,-6.694477],[23.386765,-6.697361],[160.894529,-6.700246],[-61.597706,-6.70313],[75.910058,-6.706015],[-146.582178,-6.708899],[-9.074414,-6.711784],[128.43335,-6.714669],[-94.058886,-6.717553],[43.448878,-6.720438],[-179.043358,-6.723322],[-41.535594,-6.726207],[95.97217,-6.729092],[-126.520066,-6.731976],[10.987698,-6.734861],[148.495462,-6.737746],[-73.996774,-6.74063],[63.51099,-6.743515],[-158.981246,-6.7464],[-21.473482,-6.749285],[116.034282,-6.75217],[-106.457954,-6.755054],[31.04981,-6.757939],[168.557575,-6.760824],[-53.934661,-6.763709],[83.573103,-6.766594],[-138.919133,-6.769479],[-1.411369,-6.772364],[136.096395,-6.775248],[-86.395841,-6.778133],[51.111923,-6.781018],[-171.380313,-6.783903],[-33.872549,-6.786788],[103.635215,-6.789673],[-118.857021,-6.792558],[18.650743,-6.795443],[156.158507,-6.798328],[-66.333729,-6.801214],[71.174035,-6.804099],[-151.318201,-6.806984],[-13.810437,-6.809869],[123.697327,-6.812754],[-98.794909,-6.815639],[38.712856,-6.818524],[176.22062,-6.82141],[-46.271616,-6.824295],[91.236148,-6.82718],[-131.256088,-6.830065],[6.251676,-6.832951],[143.75944,-6.835836],[-78.732796,-6.838721],[58.774968,-6.841607],[-163.717268,-6.844492],[-26.209504,-6.847377],[111.29826,-6.850263],[-111.193976,-6.853148],[26.313788,-6.856033],[163.821552,-6.858919],[-58.670684,-6.861804],[78.83708,-6.86469],[-143.655156,-6.867575],[-6.147392,-6.870461],[131.360372,-6.873346],[-91.131863,-6.876232],[46.375901,-6.879117],[-176.116335,-6.882003],[-38.608571,-6.884889],[98.899193,-6.887774],[-123.593043,-6.89066],[13.914721,-6.893545],[151.422485,-6.896431],[-71.069751,-6.899317],[66.438013,-6.902202],[-156.054223,-6.905088],[-18.546459,-6.907974],[118.961305,-6.91086],[-103.530931,-6.913745],[33.976833,-6.916631],[171.484597,-6.919517],[-51.007639,-6.922403],[86.500125,-6.925289],[-135.992111,-6.928174],[1.515653,-6.93106],[139.023418,-6.933946],[-83.468818,-6.936832],[54.038946,-6.939718],[-168.45329,-6.942604],[-30.945526,-6.94549],[106.562238,-6.948376],[-115.929998,-6.951262],[21.577766,-6.954148],[159.08553,-6.957034],[-63.406706,-6.95992],[74.101058,-6.962806],[-148.391178,-6.965692],[-10.883414,-6.968578],[126.62435,-6.971464],[-95.867886,-6.974351],[41.639878,-6.977237],[179.147642,-6.980123],[-43.344594,-6.983009],[94.16317,-6.985895],[-128.329066,-6.988781],[9.178699,-6.991668],[146.686463,-6.994554],[-75.805773,-6.99744],[61.701991,-7.000327],[-160.790245,-7.003213],[-23.282481,-7.006099],[114.225283,-7.008986],[-108.266953,-7.011872],[29.240811,-7.014758],[166.748575,-7.017645],[-55.743661,-7.020531],[81.764103,-7.023418],[-140.728133,-7.026304],[-3.220369,-7.02919],[134.287395,-7.032077],[-88.204841,-7.034963],[49.302923,-7.03785],[-173.189313,-7.040737],[-35.681549,-7.043623],[101.826215,-7.04651],[-120.66602,-7.049396],[16.841744,-7.052283],[154.349508,-7.05517],[-68.142728,-7.058056],[69.365036,-7.060943],[-153.1272,-7.06383],[-15.619436,-7.066716],[121.888328,-7.069603],[-100.603908,-7.07249],[36.903856,-7.075377],[174.41162,-7.078263],[-48.080616,-7.08115],[89.427148,-7.084037],[-133.065088,-7.086924],[4.442676,-7.089811],[141.95044,-7.092697],[-80.541796,-7.095584],[56.965968,-7.098471],[-165.526268,-7.101358],[-28.018503,-7.104245],[109.489261,-7.107132],[-113.002975,-7.110019],[24.504789,-7.112906],[162.012553,-7.115793],[-60.479683,-7.11868],[77.028081,-7.121567],[-145.464155,-7.124454],[-7.956391,-7.127341],[129.551373,-7.130228],[-92.940863,-7.133116],[44.566901,-7.136003],[-177.925335,-7.13889],[-40.417571,-7.141777],[97.090193,-7.144664],[-125.402043,-7.147551],[12.105721,-7.150439],[149.613485,-7.153326],[-72.878751,-7.156213],[64.629013,-7.159101],[-157.863222,-7.161988],[-20.355458,-7.164875],[117.152306,-7.167763],[-105.33993,-7.17065],[32.167834,-7.173537],[169.675598,-7.176425],[-52.816638,-7.179312],[84.691126,-7.1822],[-137.80111,-7.185087],[-0.293346,-7.187974],[137.214418,-7.190862],[-85.277818,-7.193749],[52.229946,-7.196637],[-170.26229,-7.199525],[-32.754526,-7.202412],[104.753238,-7.2053],[-117.738998,-7.208187],[19.768766,-7.211075],[157.27653,-7.213963],[-65.215706,-7.21685],[72.292059,-7.219738],[-150.200177,-7.222626],[-12.692413,-7.225513],[124.815351,-7.228401],[-97.676885,-7.231289],[39.830879,-7.234176],[177.338643,-7.237064],[-45.153593,-7.239952],[92.354171,-7.24284],[-130.138065,-7.245728],[7.369699,-7.248616],[144.877463,-7.251503],[-77.614773,-7.254391],[59.892991,-7.257279],[-162.599245,-7.260167],[-25.091481,-7.263055],[112.416283,-7.265943],[-110.075953,-7.268831],[27.431811,-7.271719],[164.939575,-7.274607],[-57.55266,-7.277495],[79.955104,-7.280383],[-142.537132,-7.283271],[-5.029368,-7.286159],[132.478396,-7.289048],[-90.01384,-7.291936],[47.493924,-7.294824],[-174.998312,-7.297712],[-37.490548,-7.3006],[100.017216,-7.303488],[-122.47502,-7.306377],[15.032744,-7.309265],[152.540508,-7.312153],[-69.951728,-7.315041],[67.556036,-7.31793],[-154.9362,-7.320818],[-17.428436,-7.323706],[120.079328,-7.326595],[-102.412908,-7.329483],[35.094856,-7.332372],[172.602621,-7.33526],[-49.889615,-7.338148],[87.618149,-7.341037],[-134.874087,-7.343925],[2.633677,-7.346814],[140.141441,-7.349702],[-82.350795,-7.352591],[55.156969,-7.355479],[-167.335267,-7.358368],[-29.827503,-7.361257],[107.680261,-7.364145],[-114.811975,-7.367034],[22.695789,-7.369923],[160.203553,-7.372811],[-62.288683,-7.3757],[75.219081,-7.378589],[-147.273155,-7.381477],[-9.765391,-7.384366],[127.742373,-7.387255],[-94.749863,-7.390144],[42.757902,-7.393032],[-179.734334,-7.395921],[-42.22657,-7.39881],[95.281194,-7.401699],[-127.211042,-7.404588],[10.296722,-7.407477],[147.804486,-7.410366],[-74.68775,-7.413254],[62.820014,-7.416143],[-159.672222,-7.419032],[-22.164458,-7.421921],[115.343306,-7.42481],[-107.14893,-7.427699],[30.358834,-7.430588],[167.866598,-7.433477],[-54.625638,-7.436367],[82.882126,-7.439256],[-139.61011,-7.442145],[-2.102346,-7.445034],[135.405418,-7.447923],[-87.086817,-7.450812],[50.420947,-7.453701],[-172.071289,-7.456591],[-34.563525,-7.45948],[102.944239,-7.462369],[-119.547997,-7.465258],[17.959767,-7.468148],[155.467531,-7.471037],[-67.024705,-7.473926],[70.483059,-7.476816],[-152.009177,-7.479705],[-14.501413,-7.482594],[123.006351,-7.485484],[-99.485885,-7.488373],[38.021879,-7.491263],[175.529643,-7.494152],[-46.962593,-7.497042],[90.545171,-7.499931],[-131.947065,-7.502821],[5.560699,-7.50571],[143.068464,-7.5086],[-79.423772,-7.511489],[58.083992,-7.514379],[-164.408244,-7.517268],[-26.90048,-7.520158],[110.607284,-7.523048],[-111.884952,-7.525937],[25.622812,-7.528827],[163.130576,-7.531717],[-59.36166,-7.534607],[78.146104,-7.537496],[-144.346132,-7.540386],[-6.838368,-7.543276],[130.669396,-7.546166],[-91.82284,-7.549056],[45.684924,-7.551945],[-176.807312,-7.554835],[-39.299548,-7.557725],[98.208216,-7.560615],[-124.28402,-7.563505],[13.223745,-7.566395],[150.731509,-7.569285],[-71.760727,-7.572175],[65.747037,-7.575065],[-156.745199,-7.577955],[-19.237435,-7.580845],[118.270329,-7.583735],[-104.221907,-7.586625],[33.285857,-7.589515],[170.793621,-7.592405],[-51.698615,-7.595295],[85.809149,-7.598186],[-136.683087,-7.601076],[0.824677,-7.603966],[138.332441,-7.606856],[-84.159795,-7.609746],[53.347969,-7.612637],[-169.144267,-7.615527],[-31.636503,-7.618417],[105.871261,-7.621307],[-116.620974,-7.624198],[20.88679,-7.627088],[158.394554,-7.629979],[-64.097682,-7.632869],[73.410082,-7.635759],[-149.082154,-7.63865],[-11.57439,-7.64154],[125.933374,-7.644431],[-96.558862,-7.647321],[40.948902,-7.650212],[178.456666,-7.653102],[-44.03557,-7.655993],[93.472194,-7.658883],[-129.020042,-7.661774],[8.487722,-7.664664],[145.995486,-7.667555],[-76.49675,-7.670446],[61.011014,-7.673336],[-161.481222,-7.676227],[-23.973458,-7.679118],[113.534307,-7.682009],[-108.957929,-7.684899],[28.549835,-7.68779],[166.057599,-7.690681],[-56.434637,-7.693572],[81.073127,-7.696462],[-141.419109,-7.699353],[-3.911345,-7.702244],[133.596419,-7.705135],[-88.895817,-7.708026],[48.611947,-7.710917],[-173.880289,-7.713808],[-36.372525,-7.716699],[101.135239,-7.71959],[-121.356997,-7.722481],[16.150767,-7.725372],[153.658531,-7.728263],[-68.833705,-7.731154],[68.674059,-7.734045],[-153.818177,-7.736936],[-16.310412,-7.739827],[121.197352,-7.742718],[-101.294884,-7.745609],[36.21288,-7.748501],[173.720644,-7.751392],[-48.771592,-7.754283],[88.736172,-7.757174],[-133.756064,-7.760066],[3.7517,-7.762957],[141.259464,-7.765848],[-81.232772,-7.768739],[56.274992,-7.771631],[-166.217244,-7.774522],[-28.70948,-7.777413],[108.798284,-7.780305],[-113.693952,-7.783196],[23.813812,-7.786088],[161.321576,-7.788979],[-61.17066,-7.791871],[76.337104,-7.794762],[-146.155131,-7.797654],[-8.647367,-7.800545],[128.860397,-7.803437],[-93.631839,-7.806328],[43.875925,-7.80922],[-178.616311,-7.812112],[-41.108547,-7.815003],[96.399217,-7.817895],[-126.093019,-7.820787],[11.414745,-7.823678],[148.922509,-7.82657],[-73.569727,-7.829462],[63.938037,-7.832353],[-158.554199,-7.835245],[-21.046435,-7.838137],[116.461329,-7.841029],[-106.030907,-7.843921],[31.476857,-7.846813],[168.984621,-7.849704],[-53.507615,-7.852596],[84.00015,-7.855488],[-138.492086,-7.85838],[-0.984322,-7.861272],[136.523442,-7.864164],[-85.968794,-7.867056],[51.53897,-7.869948],[-170.953266,-7.87284],[-33.445502,-7.875732],[104.062262,-7.878624],[-118.429974,-7.881516],[19.07779,-7.884408],[156.585554,-7.887301],[-65.906682,-7.890193],[71.601082,-7.893085],[-150.891154,-7.895977],[-13.38339,-7.898869],[124.124374,-7.901762],[-98.367862,-7.904654],[39.139902,-7.907546],[176.647666,-7.910438],[-45.844569,-7.913331],[91.663195,-7.916223],[-130.829041,-7.919115],[6.678723,-7.922008],[144.186487,-7.9249],[-78.305749,-7.927793],[59.202015,-7.930685],[-163.290221,-7.933578],[-25.782457,-7.93647],[111.725307,-7.939363],[-110.766929,-7.942255],[26.740835,-7.945148],[164.248599,-7.94804],[-58.243637,-7.950933],[79.264127,-7.953825],[-143.228109,-7.956718],[-5.720345,-7.959611],[131.787419,-7.962503],[-90.704817,-7.965396],[46.802947,-7.968289],[-175.689288,-7.971181],[-38.181524,-7.974074],[99.32624,-7.976967],[-123.165996,-7.97986],[14.341768,-7.982753],[151.849532,-7.985645],[-70.642704,-7.988538],[66.86506,-7.991431],[-155.627176,-7.994324],[-18.119412,-7.997217],[119.388352,-8.00011],[-103.103884,-8.003003],[34.40388,-8.005896],[171.911644,-8.008789],[-50.580592,-8.011682],[86.927172,-8.014575],[-135.565064,-8.017468],[1.9427,-8.020361],[139.450464,-8.023254],[-83.041772,-8.026147],[54.465993,-8.02904],[-168.026243,-8.031934],[-30.518479,-8.034827],[106.989285,-8.03772],[-115.502951,-8.040613],[22.004813,-8.043506],[159.512577,-8.0464],[-62.979659,-8.049293],[74.528105,-8.052186],[-147.964131,-8.05508],[-10.456367,-8.057973],[127.051397,-8.060866],[-95.440839,-8.06376],[42.066925,-8.066653],[179.574689,-8.069546],[-42.917547,-8.07244],[94.590217,-8.075333],[-127.902019,-8.078227],[9.605745,-8.08112],[147.113509,-8.084014],[-75.378726,-8.086907],[62.129038,-8.089801],[-160.363198,-8.092695],[-22.855434,-8.095588],[114.65233,-8.098482],[-107.839906,-8.101376],[29.667858,-8.104269],[167.175622,-8.107163],[-55.316614,-8.110057],[82.19115,-8.11295],[-140.301086,-8.115844],[-2.793322,-8.118738],[134.714442,-8.121632],[-87.777794,-8.124526],[49.72997,-8.127419],[-172.762266,-8.130313],[-35.254502,-8.133207],[102.253262,-8.136101],[-120.238974,-8.138995],[17.26879,-8.141889],[154.776555,-8.144783],[-67.715681,-8.147677],[69.792083,-8.150571],[-152.700153,-8.153465],[-15.192389,-8.156359],[122.315375,-8.159253],[-100.176861,-8.162147],[37.330903,-8.165041],[174.838667,-8.167935],[-47.653569,-8.17083],[89.854195,-8.173724],[-132.638041,-8.176618],[4.869723,-8.179512],[142.377487,-8.182406],[-80.114749,-8.185301],[57.393015,-8.188195],[-165.099221,-8.191089],[-27.591457,-8.193984],[109.916307,-8.196878],[-112.575929,-8.199772],[24.931836,-8.202667],[162.4396,-8.205561],[-60.052636,-8.208456],[77.455128,-8.21135],[-145.037108,-8.214244],[-7.529344,-8.217139],[129.97842,-8.220033],[-92.513816,-8.222928],[44.993948,-8.225823],[-177.498288,-8.228717],[-39.990524,-8.231612],[97.51724,-8.234506],[-124.974996,-8.237401],[12.532768,-8.240296],[150.040532,-8.24319],[-72.451704,-8.246085],[65.05606,-8.24898],[-157.436176,-8.251875],[-19.928412,-8.254769],[117.579352,-8.257664],[-104.912883,-8.260559],[32.594881,-8.263454],[170.102645,-8.266349],[-52.389591,-8.269243],[85.118173,-8.272138],[-137.374063,-8.275033],[0.133701,-8.277928],[137.641465,-8.280823],[-84.850771,-8.283718],[52.656993,-8.286613],[-169.835243,-8.289508],[-32.327479,-8.292403],[105.180285,-8.295298],[-117.311951,-8.298193],[20.195813,-8.301089],[157.703577,-8.303984],[-64.788659,-8.306879],[72.719105,-8.309774],[-149.773131,-8.312669],[-12.265367,-8.315564],[125.242398,-8.31846],[-97.249838,-8.321355],[40.257926,-8.32425],[177.76569,-8.327145],[-44.726546,-8.330041],[92.781218,-8.332936],[-129.711018,-8.335831],[7.796746,-8.338727],[145.30451,-8.341622],[-77.187726,-8.344518],[60.320038,-8.347413],[-162.172198,-8.350309],[-24.664434,-8.353204],[112.84333,-8.3561],[-109.648906,-8.358995],[27.858858,-8.361891],[165.366622,-8.364786],[-57.125614,-8.367682],[80.38215,-8.370578],[-142.110086,-8.373473],[-4.602321,-8.376369],[132.905443,-8.379265],[-89.586793,-8.38216],[47.920971,-8.385056],[-174.571265,-8.387952],[-37.063501,-8.390848],[100.444263,-8.393743],[-122.047973,-8.396639],[15.459791,-8.399535],[152.967555,-8.402431],[-69.524681,-8.405327],[67.983083,-8.408223],[-154.509153,-8.411119],[-17.001389,-8.414015],[120.506375,-8.416911],[-101.985861,-8.419806],[35.521903,-8.422703],[173.029667,-8.425599],[-49.462569,-8.428495],[88.045195,-8.431391],[-134.44704,-8.434287],[3.060724,-8.437183],[140.568488,-8.440079],[-81.923748,-8.442975],[55.584016,-8.445871],[-166.90822,-8.448768],[-29.400456,-8.451664],[108.107308,-8.45456],[-114.384928,-8.457456],[23.122836,-8.460353],[160.6306,-8.463249],[-61.861636,-8.466145],[75.646128,-8.469042],[-146.846108,-8.471938],[-9.338344,-8.474834],[128.16942,-8.477731],[-94.322816,-8.480627],[43.184948,-8.483524],[-179.307288,-8.48642],[-41.799524,-8.489317],[95.708241,-8.492213],[-126.783995,-8.49511],[10.723769,-8.498006],[148.231533,-8.500903],[-74.260703,-8.5038],[63.247061,-8.506696],[-159.245175,-8.509593],[-21.737411,-8.51249],[115.770353,-8.515386],[-106.721883,-8.518283],[30.785881,-8.52118],[168.293645,-8.524077],[-54.198591,-8.526973],[83.309173,-8.52987],[-139.183063,-8.532767],[-1.675299,-8.535664],[135.832465,-8.538561],[-86.659771,-8.541458],[50.847993,-8.544355],[-171.644243,-8.547252],[-34.136478,-8.550149],[103.371286,-8.553046],[-119.12095,-8.555943],[18.386814,-8.55884],[155.894578,-8.561737],[-66.597658,-8.564634],[70.910106,-8.567531],[-151.58213,-8.570428],[-14.074366,-8.573325],[123.433398,-8.576222],[-99.058838,-8.57912],[38.448926,-8.582017],[175.95669,-8.584914],[-46.535546,-8.587811],[90.972218,-8.590709],[-131.520018,-8.593606],[5.987746,-8.596503],[143.49551,-8.599401],[-78.996726,-8.602298],[58.511038,-8.605195],[-163.981197,-8.608093],[-26.473433,-8.61099],[111.034331,-8.613888],[-111.457905,-8.616785],[26.049859,-8.619683],[163.557623,-8.62258],[-58.934613,-8.625478],[78.573151,-8.628375],[-143.919085,-8.631273],[-6.411321,-8.634171],[131.096443,-8.637068],[-91.395793,-8.639966],[46.111971,-8.642864],[-176.380265,-8.645761],[-38.872501,-8.648659],[98.635263,-8.651557],[-123.856973,-8.654454],[13.650791,-8.657352],[151.158555,-8.66025],[-71.333681,-8.663148],[66.174084,-8.666046],[-156.318152,-8.668944],[-18.810388,-8.671842],[118.697376,-8.67474],[-103.79486,-8.677637],[33.712904,-8.680535],[171.220668,-8.683433],[-51.271568,-8.686331],[86.236196,-8.68923],[-136.25604,-8.692128],[1.251724,-8.695026],[138.759488,-8.697924],[-83.732748,-8.700822],[53.775016,-8.70372],[-168.71722,-8.706618],[-31.209456,-8.709516],[106.298308,-8.712415],[-116.193928,-8.715313],[21.313836,-8.718211],[158.8216,-8.721109],[-63.670635,-8.724008],[73.837129,-8.726906],[-148.655107,-8.729804],[-11.147343,-8.732703],[126.360421,-8.735601],[-96.131815,-8.7385],[41.375949,-8.741398],[178.883713,-8.744297],[-43.608523,-8.747195],[93.899241,-8.750094],[-128.592995,-8.752992],[8.914769,-8.755891],[146.422533,-8.758789],[-76.069703,-8.761688],[61.438061,-8.764586],[-161.054175,-8.767485],[-23.546411,-8.770384],[113.961353,-8.773282],[-108.530883,-8.776181],[28.976881,-8.77908],[166.484646,-8.781979],[-56.00759,-8.784877],[81.500174,-8.787776],[-140.992062,-8.790675],[-3.484298,-8.793574],[134.023466,-8.796473],[-88.46877,-8.799372],[49.038994,-8.802271],[-173.453242,-8.80517],[-35.945478,-8.808069],[101.562286,-8.810968],[-120.92995,-8.813867],[16.577814,-8.816766],[154.085578,-8.819665],[-68.406658,-8.822564],[69.101106,-8.825463],[-153.39113,-8.828362],[-15.883366,-8.831261],[121.624398,-8.83416],[-100.867838,-8.837059],[36.639927,-8.839959],[174.147691,-8.842858],[-48.344545,-8.845757],[89.163219,-8.848656],[-133.329017,-8.851556],[4.178747,-8.854455],[141.686511,-8.857354],[-80.805725,-8.860254],[56.702039,-8.863153],[-165.790197,-8.866053],[-28.282433,-8.868952],[109.225331,-8.871852],[-113.266905,-8.874751],[24.240859,-8.877651],[161.748623,-8.88055],[-60.743613,-8.88345],[76.764151,-8.886349],[-145.728085,-8.889249],[-8.220321,-8.892148],[129.287443,-8.895048],[-93.204792,-8.897948],[44.302972,-8.900848],[-178.189264,-8.903747],[-40.6815,-8.906647],[96.826264,-8.909547],[-125.665972,-8.912447],[11.841792,-8.915346],[149.349556,-8.918246],[-73.14268,-8.921146],[64.365084,-8.924046],[-158.127152,-8.926946],[-20.619388,-8.929846],[116.888376,-8.932746],[-105.60386,-8.935646],[31.903904,-8.938546],[169.411668,-8.941446],[-53.080568,-8.944346],[84.427196,-8.947246],[-138.06504,-8.950146],[-0.557276,-8.953046],[136.950489,-8.955946],[-85.541747,-8.958846],[51.966017,-8.961746],[-170.526219,-8.964647],[-33.018455,-8.967547],[104.489309,-8.970447],[-118.002927,-8.973347],[19.504837,-8.976248],[157.012601,-8.979148],[-65.479635,-8.982048],[72.028129,-8.984949],[-150.464107,-8.987849],[-12.956343,-8.99075],[124.551421,-8.99365],[-97.940815,-8.99655],[39.566949,-8.999451],[177.074713,-9.002351],[-45.417523,-9.005252],[92.090241,-9.008153],[-130.401995,-9.011053],[7.10577,-9.013954],[144.613534,-9.016854],[-77.878702,-9.019755],[59.629062,-9.022656],[-162.863174,-9.025556],[-25.35541,-9.028457],[112.152354,-9.031358],[-110.339882,-9.034259],[27.167882,-9.037159],[164.675646,-9.04006],[-57.81659,-9.042961],[79.691174,-9.045862],[-142.801062,-9.048763],[-5.293298,-9.051664],[132.214466,-9.054565],[-90.27777,-9.057465],[47.229994,-9.060366],[-175.262242,-9.063267],[-37.754478,-9.066168],[99.753286,-9.06907],[-122.738949,-9.071971],[14.768815,-9.074872],[152.276579,-9.077773],[-70.215657,-9.080674],[67.292107,-9.083575],[-155.200129,-9.086476],[-17.692365,-9.089377],[119.815399,-9.092279],[-102.676837,-9.09518],[34.830927,-9.098081],[172.338691,-9.100983],[-50.153545,-9.103884],[87.354219,-9.106785],[-135.138017,-9.109687],[2.369747,-9.112588],[139.877511,-9.115489],[-82.614725,-9.118391],[54.893039,-9.121292],[-167.599197,-9.124194],[-30.091433,-9.127095],[107.416332,-9.129997],[-115.075904,-9.132898],[22.43186,-9.1358],[159.939624,-9.138702],[-62.552612,-9.141603],[74.955152,-9.144505],[-147.537084,-9.147407],[-10.02932,-9.150308],[127.478444,-9.15321],[-95.013792,-9.156112],[42.493972,-9.159014],[-179.998264,-9.161915],[-42.4905,-9.164817],[95.017264,-9.167719],[-127.474972,-9.170621],[10.032792,-9.173523],[147.540556,-9.176425],[-74.95168,-9.179327],[62.556084,-9.182229],[-159.936152,-9.185131],[-22.428387,-9.188033],[115.079377,-9.190935],[-107.412859,-9.193837],[30.094905,-9.196739],[167.602669,-9.199641],[-54.889567,-9.202543],[82.618197,-9.205445],[-139.874039,-9.208347],[-2.366275,-9.21125],[135.141489,-9.214152],[-87.350747,-9.217054],[50.157017,-9.219956],[-172.335219,-9.222859],[-34.827455,-9.225761],[102.680309,-9.228663],[-119.811927,-9.231566],[17.695837,-9.234468],[155.203601,-9.23737],[-67.288635,-9.240273],[70.219129,-9.243175],[-152.273106,-9.246078],[-14.765342,-9.24898],[122.742422,-9.251883],[-99.749814,-9.254785],[37.75795,-9.257688],[175.265714,-9.260591],[-47.226522,-9.263493],[90.281242,-9.266396],[-132.210994,-9.269299],[5.29677,-9.272201],[142.804534,-9.275104],[-79.687702,-9.278007],[57.820062,-9.28091],[-164.672174,-9.283812],[-27.16441,-9.286715],[110.343354,-9.289618],[-112.148882,-9.292521],[25.358882,-9.295424],[162.866646,-9.298327],[-59.62559,-9.30123],[77.882175,-9.304133],[-144.610061,-9.307036],[-7.102297,-9.309939],[130.405467,-9.312842],[-92.086769,-9.315745],[45.420995,-9.318648],[-177.071241,-9.321551],[-39.563477,-9.324454],[97.944287,-9.327357],[-124.547949,-9.33026],[12.959815,-9.333164],[150.467579,-9.336067],[-72.024657,-9.33897],[65.483107,-9.341873],[-157.009129,-9.344777],[-19.501365,-9.34768],[118.006399,-9.350583],[-104.485837,-9.353487],[33.021927,-9.35639],[170.529691,-9.359294],[-51.962544,-9.362197],[85.54522,-9.365101],[-136.947016,-9.368004],[0.560748,-9.370908],[138.068512,-9.373811],[-84.423724,-9.376715],[53.08404,-9.379618],[-169.408196,-9.382522],[-31.900432,-9.385426],[105.607332,-9.388329],[-116.884904,-9.391233],[20.62286,-9.394137],[158.130624,-9.39704],[-64.361612,-9.399944],[73.146152,-9.402848],[-149.346084,-9.405752],[-11.83832,-9.408656],[125.669444,-9.411559],[-96.822792,-9.414463],[40.684972,-9.417367],[178.192737,-9.420271],[-44.299499,-9.423175],[93.208265,-9.426079],[-129.283971,-9.428983],[8.223793,-9.431887],[145.731557,-9.434791],[-76.760679,-9.437695],[60.747085,-9.440599],[-161.745151,-9.443504],[-24.237387,-9.446408],[113.270377,-9.449312],[-109.221859,-9.452216],[28.285905,-9.45512],[165.793669,-9.458025],[-56.698567,-9.460929],[80.809197,-9.463833],[-141.683039,-9.466738],[-4.175275,-9.469642],[133.332489,-9.472546],[-89.159747,-9.475451],[48.348018,-9.478355],[-174.144218,-9.48126],[-36.636454,-9.484164],[100.87131,-9.487069],[-121.620926,-9.489973],[15.886838,-9.492878],[153.394602,-9.495782],[-69.097634,-9.498687],[68.41013,-9.501591],[-154.082106,-9.504496],[-16.574342,-9.507401],[120.933422,-9.510305],[-101.558814,-9.51321],[35.94895,-9.516115],[173.456714,-9.51902],[-49.035522,-9.521924],[88.472242,-9.524829],[-134.019994,-9.527734],[3.48777,-9.530639],[140.995534,-9.533544],[-81.496701,-9.536449],[56.011063,-9.539354],[-166.481173,-9.542259],[-28.973409,-9.545164],[108.534355,-9.548069],[-113.957881,-9.550974],[23.549883,-9.553879],[161.057647,-9.556784],[-61.434589,-9.559689],[76.073175,-9.562594],[-146.419061,-9.565499],[-8.911297,-9.568405],[128.596467,-9.57131],[-93.895769,-9.574215],[43.611995,-9.57712],[-178.880241,-9.580026],[-41.372477,-9.582931],[96.135287,-9.585836],[-126.356949,-9.588742],[11.150815,-9.591647],[148.65858,-9.594552],[-73.833656,-9.597458],[63.674108,-9.600363],[-158.818128,-9.603269],[-21.310364,-9.606174],[116.1974,-9.60908],[-106.294836,-9.611985],[31.212928,-9.614891],[168.720692,-9.617797],[-53.771544,-9.620702],[83.73622,-9.623608],[-138.756016,-9.626514],[-1.248252,-9.629419],[136.259512,-9.632325],[-86.232724,-9.635231],[51.27504,-9.638137],[-171.217196,-9.641043],[-33.709432,-9.643948],[103.798332,-9.646854],[-118.693904,-9.64976],[18.813861,-9.652666],[156.321625,-9.655572],[-66.170611,-9.658478],[71.337153,-9.661384],[-151.155083,-9.66429],[-13.647319,-9.667196],[123.860445,-9.670102],[-98.631791,-9.673008],[38.875973,-9.675914],[176.383737,-9.67882],[-46.108499,-9.681727],[91.399265,-9.684633],[-131.092971,-9.687539],[6.414793,-9.690445],[143.922557,-9.693352],[-78.569679,-9.696258],[58.938085,-9.699164],[-163.554151,-9.702071],[-26.046387,-9.704977],[111.461377,-9.707883],[-111.030858,-9.71079],[26.476906,-9.713696],[163.98467,-9.716603],[-58.507566,-9.719509],[79.000198,-9.722416],[-143.492038,-9.725322],[-5.984274,-9.728229],[131.52349,-9.731135],[-90.968746,-9.734042],[46.539018,-9.736949],[-175.953218,-9.739855],[-38.445454,-9.742762],[99.06231,-9.745669],[-123.429926,-9.748575],[14.077838,-9.751482],[151.585602,-9.754389],[-70.906634,-9.757296],[66.60113,-9.760203],[-155.891106,-9.76311],[-18.383342,-9.766016],[119.124423,-9.768923],[-103.367813,-9.77183],[34.139951,-9.774737],[171.647715,-9.777644],[-50.844521,-9.780551],[86.663243,-9.783458],[-135.828993,-9.786366],[1.678771,-9.789273],[139.186535,-9.79218],[-83.305701,-9.795087],[54.202063,-9.797994],[-168.290173,-9.800901],[-30.782409,-9.803809],[106.725355,-9.806716],[-115.766881,-9.809623],[21.740883,-9.81253],[159.248647,-9.815438],[-63.243589,-9.818345],[74.264175,-9.821252],[-148.228061,-9.82416],[-10.720296,-9.827067],[126.787468,-9.829975],[-95.704768,-9.832882],[41.802996,-9.83579],[179.31076,-9.838697],[-43.181476,-9.841605],[94.326288,-9.844512],[-128.165948,-9.84742],[9.341816,-9.850328],[146.84958,-9.853235],[-75.642656,-9.856143],[61.865108,-9.859051],[-160.627128,-9.861959],[-23.119364,-9.864866],[114.3884,-9.867774],[-108.103836,-9.870682],[29.403928,-9.87359],[166.911692,-9.876498],[-55.580544,-9.879406],[81.92722,-9.882313],[-140.565015,-9.885221],[-3.057251,-9.888129],[134.450513,-9.891037],[-88.041723,-9.893945],[49.466041,-9.896853],[-173.026195,-9.899762],[-35.518431,-9.90267],[101.989333,-9.905578],[-120.502903,-9.908486],[17.004861,-9.911394],[154.512625,-9.914302],[-67.979611,-9.917211],[69.528153,-9.920119],[-152.964083,-9.923027],[-15.456319,-9.925935],[122.051445,-9.928844],[-100.440791,-9.931752],[37.066973,-9.93466],[174.574737,-9.937569],[-47.917499,-9.940477],[89.590266,-9.943386],[-132.90197,-9.946294],[4.605794,-9.949203],[142.113558,-9.952111],[-80.378678,-9.95502],[57.129086,-9.957928],[-165.36315,-9.960837],[-27.855386,-9.963746],[109.652378,-9.966654],[-112.839858,-9.969563],[24.667906,-9.972472],[162.17567,-9.975381],[-60.316566,-9.978289],[77.191198,-9.981198],[-145.301038,-9.984107],[-7.793274,-9.987016],[129.71449,-9.989925],[-92.777746,-9.992834],[44.730018,-9.995743],[-177.762218,-9.998652],[-40.254453,-10.001561],[97.253311,-10.00447],[-125.238925,-10.007379],[12.268839,-10.010288],[149.776603,-10.013197],[-72.715633,-10.016106],[64.792131,-10.019015],[-157.700105,-10.021924],[-20.192341,-10.024833],[117.315423,-10.027743],[-105.176813,-10.030652],[32.330951,-10.033561],[169.838715,-10.03647],[-52.653521,-10.03938],[84.854243,-10.042289],[-137.637993,-10.045198],[-0.130229,-10.048108],[137.377535,-10.051017],[-85.114701,-10.053927],[52.393063,-10.056836],[-170.099172,-10.059746],[-32.591408,-10.062655],[104.916356,-10.065565],[-117.57588,-10.068474],[19.931884,-10.071384],[157.439648,-10.074294],[-65.052588,-10.077203],[72.455176,-10.080113],[-150.03706,-10.083023],[-12.529296,-10.085932],[124.978468,-10.088842],[-97.513768,-10.091752],[39.993996,-10.094662],[177.50176,-10.097572],[-44.990476,-10.100482],[92.517288,-10.103391],[-129.974948,-10.106301],[7.532816,-10.109211],[145.04058,-10.112121],[-77.451656,-10.115031],[60.056109,-10.117941],[-162.436127,-10.120851],[-24.928363,-10.123761],[112.579401,-10.126672],[-109.912835,-10.129582],[27.594929,-10.132492],[165.102693,-10.135402],[-57.389543,-10.138312],[80.118221,-10.141223],[-142.374015,-10.144133],[-4.866251,-10.147043],[132.641513,-10.149953],[-89.850723,-10.152864],[47.657041,-10.155774],[-174.835195,-10.158685],[-37.327431,-10.161595],[100.180333,-10.164505],[-122.311903,-10.167416],[15.195861,-10.170326],[152.703625,-10.173237],[-69.78861,-10.176148],[67.719154,-10.179058],[-154.773082,-10.181969],[-17.265318,-10.184879],[120.242446,-10.18779],[-102.24979,-10.190701],[35.257974,-10.193611],[172.765738,-10.196522],[-49.726498,-10.199433],[87.781266,-10.202344],[-134.71097,-10.205255],[2.796794,-10.208165],[140.304558,-10.211076],[-82.187678,-10.213987],[55.320086,-10.216898],[-167.17215,-10.219809],[-29.664386,-10.22272],[107.843378,-10.225631],[-114.648858,-10.228542],[22.858906,-10.231453],[160.366671,-10.234364],[-62.125565,-10.237275],[75.382199,-10.240187],[-147.110037,-10.243098],[-9.602273,-10.246009],[127.905491,-10.24892],[-94.586745,-10.251831],[42.921019,-10.254743],[-179.571217,-10.257654],[-42.063453,-10.260565],[95.444311,-10.263477],[-127.047925,-10.266388],[10.459839,-10.2693],[147.967603,-10.272211],[-74.524633,-10.275122],[62.983131,-10.278034],[-159.509105,-10.280945],[-22.001341,-10.283857],[115.506423,-10.286769],[-106.985813,-10.28968],[30.521952,-10.292592],[168.029716,-10.295503],[-54.46252,-10.298415],[83.045244,-10.301327],[-139.446992,-10.304239],[-1.939228,-10.30715],[135.568536,-10.310062],[-86.9237,-10.312974],[50.584064,-10.315886],[-171.908172,-10.318798],[-34.400408,-10.32171],[103.107356,-10.324622],[-119.38488,-10.327533],[18.122884,-10.330445],[155.630648,-10.333357],[-66.861588,-10.336269],[70.646176,-10.339182],[-151.84606,-10.342094],[-14.338296,-10.345006],[123.169468,-10.347918],[-99.322767,-10.35083],[38.184997,-10.353742],[175.692761,-10.356654],[-46.799475,-10.359567],[90.708289,-10.362479],[-131.783947,-10.365391],[5.723817,-10.368304],[143.231581,-10.371216],[-79.260655,-10.374128],[58.247109,-10.377041],[-164.245127,-10.379953],[-26.737363,-10.382866],[110.770401,-10.385778],[-111.721835,-10.388691],[25.785929,-10.391603],[163.293693,-10.394516],[-59.198543,-10.397428],[78.309221,-10.400341],[-144.183015,-10.403254],[-6.675251,-10.406166],[130.832514,-10.409079],[-91.659722,-10.411992],[45.848042,-10.414905],[-176.644194,-10.417817],[-39.13643,-10.42073],[98.371334,-10.423643],[-124.120902,-10.426556],[13.386862,-10.429469],[150.894626,-10.432382],[-71.59761,-10.435295],[65.910154,-10.438208],[-156.582082,-10.441121],[-19.074318,-10.444034],[118.433446,-10.446947],[-104.05879,-10.44986],[33.448974,-10.452773],[170.956738,-10.455686],[-51.535498,-10.458599],[85.972266,-10.461513],[-136.51997,-10.464426],[0.987795,-10.467339],[138.495559,-10.470252],[-83.996677,-10.473166],[53.511087,-10.476079],[-168.981149,-10.478992],[-31.473385,-10.481906],[106.034379,-10.484819],[-116.457857,-10.487733],[21.049907,-10.490646],[158.557671,-10.49356],[-63.934565,-10.496473],[73.573199,-10.499387],[-148.919037,-10.5023],[-11.411273,-10.505214],[126.096491,-10.508128],[-96.395745,-10.511041],[41.112019,-10.513955],[178.619783,-10.516869],[-43.872453,-10.519782],[93.635311,-10.522696],[-128.856924,-10.52561],[8.65084,-10.528524],[146.158604,-10.531438],[-76.333632,-10.534351],[61.174132,-10.537265],[-161.318104,-10.540179],[-23.81034,-10.543093],[113.697424,-10.546007],[-108.794812,-10.548921],[28.712952,-10.551835],[166.220716,-10.554749],[-56.27152,-10.557664],[81.236244,-10.560578],[-141.255992,-10.563492],[-3.748228,-10.566406],[133.759536,-10.56932],[-88.7327,-10.572235],[48.775064,-10.575149],[-173.717172,-10.578063],[-36.209408,-10.580977],[101.298357,-10.583892],[-121.193879,-10.586806],[16.313885,-10.589721],[153.821649,-10.592635],[-68.670587,-10.59555],[68.837177,-10.598464],[-153.655059,-10.601379],[-16.147295,-10.604293],[121.360469,-10.607208],[-101.131767,-10.610122],[36.375997,-10.613037],[173.883761,-10.615952],[-48.608475,-10.618866],[88.899289,-10.621781],[-133.592947,-10.624696],[3.914817,-10.62761],[141.422581,-10.630525],[-81.069655,-10.63344],[56.438109,-10.636355],[-166.054127,-10.63927],[-28.546362,-10.642185],[108.961402,-10.6451],[-113.530834,-10.648015],[23.97693,-10.65093],[161.484694,-10.653845],[-61.007542,-10.65676],[76.500222,-10.659675],[-145.992014,-10.66259],[-8.48425,-10.665505],[129.023514,-10.66842],[-93.468722,-10.671335],[44.039042,-10.674251],[-178.453194,-10.677166],[-40.94543,-10.680081],[96.562334,-10.682996],[-125.929902,-10.685912],[11.577862,-10.688827],[149.085626,-10.691743],[-73.40661,-10.694658],[64.101154,-10.697573],[-158.391081,-10.700489],[-20.883317,-10.703404],[116.624447,-10.70632],[-105.867789,-10.709235],[31.639975,-10.712151],[169.147739,-10.715067],[-53.344497,-10.717982],[84.163267,-10.720898],[-138.328969,-10.723814],[-0.821205,-10.726729],[136.686559,-10.729645],[-85.805677,-10.732561],[51.702087,-10.735477],[-170.790149,-10.738393],[-33.282385,-10.741308],[104.225379,-10.744224],[-118.266857,-10.74714],[19.240907,-10.750056],[156.748671,-10.752972],[-65.743565,-10.755888],[71.7642,-10.758804],[-150.728036,-10.76172],[-13.220272,-10.764636],[124.287492,-10.767553],[-98.204744,-10.770469],[39.30302,-10.773385],[176.810784,-10.776301],[-45.681452,-10.779217],[91.826312,-10.782134],[-130.665924,-10.78505],[6.84184,-10.787966],[144.349604,-10.790882],[-78.142632,-10.793799],[59.365132,-10.796715],[-163.127104,-10.799632],[-25.61934,-10.802548],[111.888424,-10.805465],[-110.603812,-10.808381],[26.903952,-10.811298],[164.411716,-10.814214],[-58.080519,-10.817131],[79.427245,-10.820047],[-143.064991,-10.822964],[-5.557227,-10.825881],[131.950537,-10.828798],[-90.541699,-10.831714],[46.966065,-10.834631],[-175.526171,-10.837548],[-38.018407,-10.840465],[99.489357,-10.843382],[-123.002879,-10.846298],[14.504885,-10.849215],[152.012649,-10.852132],[-70.479587,-10.855049],[67.028177,-10.857966],[-155.464059,-10.860883],[-17.956295,-10.8638],[119.551469,-10.866717],[-102.940767,-10.869635],[34.566997,-10.872552],[172.074762,-10.875469],[-50.417474,-10.878386],[87.09029,-10.881303],[-135.401946,-10.88422],[2.105818,-10.887138],[139.613582,-10.890055],[-82.878654,-10.892972],[54.62911,-10.89589],[-167.863126,-10.898807],[-30.355362,-10.901725],[107.152402,-10.904642],[-115.339834,-10.90756],[22.16793,-10.910477],[159.675694,-10.913395],[-62.816542,-10.916312],[74.691222,-10.91923],[-147.801014,-10.922147],[-10.29325,-10.925065],[127.214514,-10.927983],[-95.277721,-10.9309],[42.230043,-10.933818],[179.737807,-10.936736],[-42.754429,-10.939654],[94.753335,-10.942572],[-127.738901,-10.945489],[9.768863,-10.948407],[147.276627,-10.951325],[-75.215609,-10.954243],[62.292155,-10.957161],[-160.200081,-10.960079],[-22.692317,-10.962997],[114.815447,-10.965915],[-107.676789,-10.968833],[29.830975,-10.971751],[167.338739,-10.97467],[-55.153497,-10.977588],[82.354267,-10.980506],[-140.137969,-10.983424],[-2.630205,-10.986342],[134.87756,-10.989261],[-87.614676,-10.992179],[49.893088,-10.995097],[-172.599148,-10.998016],[-35.091384,-11.000934],[102.41638,-11.003853],[-120.075856,-11.006771],[17.431908,-11.00969],[154.939672,-11.012608],[-67.552564,-11.015527],[69.9552,-11.018445],[-152.537036,-11.021364],[-15.029272,-11.024282],[122.478492,-11.027201],[-100.013744,-11.03012],[37.49402,-11.033039],[175.001784,-11.035957],[-47.490452,-11.038876],[90.017312,-11.041795],[-132.474924,-11.044714],[5.032841,-11.047633],[142.540605,-11.050551],[-79.951631,-11.05347],[57.556133,-11.056389],[-164.936103,-11.059308],[-27.428339,-11.062227],[110.079425,-11.065146],[-112.412811,-11.068065],[25.094953,-11.070985],[162.602717,-11.073904],[-59.889519,-11.076823],[77.618245,-11.079742],[-144.873991,-11.082661],[-7.366227,-11.08558],[130.141537,-11.0885],[-92.350699,-11.091419],[45.157065,-11.094338],[-177.335171,-11.097258],[-39.827407,-11.100177],[97.680357,-11.103097],[-124.811878,-11.106016],[12.695886,-11.108935],[150.20365,-11.111855],[-72.288586,-11.114775],[65.219178,-11.117694],[-157.273058,-11.120614],[-19.765294,-11.123533],[117.74247,-11.126453],[-104.749766,-11.129373],[32.757998,-11.132292],[170.265762,-11.135212],[-52.226474,-11.138132],[85.28129,-11.141052],[-137.210946,-11.143971],[0.296818,-11.146891],[137.804582,-11.149811],[-84.687654,-11.152731],[52.82011,-11.155651],[-169.672126,-11.158571],[-32.164362,-11.161491],[105.343403,-11.164411],[-117.148833,-11.167331],[20.358931,-11.170251],[157.866695,-11.173171],[-64.625541,-11.176092],[72.882223,-11.179012],[-149.610013,-11.181932],[-12.102249,-11.184852],[125.405515,-11.187772],[-97.086721,-11.190693],[40.421043,-11.193613],[177.928807,-11.196533],[-44.563429,-11.199454],[92.944335,-11.202374],[-129.547901,-11.205295],[7.959863,-11.208215],[145.467627,-11.211136],[-77.024609,-11.214056],[60.483155,-11.216977],[-162.009081,-11.219897],[-24.501316,-11.222818],[113.006448,-11.225739],[-109.485788,-11.228659],[28.021976,-11.23158],[165.52974,-11.234501],[-56.962496,-11.237422],[80.545268,-11.240342],[-141.946968,-11.243263],[-4.439204,-11.246184],[133.06856,-11.249105],[-89.423676,-11.252026],[48.084088,-11.254947],[-174.408148,-11.257868],[-36.900384,-11.260789],[100.60738,-11.26371],[-121.884856,-11.266631],[15.622908,-11.269552],[153.130672,-11.272473],[-69.361564,-11.275394],[68.1462,-11.278315],[-154.346035,-11.281237],[-16.838271,-11.284158],[120.669493,-11.287079],[-101.822743,-11.29],[35.685021,-11.292922],[173.192785,-11.295843],[-49.299451,-11.298765],[88.208313,-11.301686],[-134.283923,-11.304607],[3.223841,-11.307529],[140.731605,-11.31045],[-81.760631,-11.313372],[55.747133,-11.316294],[-166.745103,-11.319215],[-29.237339,-11.322137],[108.270425,-11.325058],[-114.221811,-11.32798],[23.285953,-11.330902],[160.793717,-11.333824],[-61.698519,-11.336745],[75.809246,-11.339667],[-146.68299,-11.342589],[-9.175226,-11.345511],[128.332538,-11.348433],[-94.159698,-11.351355],[43.348066,-11.354277],[-179.14417,-11.357199],[-41.636406,-11.360121],[95.871358,-11.363043],[-126.620878,-11.365965],[10.886886,-11.368887],[148.39465,-11.371809],[-74.097586,-11.374731],[63.410178,-11.377654],[-159.082058,-11.380576],[-21.574294,-11.383498],[115.93347,-11.38642],[-106.558766,-11.389343],[30.948998,-11.392265],[168.456762,-11.395187],[-54.035473,-11.39811],[83.472291,-11.401032],[-139.019945,-11.403955],[-1.512181,-11.406877],[135.995583,-11.4098],[-86.496653,-11.412722],[51.011111,-11.415645],[-171.481125,-11.418567],[-33.973361,-11.42149],[103.534403,-11.424413],[-118.957833,-11.427336],[18.549931,-11.430258],[156.057695,-11.433181],[-66.434541,-11.436104],[71.073223,-11.439027],[-151.419013,-11.44195],[-13.911249,-11.444872],[123.596515,-11.447795],[-98.895721,-11.450718],[38.612043,-11.453641],[176.119808,-11.456564],[-46.372428,-11.459487],[91.135336,-11.46241],[-131.3569,-11.465334],[6.150864,-11.468257],[143.658628,-11.47118],[-78.833608,-11.474103],[58.674156,-11.477026],[-163.81808,-11.479949],[-26.310316,-11.482873],[111.197448,-11.485796],[-111.294788,-11.488719],[26.212976,-11.491643],[163.72074,-11.494566],[-58.771496,-11.49749],[78.736268,-11.500413],[-143.755968,-11.503337],[-6.248204,-11.50626],[131.25956,-11.509184],[-91.232676,-11.512107],[46.275089,-11.515031],[-176.217147,-11.517955],[-38.709383,-11.520878],[98.798381,-11.523802],[-123.693855,-11.526726],[13.813909,-11.529649],[151.321673,-11.532573],[-71.170563,-11.535497],[66.337201,-11.538421],[-156.155035,-11.541345],[-18.647271,-11.544269],[118.860493,-11.547193],[-103.631743,-11.550117],[33.876021,-11.553041],[171.383785,-11.555965],[-51.108451,-11.558889],[86.399313,-11.561813],[-136.092923,-11.564737],[1.414841,-11.567661],[138.922605,-11.570585],[-83.56963,-11.57351],[53.938134,-11.576434],[-168.554102,-11.579358],[-31.046338,-11.582283],[106.461426,-11.585207],[-116.03081,-11.588131],[21.476954,-11.591056],[158.984718,-11.59398],[-63.507518,-11.596905],[74.000246,-11.599829],[-148.49199,-11.602754],[-10.984226,-11.605678],[126.523538,-11.608603],[-95.968698,-11.611527],[41.539066,-11.614452],[179.04683,-11.617377],[-43.445406,-11.620302],[94.062358,-11.623226],[-128.429878,-11.626151],[9.077886,-11.629076],[146.585651,-11.632001],[-75.906585,-11.634926],[61.601179,-11.63785],[-160.891057,-11.640775],[-23.383293,-11.6437],[114.124471,-11.646625],[-108.367765,-11.64955],[29.139999,-11.652475],[166.647763,-11.655401],[-55.844473,-11.658326],[81.663291,-11.661251],[-140.828945,-11.664176],[-3.321181,-11.667101],[134.186583,-11.670026],[-88.305653,-11.672952],[49.202111,-11.675877],[-173.290125,-11.678802],[-35.782361,-11.681728],[101.725403,-11.684653],[-120.766833,-11.687579],[16.740932,-11.690504],[154.248696,-11.69343],[-68.24354,-11.696355],[69.264224,-11.699281],[-153.228012,-11.702206],[-15.720248,-11.705132],[121.787516,-11.708057],[-100.70472,-11.710983],[36.803044,-11.713909],[174.310808,-11.716835],[-48.181428,-11.71976],[89.326336,-11.722686],[-133.1659,-11.725612],[4.341864,-11.728538],[141.849628,-11.731464],[-80.642608,-11.73439],[56.865156,-11.737316],[-165.62708,-11.740242],[-28.119316,-11.743168],[109.388448,-11.746094],[-113.103787,-11.74902],[24.403977,-11.751946],[161.911741,-11.754872],[-60.580495,-11.757798],[76.927269,-11.760724],[-145.564967,-11.763651],[-8.057203,-11.766577],[129.450561,-11.769503],[-93.041675,-11.772429],[44.466089,-11.775356],[-178.026147,-11.778282],[-40.518383,-11.781209],[96.989381,-11.784135],[-125.502855,-11.787062],[12.004909,-11.789988],[149.512673,-11.792915],[-72.979563,-11.795841],[64.528201,-11.798768],[-157.964035,-11.801694],[-20.456271,-11.804621],[117.051494,-11.807548],[-105.440742,-11.810475],[32.067022,-11.813401],[169.574786,-11.816328],[-52.91745,-11.819255],[84.590314,-11.822182],[-137.901922,-11.825109],[-0.394158,-11.828036],[137.113606,-11.830963],[-85.37863,-11.83389],[52.129134,-11.836817],[-170.363102,-11.839744],[-32.855338,-11.842671],[104.652426,-11.845598],[-117.83981,-11.848525],[19.667954,-11.851452],[157.175718,-11.854379],[-65.316518,-11.857307],[72.191246,-11.860234],[-150.30099,-11.863161],[-12.793225,-11.866088],[124.714539,-11.869016],[-97.777697,-11.871943],[39.730067,-11.874871],[177.237831,-11.877798],[-45.254405,-11.880726],[92.253359,-11.883653],[-130.238877,-11.886581],[7.268887,-11.889508],[144.776651,-11.892436],[-77.715585,-11.895363],[59.792179,-11.898291],[-162.700057,-11.901219],[-25.192293,-11.904147],[112.315471,-11.907074],[-110.176765,-11.910002],[27.330999,-11.91293],[164.838763,-11.915858],[-57.653473,-11.918786],[79.854291,-11.921714],[-142.637944,-11.924642],[-5.13018,-11.92757],[132.377584,-11.930498],[-90.114652,-11.933426],[47.393112,-11.936354],[-175.099124,-11.939282],[-37.59136,-11.94221],[99.916404,-11.945138],[-122.575832,-11.948066],[14.931932,-11.950995],[152.439696,-11.953923],[-70.05254,-11.956851],[67.455224,-11.95978],[-155.037012,-11.962708],[-17.529248,-11.965636],[119.978516,-11.968565],[-102.51372,-11.971493],[34.994044,-11.974422],[172.501808,-11.97735],[-49.990428,-11.980279],[87.517337,-11.983207],[-134.974899,-11.986136],[2.532865,-11.989065],[140.040629,-11.991993],[-82.451607,-11.994922],[55.056157,-11.997851],[-167.436079,-12.00078],[-29.928315,-12.003708],[107.579449,-12.006637],[-114.912787,-12.009566],[22.594977,-12.012495],[160.102741,-12.015424],[-62.389495,-12.018353],[75.118269,-12.021282],[-147.373967,-12.024211],[-9.866203,-12.02714],[127.641561,-12.030069],[-94.850675,-12.032998],[42.657089,-12.035927],[-179.835147,-12.038857],[-42.327382,-12.041786],[95.180382,-12.044715],[-127.311854,-12.047644],[10.19591,-12.050574],[147.703674,-12.053503],[-74.788562,-12.056433],[62.719202,-12.059362],[-159.773034,-12.062291],[-22.26527,-12.065221],[115.242494,-12.06815],[-107.249742,-12.07108],[30.258022,-12.07401],[167.765786,-12.076939],[-54.72645,-12.079869],[82.781314,-12.082798],[-139.710922,-12.085728],[-2.203158,-12.088658],[135.304606,-12.091588],[-87.18763,-12.094517],[50.320134,-12.097447],[-172.172101,-12.100377],[-34.664337,-12.103307],[102.843427,-12.106237],[-119.648809,-12.109167],[17.858955,-12.112097],[155.366719,-12.115027],[-67.125517,-12.117957],[70.382247,-12.120887],[-152.109989,-12.123817],[-14.602225,-12.126747],[122.905539,-12.129678],[-99.586697,-12.132608],[37.921067,-12.135538],[175.428831,-12.138468],[-47.063405,-12.141399],[90.444359,-12.144329],[-132.047877,-12.147259],[5.459887,-12.15019],[142.967651,-12.15312],[-79.524585,-12.156051],[57.98318,-12.158981],[-164.509056,-12.161912],[-27.001292,-12.164842],[110.506472,-12.167773],[-111.985764,-12.170704],[25.522,-12.173634],[163.029764,-12.176565],[-59.462472,-12.179496],[78.045292,-12.182427],[-144.446944,-12.185357],[-6.93918,-12.188288],[130.568584,-12.191219],[-91.923652,-12.19415],[45.584112,-12.197081],[-176.908124,-12.200012],[-39.40036,-12.202943],[98.107404,-12.205874],[-124.384832,-12.208805],[13.122932,-12.211736],[150.630696,-12.214667],[-71.861539,-12.217598],[65.646225,-12.22053],[-156.846011,-12.223461],[-19.338247,-12.226392],[118.169517,-12.229323],[-104.322719,-12.232255],[33.185045,-12.235186],[170.692809,-12.238117],[-51.799427,-12.241049],[85.708337,-12.24398],[-136.783899,-12.246912],[0.723865,-12.249843],[138.231629,-12.252775],[-84.260607,-12.255706],[53.247157,-12.258638],[-169.245079,-12.26157],[-31.737315,-12.264501],[105.770449,-12.267433],[-116.721787,-12.270365],[20.785977,-12.273297],[158.293742,-12.276228],[-64.198494,-12.27916],[73.30927,-12.282092],[-149.182966,-12.285024],[-11.675202,-12.287956],[125.832562,-12.290888],[-96.659674,-12.29382],[40.84809,-12.296752],[178.355854,-12.299684],[-44.136382,-12.302616],[93.371382,-12.305548],[-129.120854,-12.308481],[8.38691,-12.311413],[145.894674,-12.314345],[-76.597562,-12.317277],[60.910202,-12.32021],[-161.582034,-12.323142],[-24.07427,-12.326074],[113.433494,-12.329007],[-109.058742,-12.331939],[28.449023,-12.334872],[165.956787,-12.337804],[-56.535449,-12.340737],[80.972315,-12.343669],[-141.519921,-12.346602],[-4.012157,-12.349534],[133.495607,-12.352467],[-88.996629,-12.3554],[48.511135,-12.358332],[-173.981101,-12.361265],[-36.473337,-12.364198],[101.034427,-12.367131],[-121.457809,-12.370064],[16.049955,-12.372997],[153.557719,-12.37593],[-68.934517,-12.378863],[68.573247,-12.381796],[-153.918989,-12.384729],[-16.411225,-12.387662],[121.096539,-12.390595],[-101.395696,-12.393528],[36.112068,-12.396461],[173.619832,-12.399394],[-48.872404,-12.402327],[88.63536,-12.405261],[-133.856876,-12.408194],[3.650888,-12.411127],[141.158652,-12.414061],[-81.333584,-12.416994],[56.17418,-12.419927],[-166.318056,-12.422861],[-28.810292,-12.425794],[108.697472,-12.428728],[-113.794764,-12.431661],[23.713,-12.434595],[161.220764,-12.437529],[-61.271472,-12.440462],[76.236292,-12.443396],[-146.255944,-12.44633],[-8.74818,-12.449263],[128.759585,-12.452197],[-93.732651,-12.455131],[43.775113,-12.458065],[-178.717123,-12.460999],[-41.209359,-12.463933],[96.298405,-12.466867],[-126.193831,-12.469801],[11.313933,-12.472735],[148.821697,-12.475669],[-73.670539,-12.478603],[63.837225,-12.481537],[-158.655011,-12.484471],[-21.147247,-12.487405],[116.360517,-12.490339],[-106.131719,-12.493274],[31.376045,-12.496208],[168.883809,-12.499142],[-53.608427,-12.502077],[83.899337,-12.505011],[-138.592899,-12.507946],[-1.085134,-12.51088],[136.42263,-12.513814],[-86.069606,-12.516749],[51.438158,-12.519684],[-171.054078,-12.522618],[-33.546314,-12.525553],[103.96145,-12.528487],[-118.530786,-12.531422],[18.976978,-12.534357],[156.484742,-12.537292],[-66.007494,-12.540226],[71.50027,-12.543161],[-150.991966,-12.546096],[-13.484202,-12.549031],[124.023562,-12.551966],[-98.468674,-12.554901],[39.03909,-12.557836],[176.546854,-12.560771],[-45.945382,-12.563706],[91.562382,-12.566641],[-130.929853,-12.569576],[6.577911,-12.572511],[144.085675,-12.575446],[-78.406561,-12.578382],[59.101203,-12.581317],[-163.391033,-12.584252],[-25.883269,-12.587187],[111.624495,-12.590123],[-110.867741,-12.593058],[26.640023,-12.595994],[164.147787,-12.598929],[-58.344449,-12.601865],[79.163315,-12.6048],[-143.328921,-12.607736],[-5.821157,-12.610671],[131.686607,-12.613607],[-90.805629,-12.616542],[46.702135,-12.619478],[-175.790101,-12.622414],[-38.282337,-12.62535],[99.225428,-12.628285],[-123.266808,-12.631221],[14.240956,-12.634157],[151.74872,-12.637093],[-70.743516,-12.640029],[66.764248,-12.642965],[-155.727988,-12.645901],[-18.220224,-12.648837],[119.28754,-12.651773],[-103.204696,-12.654709],[34.303068,-12.657645],[171.810832,-12.660581],[-50.681404,-12.663518],[86.82636,-12.666454],[-135.665876,-12.66939],[1.841888,-12.672326],[139.349652,-12.675263],[-83.142584,-12.678199],[54.36518,-12.681136],[-168.127056,-12.684072],[-30.619291,-12.687008],[106.888473,-12.689945],[-115.603763,-12.692881],[21.904001,-12.695818],[159.411765,-12.698755],[-63.080471,-12.701691],[74.427293,-12.704628],[-148.064943,-12.707565],[-10.557179,-12.710501],[126.950585,-12.713438],[-95.541651,-12.716375],[41.966113,-12.719312],[179.473877,-12.722249],[-43.018359,-12.725186],[94.489405,-12.728123],[-128.002831,-12.731059],[9.504933,-12.733997],[147.012697,-12.736934],[-75.479539,-12.739871],[62.028225,-12.742808],[-160.46401,-12.745745],[-22.956246,-12.748682],[114.551518,-12.751619],[-107.940718,-12.754557],[29.567046,-12.757494],[167.07481,-12.760431],[-55.417426,-12.763368],[82.090338,-12.766306],[-140.401898,-12.769243],[-2.894134,-12.772181],[134.61363,-12.775118],[-87.878606,-12.778056],[49.629158,-12.780993],[-172.863078,-12.783931],[-35.355314,-12.786869],[102.15245,-12.789806],[-120.339786,-12.792744],[17.167978,-12.795682],[154.675742,-12.798619],[-67.816494,-12.801557],[69.691271,-12.804495],[-152.800965,-12.807433],[-15.293201,-12.810371],[122.214563,-12.813309],[-100.277673,-12.816247],[37.230091,-12.819185],[174.737855,-12.822123],[-47.754381,-12.825061],[89.753383,-12.827999],[-132.738853,-12.830937],[4.768911,-12.833875],[142.276675,-12.836813],[-80.215561,-12.839752],[57.292203,-12.84269],[-165.200033,-12.845628],[-27.692269,-12.848567],[109.815495,-12.851505],[-112.676741,-12.854443],[24.831023,-12.857382],[162.338787,-12.86032],[-60.153448,-12.863259],[77.354316,-12.866197],[-145.13792,-12.869136],[-7.630156,-12.872075],[129.877608,-12.875013],[-92.614628,-12.877952],[44.893136,-12.880891],[-177.5991,-12.883829],[-40.091336,-12.886768],[97.416428,-12.889707],[-125.075808,-12.892646],[12.431956,-12.895585],[149.93972,-12.898524],[-72.552516,-12.901463],[64.955248,-12.904402],[-157.536988,-12.907341],[-20.029224,-12.91028],[117.47854,-12.913219],[-105.013696,-12.916158],[32.494068,-12.919097],[170.001833,-12.922036],[-52.490403,-12.924976],[85.017361,-12.927915],[-137.474875,-12.930854],[0.032889,-12.933794],[137.540653,-12.936733],[-84.951583,-12.939672],[52.556181,-12.942612],[-169.936055,-12.945551],[-32.428291,-12.948491],[105.079473,-12.95143],[-117.412763,-12.95437],[20.095001,-12.95731],[157.602765,-12.960249],[-64.889471,-12.963189],[72.618293,-12.966129],[-149.873943,-12.969068],[-12.366179,-12.972008],[125.141585,-12.974948],[-97.350651,-12.977888],[40.157114,-12.980828],[177.664878,-12.983768],[-44.827358,-12.986708],[92.680406,-12.989648],[-129.81183,-12.992588],[7.695934,-12.995528],[145.203698,-12.998468],[-77.288538,-13.001408],[60.219226,-13.004348],[-162.27301,-13.007288],[-24.765246,-13.010229],[112.742518,-13.013169],[-109.749718,-13.016109],[27.758046,-13.01905],[165.26581,-13.02199],[-57.226426,-13.02493],[80.281338,-13.027871],[-142.210898,-13.030811],[-4.703134,-13.033752],[132.80463,-13.036693],[-89.687605,-13.039633],[47.820159,-13.042574],[-174.672077,-13.045514],[-37.164313,-13.048455],[100.343451,-13.051396],[-122.148785,-13.054337],[15.358979,-13.057277],[152.866743,-13.060218],[-69.625493,-13.063159],[67.882271,-13.0661],[-154.609965,-13.069041],[-17.102201,-13.071982],[120.405563,-13.074923],[-102.086673,-13.077864],[35.421091,-13.080805],[172.928855,-13.083746],[-49.563381,-13.086687],[87.944383,-13.089629],[-134.547853,-13.09257],[2.959911,-13.095511],[140.467676,-13.098452],[-82.02456,-13.101394],[55.483204,-13.104335],[-167.009032,-13.107277],[-29.501268,-13.110218],[108.006496,-13.113159],[-114.48574,-13.116101],[23.022024,-13.119042],[160.529788,-13.121984],[-61.962448,-13.124926],[75.545316,-13.127867],[-146.94692,-13.130809],[-9.439156,-13.133751],[128.068608,-13.136693],[-94.423628,-13.139634],[43.084136,-13.142576],[-179.4081,-13.145518],[-41.900336,-13.14846],[95.607428,-13.151402],[-126.884808,-13.154344],[10.622957,-13.157286],[148.130721,-13.160228],[-74.361515,-13.16317],[63.146249,-13.166112],[-159.345987,-13.169054],[-21.838223,-13.171996],[115.669541,-13.174939],[-106.822695,-13.177881],[30.685069,-13.180823],[168.192833,-13.183765],[-54.299403,-13.186708],[83.208361,-13.18965],[-139.283875,-13.192593],[-1.776111,-13.195535],[135.731653,-13.198478],[-86.760583,-13.20142],[50.747181,-13.204363],[-171.745055,-13.207305],[-34.237291,-13.210248],[103.270473,-13.213191],[-119.221762,-13.216133],[18.286002,-13.219076],[155.793766,-13.222019],[-66.69847,-13.224962],[70.809294,-13.227904],[-151.682942,-13.230847],[-14.175178,-13.23379],[123.332586,-13.236733],[-99.15965,-13.239676],[38.348114,-13.242619],[175.855878,-13.245562],[-46.636358,-13.248505],[90.871406,-13.251449],[-131.62083,-13.254392],[5.886934,-13.257335],[143.394698,-13.260278],[-79.097538,-13.263221],[58.410226,-13.266165],[-164.08201,-13.269108],[-26.574246,-13.272052],[110.933519,-13.274995],[-111.558717,-13.277938],[25.949047,-13.280882],[163.456811,-13.283825],[-59.035425,-13.286769],[78.472339,-13.289713],[-144.019897,-13.292656],[-6.512133,-13.2956],[130.995631,-13.298544],[-91.496605,-13.301487],[46.011159,-13.304431],[-176.481077,-13.307375],[-38.973313,-13.310319],[98.534451,-13.313263],[-123.957785,-13.316207],[13.549979,-13.319151],[151.057743,-13.322095],[-71.434493,-13.325039],[66.073271,-13.327983],[-156.418965,-13.330927],[-18.9112,-13.333871],[118.596564,-13.336815],[-103.895672,-13.339759],[33.612092,-13.342704],[171.119856,-13.345648],[-51.37238,-13.348592],[86.135384,-13.351536],[-136.356852,-13.354481],[1.150912,-13.357425],[138.658676,-13.36037],[-83.83356,-13.363314],[53.674204,-13.366259],[-168.818032,-13.369203],[-31.310268,-13.372148],[106.197496,-13.375093],[-116.29474,-13.378037],[21.213024,-13.380982],[158.720788,-13.383927],[-63.771448,-13.386872],[73.736316,-13.389816],[-148.755919,-13.392761],[-11.248155,-13.395706],[126.259609,-13.398651],[-96.232627,-13.401596],[41.275137,-13.404541],[178.782901,-13.407486],[-43.709335,-13.410431],[93.798429,-13.413376],[-128.693807,-13.416321],[8.813957,-13.419267],[146.321721,-13.422212],[-76.170515,-13.425157],[61.337249,-13.428102],[-161.154987,-13.431048],[-23.647223,-13.433993],[113.860541,-13.436938],[-108.631695,-13.439884],[28.876069,-13.442829],[166.383833,-13.445775],[-56.108403,-13.44872],[81.399362,-13.451666],[-141.092874,-13.454612],[-3.58511,-13.457557],[133.922654,-13.460503],[-88.569582,-13.463449],[48.938182,-13.466394],[-173.554054,-13.46934],[-36.04629,-13.472286],[101.461474,-13.475232],[-121.030762,-13.478178],[16.477002,-13.481124],[153.984766,-13.48407],[-68.50747,-13.487016],[69.000294,-13.489962],[-153.491942,-13.492908],[-15.984178,-13.495854],[121.523586,-13.4988],[-100.96865,-13.501746],[36.539114,-13.504693],[174.046878,-13.507639],[-48.445357,-13.510585],[89.062407,-13.513531],[-133.429829,-13.516478],[4.077935,-13.519424],[141.585699,-13.522371],[-80.906537,-13.525317],[56.601227,-13.528264],[-165.891009,-13.53121],[-28.383245,-13.534157],[109.124519,-13.537103],[-113.367717,-13.54005],[24.140047,-13.542997],[161.647811,-13.545944],[-60.844425,-13.54889],[76.663339,-13.551837],[-145.828897,-13.554784],[-8.321133,-13.557731],[129.186631,-13.560678],[-93.305605,-13.563625],[44.202159,-13.566572],[-178.290076,-13.569519],[-40.782312,-13.572466],[96.725452,-13.575413],[-125.766784,-13.57836],[11.74098,-13.581307],[149.248744,-13.584255],[-73.243492,-13.587202],[64.264272,-13.590149],[-158.227964,-13.593096],[-20.7202,-13.596044],[116.787564,-13.598991],[-105.704672,-13.601939],[31.803092,-13.604886],[169.310856,-13.607834],[-53.18138,-13.610781],[84.326384,-13.613729],[-138.165852,-13.616676],[-0.658088,-13.619624],[136.849676,-13.622572],[-85.64256,-13.625519],[51.865205,-13.628467],[-170.627031,-13.631415],[-33.119267,-13.634363],[104.388497,-13.637311],[-118.103739,-13.640259],[19.404025,-13.643207],[156.911789,-13.646155],[-65.580447,-13.649103],[71.927317,-13.652051],[-150.564919,-13.654999],[-13.057155,-13.657947],[124.450609,-13.660895],[-98.041627,-13.663843],[39.466137,-13.666792],[176.973901,-13.66974],[-45.518335,-13.672688],[91.989429,-13.675637],[-130.502807,-13.678585],[7.004957,-13.681533],[144.512721,-13.684482],[-77.979514,-13.68743],[59.52825,-13.690379],[-162.963986,-13.693327],[-25.456222,-13.696276],[112.051542,-13.699225],[-110.440694,-13.702173],[27.06707,-13.705122],[164.574834,-13.708071],[-57.917402,-13.71102],[79.590362,-13.713969],[-142.901874,-13.716917],[-5.39411,-13.719866],[132.113654,-13.722815],[-90.378582,-13.725764],[47.129182,-13.728713],[-175.363054,-13.731662],[-37.85529,-13.734611],[99.652474,-13.737561],[-122.839762,-13.74051],[14.668002,-13.743459],[152.175767,-13.746408],[-70.316469,-13.749358],[67.191295,-13.752307],[-155.300941,-13.755256],[-17.793177,-13.758206],[119.714587,-13.761155],[-102.777649,-13.764104],[34.730115,-13.767054],[172.237879,-13.770004],[-50.254357,-13.772953],[87.253407,-13.775903],[-135.238829,-13.778852],[2.268935,-13.781802],[139.776699,-13.784752],[-82.715537,-13.787702],[54.792227,-13.790651],[-167.700009,-13.793601],[-30.192245,-13.796551],[107.315519,-13.799501],[-115.176717,-13.802451],[22.331048,-13.805401],[159.838812,-13.808351],[-62.653424,-13.811301],[74.85434,-13.814251],[-147.637896,-13.817201],[-10.130132,-13.820151],[127.377632,-13.823102],[-95.114604,-13.826052],[42.39316,-13.829002],[179.900924,-13.831953],[-42.591312,-13.834903],[94.916452,-13.837853],[-127.575784,-13.840804],[9.93198,-13.843754],[147.439744,-13.846705],[-75.052492,-13.849655],[62.455272,-13.852606],[-160.036964,-13.855557],[-22.5292,-13.858507],[114.978564,-13.861458],[-107.513671,-13.864409],[29.994093,-13.867359],[167.501857,-13.87031],[-54.990379,-13.873261],[82.517385,-13.876212],[-139.974851,-13.879163],[-2.467087,-13.882114],[135.040677,-13.885065],[-87.451559,-13.888016],[50.056205,-13.890967],[-172.436031,-13.893918],[-34.928267,-13.896869],[102.579497,-13.89982],[-119.912739,-13.902772],[17.595025,-13.905723],[155.102789,-13.908674],[-67.389447,-13.911626],[70.118317,-13.914577],[-152.373919,-13.917528],[-14.866155,-13.92048],[122.64161,-13.923431],[-99.850626,-13.926383],[37.657138,-13.929334],[175.164902,-13.932286],[-47.327334,-13.935238],[90.18043,-13.938189],[-132.311806,-13.941141],[5.195958,-13.944093],[142.703722,-13.947045],[-79.788514,-13.949996],[57.71925,-13.952948],[-164.772986,-13.9559],[-27.265222,-13.958852],[110.242542,-13.961804],[-112.249694,-13.964756],[25.25807,-13.967708],[162.765834,-13.97066],[-59.726402,-13.973612],[77.781362,-13.976565],[-144.710874,-13.979517],[-7.203109,-13.982469],[130.304655,-13.985421],[-92.187581,-13.988374],[45.320183,-13.991326],[-177.172053,-13.994278],[-39.664289,-13.997231],[97.843475,-14.000183],[-124.648761,-14.003136],[12.859003,-14.006088],[150.366767,-14.009041],[-72.125469,-14.011994],[65.382295,-14.014946],[-157.109941,-14.017899],[-19.602177,-14.020852],[117.905587,-14.023804],[-104.586649,-14.026757],[32.921115,-14.02971],[170.428879,-14.032663],[-52.063357,-14.035616],[85.444407,-14.038569],[-137.047828,-14.041522],[0.459936,-14.044475],[137.9677,-14.047428],[-84.524536,-14.050381],[52.983228,-14.053334],[-169.509008,-14.056288],[-32.001244,-14.059241],[105.50652,-14.062194],[-116.985716,-14.065147],[20.522048,-14.068101],[158.029812,-14.071054],[-64.462424,-14.074008],[73.04534,-14.076961],[-149.446896,-14.079914],[-11.939132,-14.082868],[125.568632,-14.085822],[-96.923604,-14.088775],[40.58416,-14.091729],[178.091924,-14.094683],[-44.400312,-14.097636],[93.107453,-14.10059],[-129.384783,-14.103544],[8.122981,-14.106498],[145.630745,-14.109452],[-76.861491,-14.112406],[60.646273,-14.115359],[-161.845963,-14.118313],[-24.338199,-14.121268],[113.169565,-14.124222],[-109.322671,-14.127176],[28.185093,-14.13013],[165.692857,-14.133084],[-56.799379,-14.136038],[80.708385,-14.138993],[-141.783851,-14.141947],[-4.276087,-14.144901],[133.231677,-14.147856],[-89.260559,-14.15081],[48.247205,-14.153764],[-174.245031,-14.156719],[-36.737266,-14.159673],[100.770498,-14.162628],[-121.721738,-14.165583],[15.786026,-14.168537],[153.29379,-14.171492],[-69.198446,-14.174447],[68.309318,-14.177402],[-154.182918,-14.180356],[-16.675154,-14.183311],[120.83261,-14.186266],[-101.659626,-14.189221],[35.848138,-14.192176],[173.355902,-14.195131],[-49.136334,-14.198086],[88.37143,-14.201041],[-134.120806,-14.203996],[3.386958,-14.206951],[140.894722,-14.209906],[-81.597514,-14.212862],[55.91025,-14.215817],[-166.581985,-14.218772],[-29.074221,-14.221728],[108.433543,-14.224683],[-114.058693,-14.227638],[23.449071,-14.230594],[160.956835,-14.233549],[-61.535401,-14.236505],[75.972363,-14.239461],[-146.519873,-14.242416],[-9.012109,-14.245372],[128.495655,-14.248327],[-93.996581,-14.251283],[43.511183,-14.254239],[-178.981053,-14.257195],[-41.473289,-14.260151],[96.034475,-14.263107],[-126.457761,-14.266062],[11.050003,-14.269018],[148.557767,-14.271974],[-73.934469,-14.27493],[63.573296,-14.277887],[-158.91894,-14.280843],[-21.411176,-14.283799],[116.096588,-14.286755],[-106.395648,-14.289711],[31.112116,-14.292668],[168.61988,-14.295624],[-53.872356,-14.29858],[83.635408,-14.301537],[-138.856828,-14.304493],[-1.349064,-14.307449],[136.1587,-14.310406],[-86.333536,-14.313363],[51.174228,-14.316319],[-171.318008,-14.319276],[-33.810244,-14.322232],[103.69752,-14.325189],[-118.794716,-14.328146],[18.713048,-14.331103],[156.220812,-14.334059],[-66.271423,-14.337016],[71.236341,-14.339973],[-151.255895,-14.34293],[-13.748131,-14.345887],[123.759633,-14.348844],[-98.732603,-14.351801],[38.775161,-14.354758],[176.282925,-14.357715],[-46.209311,-14.360673],[91.298453,-14.36363],[-131.193783,-14.366587],[6.313981,-14.369544],[143.821745,-14.372502],[-78.670491,-14.375459],[58.837273,-14.378416],[-163.654963,-14.381374],[-26.147199,-14.384331],[111.360565,-14.387289],[-111.131671,-14.390246],[26.376093,-14.393204],[163.883858,-14.396162],[-58.608378,-14.399119],[78.899386,-14.402077],[-143.59285,-14.405035],[-6.085086,-14.407993],[131.422678,-14.41095],[-91.069558,-14.413908],[46.438206,-14.416866],[-176.05403,-14.419824],[-38.546266,-14.422782],[98.961498,-14.42574],[-123.530738,-14.428698],[13.977026,-14.431656],[151.48479,-14.434615],[-71.007446,-14.437573],[66.500318,-14.440531],[-155.991918,-14.443489],[-18.484154,-14.446448],[119.02361,-14.449406],[-103.468626,-14.452364],[34.039139,-14.455323],[171.546903,-14.458281],[-50.945333,-14.46124],[86.562431,-14.464198],[-135.929805,-14.467157],[1.577959,-14.470115],[139.085723,-14.473074],[-83.406513,-14.476033],[54.101251,-14.478992],[-168.390985,-14.48195],[-30.883221,-14.484909],[106.624543,-14.487868],[-115.867693,-14.490827],[21.640071,-14.493786],[159.147835,-14.496745],[-63.344401,-14.499704],[74.163363,-14.502663],[-148.328873,-14.505622],[-10.821109,-14.508581],[126.686655,-14.51154],[-95.80558,-14.5145],[41.702184,-14.517459],[179.209948,-14.520418],[-43.282288,-14.523377],[94.225476,-14.526337],[-128.26676,-14.529296],[9.241004,-14.532256],[146.748768,-14.535215],[-75.743468,-14.538175],[61.764296,-14.541134],[-160.72794,-14.544094],[-23.220176,-14.547054],[114.287588,-14.550013],[-108.204648,-14.552973],[29.303116,-14.555933],[166.81088,-14.558893],[-55.681356,-14.561852],[81.826408,-14.564812],[-140.665828,-14.567772],[-3.158064,-14.570732],[134.349701,-14.573692],[-88.142535,-14.576652],[49.365229,-14.579612],[-173.127007,-14.582572],[-35.619243,-14.585533],[101.888521,-14.588493],[-120.603715,-14.591453],[16.904049,-14.594413],[154.411813,-14.597374],[-68.080423,-14.600334],[69.427341,-14.603294],[-153.064895,-14.606255],[-15.557131,-14.609215],[121.950633,-14.612176],[-100.541603,-14.615136],[36.966161,-14.618097],[174.473925,-14.621058],[-48.018311,-14.624018],[89.489453,-14.626979],[-133.002783,-14.62994],[4.504982,-14.632901],[142.012746,-14.635862],[-80.47949,-14.638822],[57.028274,-14.641783],[-165.463962,-14.644744],[-27.956198,-14.647705],[109.551566,-14.650666],[-112.94067,-14.653627],[24.567094,-14.656589],[162.074858,-14.65955],[-60.417378,-14.662511],[77.090386,-14.665472],[-145.40185,-14.668433],[-7.894086,-14.671395],[129.613678,-14.674356],[-92.878558,-14.677318],[44.629206,-14.680279],[-177.86303,-14.683241],[-40.355266,-14.686202],[97.152498,-14.689164],[-125.339737,-14.692125],[12.168027,-14.695087],[149.675791,-14.698049],[-72.816445,-14.70101],[64.691319,-14.703972],[-157.800917,-14.706934],[-20.293153,-14.709896],[117.214611,-14.712858],[-105.277625,-14.71582],[32.230139,-14.718781],[169.737903,-14.721743],[-52.754333,-14.724706],[84.753431,-14.727668],[-137.738805,-14.73063],[-0.231041,-14.733592],[137.276723,-14.736554],[-85.215513,-14.739516],[52.292251,-14.742479],[-170.199985,-14.745441],[-32.692221,-14.748403],[104.815544,-14.751366],[-117.676692,-14.754328],[19.831072,-14.757291],[157.338836,-14.760253],[-65.1534,-14.763216],[72.354364,-14.766178],[-150.137872,-14.769141],[-12.630108,-14.772104],[124.877656,-14.775067],[-97.61458,-14.778029],[39.893184,-14.780992],[177.400948,-14.783955],[-45.091288,-14.786918],[92.416476,-14.789881],[-130.07576,-14.792844],[7.432004,-14.795807],[144.939768,-14.79877],[-77.552468,-14.801733],[59.955296,-14.804696],[-162.536939,-14.807659],[-25.029175,-14.810622],[112.478589,-14.813586],[-110.013647,-14.816549],[27.494117,-14.819512],[165.001881,-14.822476],[-57.490355,-14.825439],[80.017409,-14.828403],[-142.474827,-14.831366],[-4.967063,-14.83433],[132.540701,-14.837293],[-89.951535,-14.840257],[47.556229,-14.843221],[-174.936007,-14.846184],[-37.428243,-14.849148],[100.079521,-14.852112],[-122.412715,-14.855076],[15.095049,-14.85804],[152.602813,-14.861003],[-69.889423,-14.863967],[67.618342,-14.866931],[-154.873894,-14.869895],[-17.36613,-14.872859],[120.141634,-14.875824],[-102.350602,-14.878788],[35.157162,-14.881752],[172.664926,-14.884716],[-49.82731,-14.88768],[87.680454,-14.890645],[-134.811782,-14.893609],[2.695982,-14.896574],[140.203746,-14.899538],[-82.28849,-14.902502],[55.219274,-14.905467],[-167.272962,-14.908432],[-29.765198,-14.911396],[107.742566,-14.914361],[-114.74967,-14.917325],[22.758094,-14.92029],[160.265858,-14.923255],[-62.226377,-14.92622],[75.281387,-14.929185],[-147.210849,-14.932149],[-9.703085,-14.935114],[127.804679,-14.938079],[-94.687557,-14.941044],[42.820207,-14.944009],[-179.672029,-14.946975],[-42.164265,-14.94994],[95.343499,-14.952905],[-127.148737,-14.95587],[10.359027,-14.958835],[147.866791,-14.961801],[-74.625445,-14.964766],[62.882319,-14.967731],[-159.609917,-14.970697],[-22.102153,-14.973662],[115.405611,-14.976628],[-107.086625,-14.979593],[30.421139,-14.982559],[167.928904,-14.985524],[-54.563332,-14.98849],[82.944432,-14.991456],[-139.547804,-14.994422],[-2.04004,-14.997387],[135.467724,-15.000353],[-87.024512,-15.003319],[50.483252,-15.006285],[-172.008984,-15.009251],[-34.50122,-15.012217],[103.006544,-15.015183],[-119.485692,-15.018149],[18.022072,-15.021115],[155.529836,-15.024081],[-66.9624,-15.027048],[70.545364,-15.030014],[-151.946872,-15.03298],[-14.439108,-15.035946],[123.068656,-15.038913],[-99.42358,-15.041879],[38.084185,-15.044846],[175.591949,-15.047812],[-46.900287,-15.050779],[90.607477,-15.053745],[-131.884759,-15.056712],[5.623005,-15.059679],[143.130769,-15.062645],[-79.361467,-15.065612],[58.146297,-15.068579],[-164.345939,-15.071546],[-26.838175,-15.074512],[110.669589,-15.077479],[-111.822647,-15.080446],[25.685117,-15.083413],[163.192881,-15.08638],[-59.299355,-15.089347],[78.208409,-15.092314],[-144.283827,-15.095282],[-6.776063,-15.098249],[130.731701,-15.101216],[-91.760534,-15.104183],[45.74723,-15.107151],[-176.745006,-15.110118],[-39.237242,-15.113085],[98.270522,-15.116053],[-124.221714,-15.11902],[13.28605,-15.121988],[150.793814,-15.124955],[-71.698422,-15.127923],[65.809342,-15.130891],[-156.682894,-15.133858],[-19.17513,-15.136826],[118.332634,-15.139794],[-104.159602,-15.142762],[33.348162,-15.14573],[170.855926,-15.148697],[-51.63631,-15.151665],[85.871454,-15.154633],[-136.620782,-15.157601],[0.886982,-15.16057],[138.394747,-15.163538],[-84.097489,-15.166506],[53.410275,-15.169474],[-169.081961,-15.172442],[-31.574197,-15.17541],[105.933567,-15.178379],[-116.558669,-15.181347],[20.949095,-15.184316],[158.456859,-15.187284],[-64.035377,-15.190252],[73.472387,-15.193221],[-149.019849,-15.19619],[-11.512085,-15.199158],[125.995679,-15.202127],[-96.496557,-15.205096],[41.011207,-15.208064],[178.518971,-15.211033],[-43.973265,-15.214002],[93.534499,-15.216971],[-128.957737,-15.21994],[8.550028,-15.222909],[146.057792,-15.225878],[-76.434444,-15.228847],[61.07332,-15.231816],[-161.418916,-15.234785],[-23.911152,-15.237754],[113.596612,-15.240723],[-108.895624,-15.243692],[28.61214,-15.246662],[166.119904,-15.249631],[-56.372332,-15.2526],[81.135432,-15.25557],[-141.356804,-15.258539],[-3.84904,-15.261509],[133.658724,-15.264478],[-88.833512,-15.267448],[48.674252,-15.270417],[-173.817984,-15.273387],[-36.31022,-15.276357],[101.197544,-15.279326],[-121.294691,-15.282296],[16.213073,-15.285266],[153.720837,-15.288236],[-68.771399,-15.291206],[68.736365,-15.294176],[-153.755871,-15.297146],[-16.248107,-15.300116],[121.259657,-15.303086],[-101.232579,-15.306056],[36.275185,-15.309026],[173.782949,-15.311996],[-48.709287,-15.314967],[88.798477,-15.317937],[-133.693759,-15.320907],[3.814005,-15.323878],[141.321769,-15.326848],[-81.170467,-15.329819],[56.337297,-15.332789],[-166.154939,-15.33576],[-28.647175,-15.33873],[108.86059,-15.341701],[-113.631646,-15.344671],[23.876118,-15.347642],[161.383882,-15.350613],[-61.108354,-15.353584],[76.39941,-15.356555],[-146.092826,-15.359525],[-8.585062,-15.362496],[128.922702,-15.365467],[-93.569534,-15.368438],[43.93823,-15.371409],[-178.554006,-15.37438],[-41.046242,-15.377352],[96.461522,-15.380323],[-126.030714,-15.383294],[11.47705,-15.386265],[148.984814,-15.389237],[-73.507422,-15.392208],[64.000342,-15.395179],[-158.491894,-15.398151],[-20.984129,-15.401122],[116.523635,-15.404094],[-105.968601,-15.407065],[31.539163,-15.410037],[169.046927,-15.413009],[-53.445309,-15.41598],[84.062455,-15.418952],[-138.429781,-15.421924],[-0.922017,-15.424896],[136.585747,-15.427867],[-85.906489,-15.430839],[51.601275,-15.433811],[-170.890961,-15.436783],[-33.383197,-15.439755],[104.124567,-15.442727],[-118.367669,-15.445699],[19.140095,-15.448672],[156.647859,-15.451644],[-65.844377,-15.454616],[71.663387,-15.457588],[-150.828848,-15.460561],[-13.321084,-15.463533],[124.18668,-15.466505],[-98.305556,-15.469478],[39.202208,-15.47245],[176.709972,-15.475423],[-45.782264,-15.478395],[91.7255,-15.481368],[-130.766736,-15.484341],[6.741028,-15.487313],[144.248792,-15.490286],[-78.243444,-15.493259],[59.26432,-15.496232],[-163.227916,-15.499205],[-25.720152,-15.502178],[111.787612,-15.505151],[-110.704624,-15.508124],[26.80314,-15.511097],[164.310904,-15.51407],[-58.181332,-15.517043],[79.326433,-15.520016],[-143.165803,-15.522989],[-5.658039,-15.525963],[131.849725,-15.528936],[-90.642511,-15.531909],[46.865253,-15.534883],[-175.626983,-15.537856],[-38.119219,-15.540829],[99.388545,-15.543803],[-123.103691,-15.546777],[14.404073,-15.54975],[151.911837,-15.552724],[-70.580399,-15.555698],[66.927365,-15.558671],[-155.564871,-15.561645],[-18.057107,-15.564619],[119.450657,-15.567593],[-103.041579,-15.570567],[34.466185,-15.573541],[171.973949,-15.576515],[-50.518286,-15.579489],[86.989478,-15.582463],[-135.502758,-15.585437],[2.005006,-15.588411],[139.51277,-15.591385],[-82.979466,-15.594359],[54.528298,-15.597334],[-167.963938,-15.600308],[-30.456174,-15.603282],[107.05159,-15.606257],[-115.440646,-15.609231],[22.067118,-15.612206],[159.574882,-15.61518],[-62.917354,-15.618155],[74.59041,-15.62113],[-147.901826,-15.624104],[-10.394062,-15.627079],[127.113702,-15.630054],[-95.378534,-15.633029],[42.12923,-15.636004],[179.636995,-15.638978],[-42.855241,-15.641953],[94.652523,-15.644928],[-127.839713,-15.647903],[9.668051,-15.650878],[147.175815,-15.653854],[-75.316421,-15.656829],[62.191343,-15.659804],[-160.300893,-15.662779],[-22.793129,-15.665755],[114.714635,-15.66873],[-107.777601,-15.671705],[29.730163,-15.674681],[167.237927,-15.677656],[-55.254309,-15.680632],[82.253455,-15.683607],[-140.238781,-15.686583],[-2.731017,-15.689558],[134.776747,-15.692534],[-87.715489,-15.69551],[49.792276,-15.698486],[-172.69996,-15.701461],[-35.192196,-15.704437],[102.315568,-15.707413],[-120.176668,-15.710389],[17.331096,-15.713365],[154.83886,-15.716341],[-67.653376,-15.719317],[69.854388,-15.722293],[-152.637848,-15.725269],[-15.130084,-15.728246],[122.37768,-15.731222],[-100.114556,-15.734198],[37.393208,-15.737174],[174.900972,-15.740151],[-47.591264,-15.743127],[89.9165,-15.746104],[-132.575736,-15.74908],[4.932028,-15.752057],[142.439792,-15.755033],[-80.052443,-15.75801],[57.455321,-15.760987],[-165.036915,-15.763963],[-27.529151,-15.76694],[109.978613,-15.769917],[-112.513623,-15.772894],[24.994141,-15.775871],[162.501905,-15.778848],[-59.990331,-15.781825],[77.517433,-15.784802],[-144.974803,-15.787779],[-7.467039,-15.790756],[130.040725,-15.793733],[-92.451511,-15.79671],[45.056253,-15.799688],[-177.435983,-15.802665],[-39.928219,-15.805642],[97.579545,-15.80862],[-124.912691,-15.811597],[12.595073,-15.814574],[150.102838,-15.817552],[-72.389398,-15.82053],[65.118366,-15.823507],[-157.37387,-15.826485],[-19.866106,-15.829462],[117.641658,-15.83244],[-104.850578,-15.835418],[32.657186,-15.838396],[170.16495,-15.841374],[-52.327286,-15.844352],[85.180478,-15.84733],[-137.311758,-15.850308],[0.196006,-15.853286],[137.70377,-15.856264],[-84.788466,-15.859242],[52.719298,-15.86222],[-169.772938,-15.865198],[-32.265174,-15.868176],[105.24259,-15.871155],[-117.249646,-15.874133],[20.258119,-15.877111],[157.765883,-15.88009],[-64.726353,-15.883068],[72.781411,-15.886047],[-149.710825,-15.889025],[-12.203061,-15.892004],[125.304703,-15.894983],[-97.187533,-15.897961],[40.320231,-15.90094],[177.827995,-15.903919],[-44.664241,-15.906898],[92.843523,-15.909877],[-129.648713,-15.912856],[7.859051,-15.915835],[145.366815,-15.918814],[-77.125421,-15.921793],[60.382343,-15.924772],[-162.109893,-15.927751],[-24.602129,-15.93073],[112.905635,-15.933709],[-109.5866,-15.936689],[27.921164,-15.939668],[165.428928,-15.942647],[-57.063308,-15.945627],[80.444456,-15.948606],[-142.04778,-15.951586],[-4.540016,-15.954565],[132.967748,-15.957545],[-89.524488,-15.960524],[47.983276,-15.963504],[-174.50896,-15.966484],[-37.001196,-15.969463],[100.506568,-15.972443],[-121.985668,-15.975423],[15.522096,-15.978403],[153.02986,-15.981383],[-69.462376,-15.984363],[68.045388,-15.987343],[-154.446848,-15.990323],[-16.939084,-15.993303],[120.568681,-15.996283],[-101.923555,-15.999264],[35.584209,-16.002244],[173.091973,-16.005224],[-49.400263,-16.008204],[88.107501,-16.011185],[-134.384735,-16.014165],[3.123029,-16.017146],[140.630793,-16.020126],[-81.861443,-16.023107],[55.646321,-16.026087],[-166.845915,-16.029068],[-29.338151,-16.032049],[108.169613,-16.035029],[-114.322623,-16.03801],[23.185141,-16.040991],[160.692905,-16.043972],[-61.799331,-16.046953],[75.708433,-16.049934],[-146.783803,-16.052915],[-9.276038,-16.055896],[128.231726,-16.058877],[-94.26051,-16.061858],[43.247254,-16.064839],[-179.244982,-16.067821],[-41.737218,-16.070802],[95.770546,-16.073783],[-126.72169,-16.076765],[10.786074,-16.079746],[148.293838,-16.082727],[-74.198398,-16.085709],[63.309366,-16.08869],[-159.18287,-16.091672],[-21.675106,-16.094654],[115.832658,-16.097635],[-106.659578,-16.100617],[30.848186,-16.103599],[168.35595,-16.106581],[-54.136286,-16.109562],[83.371478,-16.112544],[-139.120757,-16.115526],[-1.612993,-16.118508],[135.894771,-16.12149],[-86.597465,-16.124472],[50.910299,-16.127455],[-171.581937,-16.130437],[-34.074173,-16.133419],[103.433591,-16.136401],[-119.058645,-16.139383],[18.449119,-16.142366],[155.956883,-16.145348],[-66.535353,-16.148331],[70.972411,-16.151313],[-151.519825,-16.154296],[-14.012061,-16.157278],[123.495703,-16.160261],[-98.996533,-16.163244],[38.511231,-16.166226],[176.018995,-16.169209],[-46.473241,-16.172192],[91.034524,-16.175175],[-131.457712,-16.178158],[6.050052,-16.18114],[143.557816,-16.184123],[-78.93442,-16.187106],[58.573344,-16.19009],[-163.918892,-16.193073],[-26.411128,-16.196056],[111.096636,-16.199039],[-111.3956,-16.202022],[26.112164,-16.205006],[163.619928,-16.207989],[-58.872308,-16.210972],[78.635456,-16.213956],[-143.85678,-16.216939],[-6.349016,-16.219923],[131.158748,-16.222906],[-91.333488,-16.22589],[46.174276,-16.228874],[-176.31796,-16.231857],[-38.810195,-16.234841],[98.697569,-16.237825],[-123.794667,-16.240809],[13.713097,-16.243793],[151.220861,-16.246776],[-71.271375,-16.24976],[66.236389,-16.252744],[-156.255847,-16.255729],[-18.748083,-16.258713],[118.759681,-16.261697],[-103.732555,-16.264681],[33.775209,-16.267665],[171.282973,-16.27065],[-51.209263,-16.273634],[86.298501,-16.276618],[-136.193735,-16.279603],[1.314029,-16.282587],[138.821793,-16.285572],[-83.670443,-16.288556],[53.837321,-16.291541],[-168.654914,-16.294525],[-31.14715,-16.29751],[106.360614,-16.300495],[-116.131622,-16.30348],[21.376142,-16.306465],[158.883906,-16.309449],[-63.60833,-16.312434],[73.899434,-16.315419],[-148.592802,-16.318404],[-11.085038,-16.321389],[126.422726,-16.324375],[-96.06951,-16.32736],[41.438254,-16.330345],[178.946018,-16.33333],[-43.546218,-16.336315],[93.961546,-16.339301],[-128.53069,-16.342286],[8.977074,-16.345272],[146.484838,-16.348257],[-76.007398,-16.351243],[61.500367,-16.354228],[-160.991869,-16.357214],[-23.484105,-16.360199],[114.023659,-16.363185],[-108.468577,-16.366171],[29.039187,-16.369157],[166.546951,-16.372142],[-55.945285,-16.375128],[81.562479,-16.378114],[-140.929757,-16.3811],[-3.421993,-16.384086],[134.085771,-16.387072],[-88.406465,-16.390058],[49.101299,-16.393045],[-173.390937,-16.396031],[-35.883173,-16.399017],[101.624591,-16.402003],[-120.867645,-16.40499],[16.640119,-16.407976],[154.147883,-16.410963],[-68.344352,-16.413949],[69.163412,-16.416936],[-153.328824,-16.419922],[-15.82106,-16.422909],[121.686704,-16.425895],[-100.805532,-16.428882],[36.702232,-16.431869],[174.209996,-16.434856],[-48.28224,-16.437843],[89.225524,-16.440829],[-133.266712,-16.443816],[4.241052,-16.446803],[141.748816,-16.44979],[-80.74342,-16.452777],[56.764344,-16.455765],[-165.727892,-16.458752],[-28.220128,-16.461739],[109.287636,-16.464726],[-113.2046,-16.467714],[24.303164,-16.470701],[161.810929,-16.473688],[-60.681307,-16.476676],[76.826457,-16.479663],[-145.665779,-16.482651],[-8.158015,-16.485638],[129.349749,-16.488626],[-93.142487,-16.491614],[44.365277,-16.494601],[-178.126959,-16.497589],[-40.619195,-16.500577],[96.888569,-16.503565],[-125.603667,-16.506553],[11.904097,-16.509541],[149.411861,-16.512529],[-73.080375,-16.515517],[64.427389,-16.518505],[-158.064847,-16.521493],[-20.557083,-16.524481],[116.950681,-16.527469],[-105.541555,-16.530458],[31.96621,-16.533446],[169.473974,-16.536434],[-53.018262,-16.539423],[84.489502,-16.542411],[-138.002734,-16.5454],[-0.49497,-16.548388],[137.012794,-16.551377],[-85.479442,-16.554366],[52.028322,-16.557354],[-170.463914,-16.560343],[-32.95615,-16.563332],[104.551614,-16.566321],[-117.940622,-16.569309],[19.567142,-16.572298],[157.074906,-16.575287],[-65.41733,-16.578276],[72.090434,-16.581265],[-150.401802,-16.584255],[-12.894038,-16.587244],[124.613726,-16.590233],[-97.878509,-16.593222],[39.629255,-16.596211],[177.137019,-16.599201],[-45.355217,-16.60219],[92.152547,-16.60518],[-130.339689,-16.608169],[7.168075,-16.611159],[144.675839,-16.614148],[-77.816397,-16.617138],[59.691367,-16.620127],[-162.800869,-16.623117],[-25.293105,-16.626107],[112.214659,-16.629097],[-110.277577,-16.632087],[27.230187,-16.635077],[164.737951,-16.638066],[-57.754285,-16.641056],[79.753479,-16.644047],[-142.738757,-16.647037],[-5.230993,-16.650027],[132.276772,-16.653017],[-90.215464,-16.656007],[47.2923,-16.658997],[-175.199936,-16.661988],[-37.692172,-16.664978],[99.815592,-16.667969],[-122.676644,-16.670959],[14.83112,-16.67395],[152.338884,-16.67694],[-70.153352,-16.679931],[67.354412,-16.682921],[-155.137824,-16.685912],[-17.63006,-16.688903],[119.877704,-16.691894],[-102.614532,-16.694884],[34.893232,-16.697875],[172.400996,-16.700866],[-50.09124,-16.703857],[87.416524,-16.706848],[-135.075712,-16.709839],[2.432053,-16.71283],[139.939817,-16.715822],[-82.552419,-16.718813],[54.955345,-16.721804],[-167.536891,-16.724795],[-30.029127,-16.727787],[107.478637,-16.730778],[-115.013599,-16.73377],[22.494165,-16.736761],[160.001929,-16.739753],[-62.490307,-16.742744],[75.017457,-16.745736],[-147.474779,-16.748727],[-9.967015,-16.751719],[127.540749,-16.754711],[-94.951487,-16.757703],[42.556277,-16.760695],[-179.935959,-16.763687],[-42.428195,-16.766679],[95.079569,-16.769671],[-127.412666,-16.772663],[10.095098,-16.775655],[147.602862,-16.778647],[-74.889374,-16.781639],[62.61839,-16.784631],[-159.873846,-16.787624],[-22.366082,-16.790616],[115.141682,-16.793608],[-107.350554,-16.796601],[30.15721,-16.799593],[167.664974,-16.802586],[-54.827262,-16.805578],[82.680502,-16.808571],[-139.811734,-16.811564],[-2.30397,-16.814556],[135.203794,-16.817549],[-87.288442,-16.820542],[50.219322,-16.823535],[-172.272914,-16.826528],[-34.76515,-16.829521],[102.742615,-16.832514],[-119.749621,-16.835507],[17.758143,-16.8385],[155.265907,-16.841493],[-67.226329,-16.844486],[70.281435,-16.847479],[-152.210801,-16.850473],[-14.703037,-16.853466],[122.804727,-16.856459],[-99.687509,-16.859453],[37.820255,-16.862446],[175.328019,-16.86544],[-47.164217,-16.868433],[90.343547,-16.871427],[-132.148689,-16.874421],[5.359075,-16.877414],[142.866839,-16.880408],[-79.625397,-16.883402],[57.882367,-16.886396],[-164.609869,-16.88939],[-27.102104,-16.892384],[110.40566,-16.895378],[-112.086576,-16.898372],[25.421188,-16.901366],[162.928952,-16.90436],[-59.563284,-16.907354],[77.94448,-16.910348],[-144.547756,-16.913343],[-7.039992,-16.916337],[130.467772,-16.919331],[-92.024464,-16.922326],[45.4833,-16.92532],[-177.008936,-16.928315],[-39.501172,-16.931309],[98.006592,-16.934304],[-124.485644,-16.937298],[13.02212,-16.940293],[150.529884,-16.943288],[-71.962352,-16.946283],[65.545412,-16.949278],[-156.946823,-16.952273],[-19.439059,-16.955267],[118.068705,-16.958262],[-104.423531,-16.961258],[33.084233,-16.964253],[170.591997,-16.967248],[-51.900239,-16.970243],[85.607525,-16.973238],[-136.884711,-16.976233],[0.623053,-16.979229],[138.130817,-16.982224],[-84.361419,-16.98522],[53.146345,-16.988215],[-169.345891,-16.991211],[-31.838127,-16.994206],[105.669637,-16.997202],[-116.822599,-17.000197],[20.685165,-17.003193],[158.192929,-17.006189],[-64.299307,-17.009185],[73.208458,-17.012181],[-149.283778,-17.015176],[-11.776014,-17.018172],[125.73175,-17.021168],[-96.760486,-17.024164],[40.747278,-17.027161],[178.255042,-17.030157],[-44.237194,-17.033153],[93.27057,-17.036149],[-129.221666,-17.039145],[8.286098,-17.042142],[145.793862,-17.045138],[-76.698374,-17.048135],[60.80939,-17.051131],[-161.682846,-17.054128],[-24.175082,-17.057124],[113.332682,-17.060121],[-109.159554,-17.063117],[28.34821,-17.066114],[165.855974,-17.069111],[-56.636261,-17.072108],[80.871503,-17.075105],[-141.620733,-17.078102],[-4.112969,-17.081099],[133.394795,-17.084096],[-89.097441,-17.087093],[48.410323,-17.09009],[-174.081913,-17.093087],[-36.574149,-17.096084],[100.933615,-17.099081],[-121.558621,-17.102079],[15.949143,-17.105076],[153.456907,-17.108073],[-69.035329,-17.111071],[68.472435,-17.114068],[-154.019801,-17.117066],[-16.512037,-17.120063],[120.995727,-17.123061],[-101.496509,-17.126059],[36.011255,-17.129056],[173.51902,-17.132054],[-48.973216,-17.135052],[88.534548,-17.13805],[-133.957688,-17.141048],[3.550076,-17.144046],[141.05784,-17.147044],[-81.434396,-17.150042],[56.073368,-17.15304],[-166.418868,-17.156038],[-28.911104,-17.159036],[108.59666,-17.162035],[-113.895576,-17.165033],[23.612188,-17.168031],[161.119952,-17.17103],[-61.372284,-17.174028],[76.13548,-17.177027],[-146.356756,-17.180025],[-8.848992,-17.183024],[128.658772,-17.186023],[-93.833464,-17.189021],[43.674301,-17.19202],[-178.817935,-17.195019],[-41.310171,-17.198018],[96.197593,-17.201017],[-126.294643,-17.204016],[11.213121,-17.207015],[148.720885,-17.210014],[-73.771351,-17.213013],[63.736413,-17.216012],[-158.755823,-17.219011],[-21.248059,-17.22201],[116.259705,-17.22501],[-106.232531,-17.228009],[31.275233,-17.231008],[168.782997,-17.234008],[-53.709239,-17.237007],[83.798525,-17.240007],[-138.693711,-17.243006],[-1.185947,-17.246006],[136.321817,-17.249006],[-86.170418,-17.252005],[51.337346,-17.255005],[-171.15489,-17.258005],[-33.647126,-17.261005],[103.860638,-17.264005],[-118.631598,-17.267005],[18.876166,-17.270005],[156.38393,-17.273005],[-66.108306,-17.276005],[71.399458,-17.279005],[-151.092778,-17.282005],[-13.585014,-17.285006],[123.92275,-17.288006],[-98.569486,-17.291006],[38.938278,-17.294007],[176.446042,-17.297007],[-46.046194,-17.300008],[91.46157,-17.303008],[-131.030666,-17.306009],[6.477098,-17.309009],[143.984863,-17.31201],[-78.507373,-17.315011],[59.000391,-17.318012],[-163.491845,-17.321012],[-25.984081,-17.324013],[111.523683,-17.327014],[-110.968553,-17.330015],[26.539211,-17.333016],[164.046975,-17.336017],[-58.445261,-17.339019],[79.062503,-17.34202],[-143.429733,-17.345021],[-5.921969,-17.348022],[131.585795,-17.351024],[-90.906441,-17.354025],[46.601323,-17.357026],[-175.890913,-17.360028],[-38.383149,-17.36303],[99.124615,-17.366031],[-123.367621,-17.369033],[14.140144,-17.372034],[151.647908,-17.375036],[-70.844328,-17.378038],[66.663436,-17.38104],[-155.8288,-17.384042],[-18.321036,-17.387044],[119.186728,-17.390046],[-103.305508,-17.393048],[34.202256,-17.39605],[171.71002,-17.399052],[-50.782216,-17.402054],[86.725548,-17.405056],[-135.766688,-17.408058],[1.741076,-17.411061],[139.24884,-17.414063],[-83.243396,-17.417066],[54.264368,-17.420068],[-168.227868,-17.423071],[-30.720104,-17.426073],[106.78766,-17.429076],[-115.704575,-17.432078],[21.803189,-17.435081],[159.310953,-17.438084],[-63.181283,-17.441087],[74.326481,-17.44409],[-148.165755,-17.447093],[-10.657991,-17.450095],[126.849773,-17.453099],[-95.642463,-17.456102],[41.865301,-17.459105],[179.373065,-17.462108],[-43.119171,-17.465111],[94.388593,-17.468114],[-128.103643,-17.471118],[9.404121,-17.474121],[146.911885,-17.477124],[-75.580351,-17.480128],[61.927413,-17.483131],[-160.564823,-17.486135],[-23.057059,-17.489139],[114.450706,-17.492142],[-108.04153,-17.495146],[29.466234,-17.49815],[166.973998,-17.501153],[-55.518238,-17.504157],[81.989526,-17.507161],[-140.50271,-17.510165],[-2.994946,-17.513169],[134.512818,-17.516173],[-87.979418,-17.519177],[49.528346,-17.522182],[-172.96389,-17.525186],[-35.456126,-17.52819],[102.051638,-17.531194],[-120.440598,-17.534199],[17.067166,-17.537203],[154.57493,-17.540208],[-67.917306,-17.543212],[69.590458,-17.546217],[-152.901778,-17.549221],[-15.394013,-17.552226],[122.113751,-17.555231],[-100.378485,-17.558235],[37.129279,-17.56124],[174.637043,-17.564245],[-47.855193,-17.56725],[89.652571,-17.570255],[-132.839665,-17.57326],[4.668099,-17.576265],[142.175863,-17.57927],[-80.316373,-17.582275],[57.191391,-17.58528],[-165.300845,-17.588286],[-27.793081,-17.591291],[109.714683,-17.594296],[-112.777553,-17.597302],[24.730211,-17.600307],[162.237975,-17.603313],[-60.254261,-17.606318],[77.253503,-17.609324],[-145.238732,-17.612329],[-7.730968,-17.615335],[129.776796,-17.618341],[-92.71544,-17.621347],[44.792324,-17.624353],[-177.699912,-17.627358],[-40.192148,-17.630364],[97.315616,-17.63337],[-125.17662,-17.636376],[12.331144,-17.639383],[149.838908,-17.642389],[-72.653328,-17.645395],[64.854436,-17.648401],[-157.6378,-17.651407],[-20.130036,-17.654414],[117.377728,-17.65742],[-105.114508,-17.660427],[32.393256,-17.663433],[169.90102,-17.66644],[-52.591216,-17.669446],[84.916549,-17.672453],[-137.575687,-17.67546],[-0.067923,-17.678466],[137.439841,-17.681473],[-85.052395,-17.68448],[52.455369,-17.687487],[-170.036867,-17.690494],[-32.529103,-17.693501],[104.978661,-17.696508],[-117.513575,-17.699515],[19.994189,-17.702522],[157.501953,-17.70553],[-64.990283,-17.708537],[72.517481,-17.711544],[-149.974755,-17.714551],[-12.466991,-17.717559],[125.040773,-17.720566],[-97.451463,-17.723574],[40.056301,-17.726581],[177.564065,-17.729589],[-44.92817,-17.732597],[92.579594,-17.735604],[-129.912642,-17.738612],[7.595122,-17.74162],[145.102886,-17.744628],[-77.38935,-17.747636],[60.118414,-17.750644],[-162.373822,-17.753652],[-24.866058,-17.75666],[112.641706,-17.759668],[-109.85053,-17.762676],[27.657234,-17.765684],[165.164998,-17.768693],[-57.327238,-17.771701],[80.180526,-17.774709],[-142.31171,-17.777718],[-4.803946,-17.780726],[132.703818,-17.783735],[-89.788418,-17.786743],[47.719346,-17.789752],[-174.772889,-17.792761],[-37.265125,-17.795769],[100.242639,-17.798778],[-122.249597,-17.801787],[15.258167,-17.804796],[152.765931,-17.807805],[-69.726305,-17.810814],[67.781459,-17.813823],[-154.710777,-17.816832],[-17.203013,-17.819841],[120.304751,-17.82285],[-102.187485,-17.825859],[35.320279,-17.828869],[172.828043,-17.831878],[-49.664193,-17.834887],[87.843571,-17.837897],[-134.648665,-17.840906],[2.859099,-17.843916],[140.366863,-17.846925],[-82.125373,-17.849935],[55.382392,-17.852945],[-167.109844,-17.855955],[-29.60208,-17.858964],[107.905684,-17.861974],[-114.586552,-17.864984],[22.921212,-17.867994],[160.428976,-17.871004],[-62.06326,-17.874014],[75.444504,-17.877024],[-147.047732,-17.880034],[-9.539968,-17.883045],[127.967796,-17.886055],[-94.52444,-17.889065],[42.983324,-17.892075],[-179.508912,-17.895086],[-42.001148,-17.898096],[95.506616,-17.901107],[-126.98562,-17.904117],[10.522144,-17.907128],[148.029908,-17.910139],[-74.462327,-17.913149],[63.045437,-17.91616],[-159.446799,-17.919171],[-21.939035,-17.922182],[115.568729,-17.925193],[-106.923507,-17.928204],[30.584257,-17.931215],[168.092021,-17.934226],[-54.400215,-17.937237],[83.107549,-17.940248],[-139.384687,-17.943259],[-1.876923,-17.946271],[135.630841,-17.949282],[-86.861395,-17.952293],[50.646369,-17.955305],[-171.845867,-17.958316],[-34.338103,-17.961328],[103.169661,-17.964339],[-119.322575,-17.967351],[18.185189,-17.970363],[155.692954,-17.973374],[-66.799282,-17.976386],[70.708482,-17.979398],[-151.783754,-17.98241],[-14.27599,-17.985422],[123.231774,-17.988434],[-99.260462,-17.991446],[38.247302,-17.994458],[175.755066,-17.99747],[-46.73717,-18.000482],[90.770594,-18.003495],[-131.721642,-18.006507],[5.786122,-18.009519],[143.293886,-18.012532],[-79.19835,-18.015544],[58.309414,-18.018557],[-164.182822,-18.021569],[-26.675058,-18.024582],[110.832706,-18.027594],[-111.65953,-18.030607],[25.848235,-18.03362],[163.355999,-18.036633],[-59.136237,-18.039646],[78.371527,-18.042659],[-144.120709,-18.045671],[-6.612945,-18.048684],[130.894819,-18.051698],[-91.597417,-18.054711],[45.910347,-18.057724],[-176.581889,-18.060737],[-39.074125,-18.06375],[98.433639,-18.066764],[-124.058597,-18.069777],[13.449167,-18.072791],[150.956931,-18.075804],[-71.535305,-18.078818],[65.972459,-18.081831],[-156.519777,-18.084845],[-19.012013,-18.087859],[118.495751,-18.090872],[-103.996484,-18.093886],[33.51128,-18.0969],[171.019044,-18.099914],[-51.473192,-18.102928],[86.034572,-18.105942],[-136.457664,-18.108956],[1.0501,-18.11197],[138.557864,-18.114984],[-83.934372,-18.117998],[53.573392,-18.121013],[-168.918844,-18.124027],[-31.41108,-18.127041],[106.096684,-18.130056],[-116.395552,-18.13307],[21.112212,-18.136085],[158.619976,-18.139099],[-63.87226,-18.142114],[73.635504,-18.145129],[-148.856732,-18.148143],[-11.348968,-18.151158],[126.158797,-18.154173],[-96.333439,-18.157188],[41.174325,-18.160203],[178.682089,-18.163218],[-43.810147,-18.166233],[93.697617,-18.169248],[-128.794619,-18.172263],[8.713145,-18.175278],[146.220909,-18.178294],[-76.271327,-18.181309],[61.236437,-18.184324],[-161.255799,-18.18734],[-23.748035,-18.190355],[113.759729,-18.193371],[-108.732507,-18.196386],[28.775257,-18.199402],[166.283021,-18.202417],[-56.209215,-18.205433],[81.298549,-18.208449],[-141.193687,-18.211465],[-3.685922,-18.214481],[133.821842,-18.217497],[-88.670394,-18.220513],[48.83737,-18.223529],[-173.654866,-18.226545],[-36.147102,-18.229561],[101.360662,-18.232577],[-121.131574,-18.235593],[16.37619,-18.23861],[153.883954,-18.241626],[-68.608282,-18.244642],[68.899482,-18.247659],[-153.592754,-18.250675],[-16.08499,-18.253692],[121.422774,-18.256708],[-101.069462,-18.259725],[36.438302,-18.262742],[173.946066,-18.265759],[-48.54617,-18.268775],[88.961594,-18.271792],[-133.530641,-18.274809],[3.977123,-18.277826],[141.484887,-18.280843],[-81.007349,-18.28386],[56.500415,-18.286877],[-165.991821,-18.289895],[-28.484057,-18.292912],[109.023707,-18.295929],[-113.468529,-18.298947],[24.039235,-18.301964],[161.546999,-18.304981],[-60.945237,-18.307999],[76.562527,-18.311016],[-145.929709,-18.314034],[-8.421945,-18.317052],[129.085819,-18.320069],[-93.406417,-18.323087],[44.101347,-18.326105],[-178.390889,-18.329123],[-40.883125,-18.332141],[96.62464,-18.335159],[-125.867596,-18.338177],[11.640168,-18.341195],[149.147932,-18.344213],[-73.344304,-18.347231],[64.16346,-18.35025],[-158.328776,-18.353268],[-20.821012,-18.356286],[116.686752,-18.359305],[-105.805484,-18.362323],[31.70228,-18.365342],[169.210044,-18.36836],[-53.282192,-18.371379],[84.225572,-18.374397],[-138.266664,-18.377416],[-0.7589,-18.380435],[136.748864,-18.383454],[-85.743372,-18.386473],[51.764392,-18.389491],[-170.727844,-18.39251],[-33.220079,-18.39553],[104.287685,-18.398549],[-118.204551,-18.401568],[19.303213,-18.404587],[156.810977,-18.407606],[-65.681259,-18.410625],[71.826505,-18.413645],[-150.665731,-18.416664],[-13.157967,-18.419684],[124.349797,-18.422703],[-98.142439,-18.425723],[39.365325,-18.428742],[176.873089,-18.431762],[-45.619147,-18.434782],[91.888617,-18.437802],[-130.603619,-18.440821],[6.904145,-18.443841],[144.411909,-18.446861],[-78.080327,-18.449881],[59.427437,-18.452901],[-163.064798,-18.455921],[-25.557034,-18.458941],[111.95073,-18.461962],[-110.541506,-18.464982],[26.966258,-18.468002],[164.474022,-18.471023],[-58.018214,-18.474043],[79.48955,-18.477063],[-143.002686,-18.480084],[-5.494922,-18.483105],[132.012842,-18.486125],[-90.479394,-18.489146],[47.02837,-18.492167],[-175.463866,-18.495187],[-37.956102,-18.498208],[99.551662,-18.501229],[-122.940574,-18.50425],[14.56719,-18.507271],[152.074954,-18.510292],[-70.417282,-18.513313],[67.090483,-18.516334],[-155.401753,-18.519356],[-17.893989,-18.522377],[119.613775,-18.525398],[-102.878461,-18.52842],[34.629303,-18.531441],[172.137067,-18.534462],[-50.355169,-18.537484],[87.152595,-18.540506],[-135.339641,-18.543527],[2.168123,-18.546549],[139.675887,-18.549571],[-82.816349,-18.552592],[54.691415,-18.555614],[-167.800821,-18.558636],[-30.293057,-18.561658],[107.214707,-18.56468],[-115.277529,-18.567702],[22.230235,-18.570724],[159.737999,-18.573747],[-62.754236,-18.576769],[74.753528,-18.579791],[-147.738708,-18.582813],[-10.230944,-18.585836],[127.27682,-18.588858],[-95.215416,-18.591881],[42.292348,-18.594903],[179.800112,-18.597926],[-42.692124,-18.600949],[94.81564,-18.603971],[-127.676596,-18.606994],[9.831168,-18.610017],[147.338932,-18.61304],[-75.153304,-18.616063],[62.35446,-18.619086],[-160.137776,-18.622109],[-22.630012,-18.625132],[114.877752,-18.628155],[-107.614484,-18.631178],[29.89328,-18.634201],[167.401045,-18.637225],[-55.091191,-18.640248],[82.416573,-18.643271],[-140.075663,-18.646295],[-2.567899,-18.649318],[134.939865,-18.652342],[-87.552371,-18.655366],[49.955393,-18.658389],[-172.536843,-18.661413],[-35.029079,-18.664437],[102.478685,-18.667461],[-120.013551,-18.670485],[17.494213,-18.673508],[155.001977,-18.676532],[-67.490259,-18.679557],[70.017505,-18.682581],[-152.474731,-18.685605],[-14.966967,-18.688629],[122.540797,-18.691653],[-99.951439,-18.694678],[37.556326,-18.697702],[175.06409,-18.700726],[-47.428146,-18.703751],[90.079618,-18.706775],[-132.412618,-18.7098],[5.095146,-18.712825],[142.60291,-18.715849],[-79.889326,-18.718874],[57.618438,-18.721899],[-164.873798,-18.724924],[-27.366034,-18.727949],[110.14173,-18.730974],[-112.350506,-18.733999],[25.157258,-18.737024],[162.665022,-18.740049],[-59.827214,-18.743074],[77.68055,-18.746099],[-144.811686,-18.749125],[-7.303922,-18.75215],[130.203843,-18.755176],[-92.288393,-18.758201],[45.219371,-18.761226],[-177.272865,-18.764252],[-39.765101,-18.767278],[97.742663,-18.770303],[-124.749573,-18.773329],[12.758191,-18.776355],[150.265955,-18.779381],[-72.226281,-18.782407],[65.281483,-18.785433],[-157.210753,-18.788459],[-19.702989,-18.791485],[117.804775,-18.794511],[-104.687461,-18.797537],[32.820303,-18.800563],[170.328067,-18.803589],[-52.164169,-18.806616],[85.343595,-18.809642],[-137.148641,-18.812669],[0.359124,-18.815695],[137.866888,-18.818722],[-84.625348,-18.821748],[52.882416,-18.824775],[-169.60982,-18.827802],[-32.102056,-18.830828],[105.405708,-18.833855],[-117.086528,-18.836882],[20.421236,-18.839909],[157.929,-18.842936],[-64.563236,-18.845963],[72.944528,-18.84899],[-149.547708,-18.852017],[-12.039944,-18.855045],[125.46782,-18.858072],[-97.024416,-18.861099],[40.483348,-18.864126],[177.991112,-18.867154],[-44.501124,-18.870181],[93.00664,-18.873209],[-129.485595,-18.876236],[8.022169,-18.879264],[145.529933,-18.882292],[-76.962303,-18.88532],[60.545461,-18.888347],[-161.946775,-18.891375],[-24.439011,-18.894403],[113.068753,-18.897431],[-109.423483,-18.900459],[28.084281,-18.903487],[165.592045,-18.906515],[-56.900191,-18.909544],[80.607573,-18.912572],[-141.884663,-18.9156],[-4.376899,-18.918628],[133.130865,-18.921657],[-89.361371,-18.924685],[48.146393,-18.927714],[-174.345843,-18.930742],[-36.838079,-18.933771],[100.669686,-18.9368],[-121.82255,-18.939828],[15.685214,-18.942857],[153.192978,-18.945886],[-69.299258,-18.948915],[68.208506,-18.951944],[-154.28373,-18.954973],[-16.775966,-18.958002],[120.731798,-18.961031],[-101.760438,-18.96406],[35.747326,-18.96709],[173.25509,-18.970119],[-49.237146,-18.973148],[88.270618,-18.976178],[-134.221618,-18.979207],[3.286146,-18.982237],[140.79391,-18.985266],[-81.698326,-18.988296],[55.809438,-18.991325],[-166.682798,-18.994355],[-29.175033,-18.997385],[108.332731,-19.000415],[-114.159505,-19.003445],[23.348259,-19.006475],[160.856023,-19.009505],[-61.636213,-19.012535],[75.871551,-19.015565],[-146.620685,-19.018595],[-9.112921,-19.021625],[128.394843,-19.024656],[-94.097393,-19.027686],[43.410371,-19.030716],[-179.081865,-19.033747],[-41.574101,-19.036777],[95.933663,-19.039808],[-126.558573,-19.042838],[10.949191,-19.045869],[148.456955,-19.0489],[-74.035281,-19.051931],[63.472483,-19.054961],[-159.019752,-19.057992],[-21.511988,-19.061023],[115.995776,-19.064054],[-106.49646,-19.067085],[31.011304,-19.070116],[168.519068,-19.073148],[-53.973168,-19.076179],[83.534596,-19.07921],[-138.95764,-19.082241],[-1.449876,-19.085273],[136.057888,-19.088304],[-86.434348,-19.091336],[51.073416,-19.094367],[-171.41882,-19.097399],[-33.911056,-19.100431],[103.596708,-19.103462],[-118.895528,-19.106494],[18.612236,-19.109526],[156.12,-19.112558],[-66.372236,-19.11559],[71.135529,-19.118622],[-151.356707,-19.121654],[-13.848943,-19.124686],[123.658821,-19.127718],[-98.833415,-19.13075],[38.674349,-19.133783],[176.182113,-19.136815],[-46.310123,-19.139847],[91.197641,-19.14288],[-131.294595,-19.145912],[6.213169,-19.148945],[143.720933,-19.151977],[-78.771303,-19.15501],[58.736461,-19.158043],[-163.755775,-19.161076],[-26.248011,-19.164108],[111.259753,-19.167141],[-111.232483,-19.170174],[26.275281,-19.173207],[163.783045,-19.17624],[-58.70919,-19.179273],[78.798574,-19.182307],[-143.693662,-19.18534],[-6.185898,-19.188373],[131.321866,-19.191406],[-91.17037,-19.19444],[46.337394,-19.197473],[-176.154842,-19.200507],[-38.647078,-19.20354],[98.860686,-19.206574],[-123.63155,-19.209608],[13.876214,-19.212641],[151.383978,-19.215675],[-71.108258,-19.218709],[66.399506,-19.221743],[-156.09273,-19.224777],[-18.584966,-19.227811],[118.922798,-19.230845],[-103.569438,-19.233879],[33.938326,-19.236913],[171.446091,-19.239947],[-51.046145,-19.242982],[86.461619,-19.246016],[-136.030617,-19.249051],[1.477147,-19.252085],[138.984911,-19.255119],[-83.507325,-19.258154],[54.000439,-19.261189],[-168.491797,-19.264223],[-30.984033,-19.267258],[106.523731,-19.270293],[-115.968505,-19.273328],[21.539259,-19.276363],[159.047023,-19.279398],[-63.445213,-19.282433],[74.062551,-19.285468],[-148.429685,-19.288503],[-10.921921,-19.291538],[126.585843,-19.294573],[-95.906393,-19.297609],[41.601372,-19.300644],[179.109136,-19.303679],[-43.3831,-19.306715],[94.124664,-19.30975],[-128.367572,-19.312786],[9.140192,-19.315822],[146.647956,-19.318857],[-75.84428,-19.321893],[61.663484,-19.324929],[-160.828752,-19.327965],[-23.320988,-19.331001],[114.186776,-19.334037],[-108.30546,-19.337073],[29.202304,-19.340109],[166.710068,-19.343145],[-55.782168,-19.346181],[81.725596,-19.349217],[-140.76664,-19.352254],[-3.258876,-19.35529],[134.248888,-19.358326],[-88.243347,-19.361363],[49.264417,-19.364399],[-173.227819,-19.367436],[-35.720055,-19.370473],[101.787709,-19.373509],[-120.704527,-19.376546],[16.803237,-19.379583],[154.311001,-19.38262],[-68.181235,-19.385657],[69.326529,-19.388694],[-153.165707,-19.391731],[-15.657943,-19.394768],[121.849821,-19.397805],[-100.642415,-19.400842],[36.865349,-19.40388],[174.373113,-19.406917],[-48.119123,-19.409954],[89.388641,-19.412992],[-133.103595,-19.416029],[4.404169,-19.419067],[141.911934,-19.422105],[-80.580302,-19.425142],[56.927462,-19.42818],[-165.564774,-19.431218],[-28.05701,-19.434256],[109.450754,-19.437294],[-113.041482,-19.440331],[24.466282,-19.443369],[161.974046,-19.446408],[-60.51819,-19.449446],[76.989574,-19.452484],[-145.502662,-19.455522],[-7.994898,-19.45856],[129.512866,-19.461599],[-92.97937,-19.464637],[44.528394,-19.467676],[-177.963842,-19.470714],[-40.456078,-19.473753],[97.051686,-19.476791],[-125.44055,-19.47983],[12.067215,-19.482869],[149.574979,-19.485908],[-72.917257,-19.488947],[64.590507,-19.491986],[-157.901729,-19.495024],[-20.393965,-19.498064],[117.113799,-19.501103],[-105.378437,-19.504142],[32.129327,-19.507181],[169.637091,-19.51022],[-52.855145,-19.51326],[84.652619,-19.516299],[-137.839617,-19.519338],[-0.331853,-19.522378],[137.175911,-19.525417],[-85.316325,-19.528457],[52.191439,-19.531497],[-170.300797,-19.534537],[-32.793033,-19.537576],[104.714731,-19.540616],[-117.777504,-19.543656],[19.73026,-19.546696],[157.238024,-19.549736],[-65.254212,-19.552776],[72.253552,-19.555816],[-150.238684,-19.558856],[-12.73092,-19.561897],[124.776844,-19.564937],[-97.715392,-19.567977],[39.792372,-19.571018],[177.300136,-19.574058],[-45.1921,-19.577099],[92.315664,-19.580139],[-130.176572,-19.58318],[7.331192,-19.586221],[144.838956,-19.589261],[-77.65328,-19.592302],[59.854484,-19.595343],[-162.637752,-19.598384],[-25.129988,-19.601425],[112.377777,-19.604466],[-110.114459,-19.607507],[27.393305,-19.610548],[164.901069,-19.61359],[-57.591167,-19.616631],[79.916597,-19.619672],[-142.575639,-19.622714],[-5.067875,-19.625755],[132.439889,-19.628797],[-90.052347,-19.631838],[47.455417,-19.63488],[-175.036819,-19.637921],[-37.529055,-19.640963],[99.978709,-19.644005],[-122.513527,-19.647047],[14.994237,-19.650089],[152.502001,-19.653131],[-69.990235,-19.656173],[67.517529,-19.659215],[-154.974707,-19.662257],[-17.466942,-19.665299],[120.040822,-19.668341],[-102.451414,-19.671384],[35.05635,-19.674426],[172.564114,-19.677468],[-49.928122,-19.680511],[87.579642,-19.683554],[-134.912594,-19.686596],[2.59517,-19.689639],[140.102934,-19.692682],[-82.389302,-19.695724],[55.118462,-19.698767],[-167.373774,-19.70181],[-29.86601,-19.704853],[107.641754,-19.707896],[-114.850482,-19.710939],[22.657282,-19.713982],[160.165046,-19.717025],[-62.32719,-19.720069],[75.180574,-19.723112],[-147.311661,-19.726155],[-9.803897,-19.729199],[127.703867,-19.732242],[-94.788369,-19.735286],[42.719395,-19.738329],[-179.772841,-19.741373],[-42.265077,-19.744417],[95.242687,-19.74746],[-127.249549,-19.750504],[10.258215,-19.753548],[147.765979,-19.756592],[-74.726257,-19.759636],[62.781507,-19.76268],[-159.710729,-19.765724],[-22.202965,-19.768768],[115.304799,-19.771813],[-107.187437,-19.774857],[30.320327,-19.777901],[167.828091,-19.780946],[-54.664145,-19.78399],[82.84362,-19.787035],[-139.648616,-19.790079],[-2.140852,-19.793124],[135.366912,-19.796168],[-87.125324,-19.799213],[50.38244,-19.802258],[-172.109796,-19.805303],[-34.602032,-19.808348],[102.905732,-19.811393],[-119.586504,-19.814438],[17.92126,-19.817483],[155.429024,-19.820528],[-67.063212,-19.823573],[70.444552,-19.826619],[-152.047684,-19.829664],[-14.53992,-19.832709],[122.967844,-19.835755],[-99.524392,-19.8388],[37.983372,-19.841846],[175.491136,-19.844891],[-47.001099,-19.847937],[90.506665,-19.850983],[-131.985571,-19.854029],[5.522193,-19.857075],[143.029957,-19.86012],[-79.462279,-19.863166],[58.045485,-19.866212],[-164.446751,-19.869259],[-26.938987,-19.872305],[110.568777,-19.875351],[-111.923459,-19.878397],[25.584305,-19.881444],[163.092069,-19.88449],[-59.400167,-19.887536],[78.107597,-19.890583],[-144.384639,-19.893629],[-6.876875,-19.896676],[130.630889,-19.899723],[-91.861347,-19.902769],[45.646417,-19.905816],[-176.845818,-19.908863],[-39.338054,-19.91191],[98.16971,-19.914957],[-124.322526,-19.918004],[13.185238,-19.921051],[150.693002,-19.924098],[-71.799234,-19.927145],[65.70853,-19.930193],[-156.783706,-19.93324],[-19.275942,-19.936287],[118.231822,-19.939335],[-104.260414,-19.942382],[33.24735,-19.94543],[170.755114,-19.948478],[-51.737122,-19.951525],[85.770642,-19.954573],[-136.721594,-19.957621],[0.78617,-19.960669],[138.293934,-19.963717],[-84.198302,-19.966765],[53.309463,-19.969813],[-169.182773,-19.972861],[-31.675009,-19.975909],[105.832755,-19.978957],[-116.659481,-19.982005],[20.848283,-19.985054],[158.356047,-19.988102],[-64.136189,-19.99115],[73.371575,-19.994199],[-149.120661,-19.997248],[-11.612897,-20.000296],[125.894867,-20.003345],[-96.597369,-20.006394],[40.910395,-20.009442],[178.418159,-20.012491],[-44.074077,-20.01554],[93.433687,-20.018589],[-129.058549,-20.021638],[8.449215,-20.024687],[145.956979,-20.027736],[-76.535256,-20.030786],[60.972508,-20.033835],[-161.519728,-20.036884],[-24.011964,-20.039934],[113.4958,-20.042983],[-108.996436,-20.046033],[28.511328,-20.049082],[166.019092,-20.052132],[-56.473144,-20.055181],[81.03462,-20.058231],[-141.457616,-20.061281],[-3.949852,-20.064331],[133.557912,-20.067381],[-88.934324,-20.070431],[48.57344,-20.073481],[-173.918796,-20.076531],[-36.411032,-20.079581],[101.096732,-20.082631],[-121.395504,-20.085682],[16.11226,-20.088732],[153.620025,-20.091782],[-68.872211,-20.094833],[68.635553,-20.097883],[-153.856683,-20.100934],[-16.348919,-20.103984],[121.158845,-20.107035],[-101.333391,-20.110086],[36.174373,-20.113137],[173.682137,-20.116188],[-48.810099,-20.119239],[88.697665,-20.12229],[-133.794571,-20.125341],[3.713193,-20.128392],[141.220957,-20.131443],[-81.271279,-20.134494],[56.236485,-20.137545],[-166.255751,-20.140597],[-28.747987,-20.143648],[108.759777,-20.1467],[-113.732459,-20.149751],[23.775306,-20.152803],[161.28307,-20.155854],[-61.209166,-20.158906],[76.298598,-20.161958],[-146.193638,-20.16501],[-8.685874,-20.168062],[128.82189,-20.171113],[-93.670346,-20.174165],[43.837418,-20.177218],[-178.654818,-20.18027],[-41.147054,-20.183322],[96.36071,-20.186374],[-126.131526,-20.189426],[11.376238,-20.192479],[148.884002,-20.195531],[-73.608234,-20.198584],[63.89953,-20.201636],[-158.592706,-20.204689],[-21.084942,-20.207741],[116.422822,-20.210794],[-106.069413,-20.213847],[31.438351,-20.2169],[168.946115,-20.219953],[-53.546121,-20.223006],[83.961643,-20.226059],[-138.530593,-20.229112],[-1.022829,-20.232165],[136.484935,-20.235218],[-86.007301,-20.238271],[51.500463,-20.241325],[-170.991773,-20.244378],[-33.484009,-20.247432],[104.023755,-20.250485],[-118.468481,-20.253539],[19.039283,-20.256592],[156.547047,-20.259646],[-65.945189,-20.2627],[71.562575,-20.265753],[-150.929661,-20.268807],[-13.421897,-20.271861],[124.085868,-20.274915],[-98.406368,-20.277969],[39.101396,-20.281023],[176.60916,-20.284078],[-45.883076,-20.287132],[91.624688,-20.290186],[-130.867548,-20.29324],[6.640216,-20.296295],[144.14798,-20.299349],[-78.344256,-20.302404],[59.163508,-20.305458],[-163.328728,-20.308513],[-25.820964,-20.311568],[111.6868,-20.314623],[-110.805436,-20.317677],[26.702328,-20.320732],[164.210092,-20.323787],[-58.282144,-20.326842],[79.22562,-20.329897],[-143.266616,-20.332952],[-5.758851,-20.336008],[131.748913,-20.339063],[-90.743323,-20.342118],[46.764441,-20.345174],[-175.727795,-20.348229],[-38.220031,-20.351284],[99.287733,-20.35434],[-123.204503,-20.357396],[14.303261,-20.360451],[151.811025,-20.363507],[-70.681211,-20.366563],[66.826553,-20.369619],[-155.665683,-20.372675],[-18.157919,-20.375731],[119.349845,-20.378787],[-103.142391,-20.381843],[34.365373,-20.384899],[171.873137,-20.387955],[-50.619099,-20.391011],[86.888665,-20.394068],[-135.60357,-20.397124],[1.904194,-20.40018],[139.411958,-20.403237],[-83.080278,-20.406294],[54.427486,-20.40935],[-168.06475,-20.412407],[-30.556986,-20.415464],[106.950778,-20.418521],[-115.541458,-20.421577],[21.966306,-20.424634],[159.47407,-20.427691],[-63.018166,-20.430748],[74.489598,-20.433806],[-148.002638,-20.436863],[-10.494874,-20.43992],[127.01289,-20.442977],[-95.479346,-20.446035],[42.028418,-20.449092],[179.536182,-20.45215],[-42.956054,-20.455207],[94.551711,-20.458265],[-127.940525,-20.461322],[9.567239,-20.46438],[147.075003,-20.467438],[-75.417233,-20.470496],[62.090531,-20.473554],[-160.401705,-20.476612],[-22.893941,-20.47967],[114.613823,-20.482728],[-107.878413,-20.485786],[29.629351,-20.488844],[167.137115,-20.491903],[-55.355121,-20.494961],[82.152643,-20.498019],[-140.339593,-20.501078],[-2.831829,-20.504136],[134.675935,-20.507195],[-87.816301,-20.510253],[49.691463,-20.513312],[-172.800773,-20.516371],[-35.293008,-20.51943],[102.214756,-20.522489],[-120.27748,-20.525548],[17.230284,-20.528607],[154.738048,-20.531666],[-67.754188,-20.534725],[69.753576,-20.537784],[-152.73866,-20.540843],[-15.230896,-20.543903],[122.276868,-20.546962],[-100.215368,-20.550022],[37.292396,-20.553081],[174.80016,-20.556141],[-47.692076,-20.5592],[89.815688,-20.56226],[-132.676548,-20.56532],[4.831216,-20.568379],[142.33898,-20.571439],[-80.153256,-20.574499],[57.354508,-20.577559],[-165.137727,-20.580619],[-27.629963,-20.583679],[109.877801,-20.58674],[-112.614435,-20.5898],[24.893329,-20.59286],[162.401093,-20.595921],[-60.091143,-20.598981],[77.416621,-20.602041],[-145.075615,-20.605102],[-7.567851,-20.608163],[129.939913,-20.611223],[-92.552323,-20.614284],[44.955441,-20.617345],[-177.536795,-20.620406],[-40.029031,-20.623467],[97.478733,-20.626528],[-125.013503,-20.629589],[12.494261,-20.63265],[150.002025,-20.635711],[-72.490211,-20.638772],[65.017554,-20.641833],[-157.474682,-20.644895],[-19.966918,-20.647956],[117.540846,-20.651018],[-104.95139,-20.654079],[32.556374,-20.657141],[170.064138,-20.660202],[-52.428098,-20.663264],[85.079666,-20.666326],[-137.41257,-20.669388],[0.095194,-20.67245],[137.602958,-20.675512],[-84.889278,-20.678574],[52.618486,-20.681636],[-169.87375,-20.684698],[-32.365986,-20.68776],[105.141778,-20.690822],[-117.350458,-20.693885],[20.157306,-20.696947],[157.66507,-20.70001],[-64.827165,-20.703072],[72.680599,-20.706135],[-149.811637,-20.709197],[-12.303873,-20.71226],[125.203891,-20.715323],[-97.288345,-20.718386],[40.219419,-20.721449],[177.727183,-20.724511],[-44.765053,-20.727574],[92.742711,-20.730638],[-129.749525,-20.733701],[7.758239,-20.736764],[145.266003,-20.739827],[-77.226233,-20.742891],[60.281531,-20.745954],[-162.210705,-20.749017],[-24.702941,-20.752081],[112.804823,-20.755144],[-109.687413,-20.758208],[27.820351,-20.761272],[165.328116,-20.764336],[-57.16412,-20.767399],[80.343644,-20.770463],[-142.148592,-20.773527],[-4.640828,-20.776591],[132.866936,-20.779655],[-89.6253,-20.782719],[47.882464,-20.785784],[-174.609772,-20.788848],[-37.102008,-20.791912],[100.405756,-20.794977],[-122.08648,-20.798041],[15.421284,-20.801106],[152.929048,-20.80417],[-69.563188,-20.807235],[67.944576,-20.810299],[-154.54766,-20.813364],[-17.039896,-20.816429],[120.467868,-20.819494],[-102.024368,-20.822559],[35.483397,-20.825624],[172.991161,-20.828689],[-49.501075,-20.831754],[88.006689,-20.834819],[-134.485547,-20.837884],[3.022217,-20.84095],[140.529981,-20.844015],[-81.962255,-20.847081],[55.545509,-20.850146],[-166.946727,-20.853212],[-29.438963,-20.856277],[108.068801,-20.859343],[-114.423435,-20.862409],[23.084329,-20.865475],[160.592093,-20.86854],[-61.900143,-20.871606],[75.607621,-20.874672],[-146.884615,-20.877739],[-9.376851,-20.880805],[128.130913,-20.883871],[-94.361322,-20.886937],[43.146442,-20.890003],[-179.345794,-20.89307],[-41.83803,-20.896136],[95.669734,-20.899203],[-126.822502,-20.902269],[10.685262,-20.905336],[148.193026,-20.908403],[-74.29921,-20.911469],[63.208554,-20.914536],[-159.283682,-20.917603],[-21.775918,-20.92067],[115.731846,-20.923737],[-106.76039,-20.926804],[30.747374,-20.929871],[168.255138,-20.932938],[-54.237098,-20.936006],[83.270666,-20.939073],[-139.22157,-20.94214],[-1.713806,-20.945208],[135.793959,-20.948275],[-86.698277,-20.951343],[50.809487,-20.954411],[-171.682749,-20.957478],[-34.174985,-20.960546],[103.332779,-20.963614],[-119.159457,-20.966682],[18.348307,-20.96975],[155.856071,-20.972818],[-66.636165,-20.975886],[70.871599,-20.978954],[-151.620637,-20.982022],[-14.112873,-20.98509],[123.394891,-20.988159],[-99.097345,-20.991227],[38.410419,-20.994296],[175.918183,-20.997364],[-46.574053,-21.000433],[90.933711,-21.003501],[-131.558525,-21.00657],[5.94924,-21.009639],[143.457004,-21.012708],[-79.035232,-21.015777],[58.472532,-21.018846],[-164.019704,-21.021915],[-26.51194,-21.024984],[110.995824,-21.028053],[-111.496412,-21.031122],[26.011352,-21.034191],[163.519116,-21.037261],[-58.97312,-21.04033],[78.534644,-21.043399],[-143.957592,-21.046469],[-6.449828,-21.049539],[131.057936,-21.052608],[-91.4343,-21.055678],[46.073464,-21.058748],[-176.418772,-21.061818],[-38.911008,-21.064888],[98.596756,-21.067957],[-123.895479,-21.071028],[13.612285,-21.074098],[151.120049,-21.077168],[-71.372187,-21.080238],[66.135577,-21.083308],[-156.356659,-21.086379],[-18.848895,-21.089449],[118.658869,-21.09252],[-103.833367,-21.09559],[33.674397,-21.098661],[171.182161,-21.101731],[-51.310075,-21.104802],[86.197689,-21.107873],[-136.294547,-21.110944],[1.213217,-21.114015],[138.720981,-21.117086],[-83.771255,-21.120157],[53.736509,-21.123228],[-168.755727,-21.126299],[-31.247963,-21.12937],[106.259802,-21.132442],[-116.232434,-21.135513],[21.27533,-21.138584],[158.783094,-21.141656],[-63.709142,-21.144727],[73.798622,-21.147799],[-148.693614,-21.150871],[-11.18585,-21.153942],[126.321914,-21.157014],[-96.170322,-21.160086],[41.337442,-21.163158],[178.845206,-21.16623],[-43.64703,-21.169302],[93.860734,-21.172374],[-128.631502,-21.175447],[8.876262,-21.178519],[146.384026,-21.181591],[-76.10821,-21.184664],[61.399554,-21.187736],[-161.092682,-21.190808],[-23.584917,-21.193881],[113.922847,-21.196954],[-108.569389,-21.200026],[28.938375,-21.203099],[166.446139,-21.206172],[-56.046097,-21.209245],[81.461667,-21.212318],[-141.030569,-21.215391],[-3.522805,-21.218464],[133.984959,-21.221537],[-88.507277,-21.22461],[49.000487,-21.227684],[-173.491749,-21.230757],[-35.983985,-21.23383],[101.523779,-21.236904],[-120.968457,-21.239977],[16.539307,-21.243051],[154.047071,-21.246125],[-68.445165,-21.249198],[69.062599,-21.252272],[-153.429636,-21.255346],[-15.921872,-21.25842],[121.585892,-21.261494],[-100.906344,-21.264568],[36.60142,-21.267642],[174.109184,-21.270716],[-48.383052,-21.273791],[89.124712,-21.276865],[-133.367524,-21.279939],[4.14024,-21.283014],[141.648004,-21.286088],[-80.844232,-21.289163],[56.663532,-21.292237],[-165.828704,-21.295312],[-28.32094,-21.298387],[109.186824,-21.301462],[-113.305412,-21.304537],[24.202352,-21.307612],[161.710116,-21.310687],[-60.78212,-21.313762],[76.725645,-21.316837],[-145.766591,-21.319912],[-8.258827,-21.322987],[129.248937,-21.326063],[-93.243299,-21.329138],[44.264465,-21.332214],[-178.227771,-21.335289],[-40.720007,-21.338365],[96.787757,-21.34144],[-125.704479,-21.344516],[11.803285,-21.347592],[149.311049,-21.350668],[-73.181187,-21.353744],[64.326577,-21.35682],[-158.165659,-21.359896],[-20.657895,-21.362972],[116.849869,-21.366048],[-105.642367,-21.369124],[31.865397,-21.372201],[169.373161,-21.375277],[-53.119074,-21.378353],[84.38869,-21.38143],[-138.103546,-21.384506],[-0.595782,-21.387583],[136.911982,-21.39066],[-85.580254,-21.393736],[51.92751,-21.396813],[-170.564726,-21.39989],[-33.056962,-21.402967],[104.450802,-21.406044],[-118.041434,-21.409121],[19.46633,-21.412198],[156.974094,-21.415276],[-65.518142,-21.418353],[71.989622,-21.42143],[-150.502614,-21.424508],[-12.99485,-21.427585],[124.512914,-21.430663],[-97.979322,-21.43374],[39.528442,-21.436818],[177.036207,-21.439896],[-45.456029,-21.442973],[92.051735,-21.446051],[-130.440501,-21.449129],[7.067263,-21.452207],[144.575027,-21.455285],[-77.917209,-21.458363],[59.590555,-21.461442],[-162.901681,-21.46452],[-25.393917,-21.467598],[112.113847,-21.470677],[-110.378389,-21.473755],[27.129375,-21.476834],[164.637139,-21.479912],[-57.855097,-21.482991],[79.652667,-21.486069],[-142.839569,-21.489148],[-5.331805,-21.492227],[132.175959,-21.495306],[-90.316277,-21.498385],[47.191488,-21.501464],[-175.300748,-21.504543],[-37.792984,-21.507622],[99.71478,-21.510701],[-122.777456,-21.513781],[14.730308,-21.51686],[152.238072,-21.51994],[-70.254164,-21.523019],[67.2536,-21.526099],[-155.238636,-21.529178],[-17.730872,-21.532258],[119.776892,-21.535338],[-102.715344,-21.538417],[34.79242,-21.541497],[172.300184,-21.544577],[-50.192052,-21.547657],[87.315712,-21.550737],[-135.176524,-21.553818],[2.33124,-21.556898],[139.839004,-21.559978],[-82.653231,-21.563058],[54.854533,-21.566139],[-167.637703,-21.569219],[-30.129939,-21.5723],[107.377825,-21.57538],[-115.114411,-21.578461],[22.393353,-21.581542],[159.901117,-21.584623],[-62.591119,-21.587703],[74.916645,-21.590784],[-147.575591,-21.593865],[-10.067827,-21.596946],[127.439937,-21.600028],[-95.052299,-21.603109],[42.455465,-21.60619],[179.963229,-21.609271],[-42.529007,-21.612353],[94.978757,-21.615434],[-127.513479,-21.618516],[9.994285,-21.621597],[147.50205,-21.624679],[-74.990186,-21.627761],[62.517578,-21.630842],[-159.974658,-21.633924],[-22.466894,-21.637006],[115.04087,-21.640088],[-107.451366,-21.64317],[30.056398,-21.646252],[167.564162,-21.649335],[-54.928074,-21.652417],[82.57969,-21.655499],[-139.912546,-21.658581],[-2.404782,-21.661664],[135.102982,-21.664746],[-87.389254,-21.667829],[50.11851,-21.670912],[-172.373726,-21.673994],[-34.865962,-21.677077],[102.641802,-21.68016],[-119.850434,-21.683243],[17.657331,-21.686326],[155.165095,-21.689409],[-67.327141,-21.692492],[70.180623,-21.695575],[-152.311613,-21.698658],[-14.803849,-21.701742],[122.703915,-21.704825],[-99.788321,-21.707908],[37.719443,-21.710992],[175.227207,-21.714075],[-47.265029,-21.717159],[90.242735,-21.720243],[-132.249501,-21.723327],[5.258263,-21.72641],[142.766027,-21.729494],[-79.726209,-21.732578],[57.781555,-21.735662],[-164.710681,-21.738746],[-27.202917,-21.741831],[110.304847,-21.744915],[-112.187388,-21.747999],[25.320376,-21.751083],[162.82814,-21.754168],[-59.664096,-21.757252],[77.843668,-21.760337],[-144.648568,-21.763421],[-7.140804,-21.766506],[130.36696,-21.769591],[-92.125276,-21.772676],[45.382488,-21.775761],[-177.109748,-21.778846],[-39.601984,-21.781931],[97.90578,-21.785016],[-124.586456,-21.788101],[12.921308,-21.791186],[150.429072,-21.794271],[-72.063164,-21.797357],[65.4446,-21.800442],[-157.047636,-21.803528],[-19.539872,-21.806613],[117.967893,-21.809699],[-104.524343,-21.812784],[32.983421,-21.81587],[170.491185,-21.818956],[-52.001051,-21.822042],[85.506713,-21.825128],[-136.985523,-21.828214],[0.522241,-21.8313],[138.030005,-21.834386],[-84.462231,-21.837472],[53.045533,-21.840559],[-169.446703,-21.843645],[-31.938939,-21.846731],[105.568825,-21.849818],[-116.923411,-21.852904],[20.584353,-21.855991],[158.092117,-21.859078],[-64.400119,-21.862164],[73.107645,-21.865251],[-149.384591,-21.868338],[-11.876826,-21.871425],[125.630938,-21.874512],[-96.861298,-21.877599],[40.646466,-21.880686],[178.15423,-21.883774],[-44.338006,-21.886861],[93.169758,-21.889948],[-129.322478,-21.893036],[8.185286,-21.896123],[145.69305,-21.899211],[-76.799186,-21.902298],[60.708578,-21.905386],[-161.783658,-21.908474],[-24.275894,-21.911562],[113.23187,-21.914649],[-109.260366,-21.917737],[28.247398,-21.920825],[165.755162,-21.923913],[-56.737074,-21.927002],[80.77069,-21.93009],[-141.721545,-21.933178],[-4.213781,-21.936266],[133.293983,-21.939355],[-89.198253,-21.942443],[48.309511,-21.945532],[-174.182725,-21.948621],[-36.674961,-21.951709],[100.832803,-21.954798],[-121.659433,-21.957887],[15.848331,-21.960976],[153.356095,-21.964065],[-69.136141,-21.967154],[68.371623,-21.970243],[-154.120613,-21.973332],[-16.612849,-21.976421],[120.894915,-21.979511],[-101.597321,-21.9826],[35.910443,-21.985689],[173.418207,-21.988779],[-49.074029,-21.991868],[88.433736,-21.994958],[-134.0585,-21.998048],[3.449264,-22.001137],[140.957028,-22.004227],[-81.535208,-22.007317],[55.972556,-22.010407],[-166.51968,-22.013497],[-29.011916,-22.016587],[108.495848,-22.019677],[-113.996388,-22.022768],[23.511376,-22.025858],[161.01914,-22.028948],[-61.473096,-22.032039],[76.034668,-22.035129],[-146.457568,-22.03822],[-8.949804,-22.041311],[128.55796,-22.044401],[-93.934276,-22.047492],[43.573488,-22.050583],[-178.918748,-22.053674],[-41.410983,-22.056765],[96.096781,-22.059856],[-126.395455,-22.062947],[11.112309,-22.066038],[148.620073,-22.069129],[-73.872163,-22.072221],[63.635601,-22.075312],[-158.856635,-22.078404],[-21.348871,-22.081495],[116.158893,-22.084587],[-106.333343,-22.087678],[31.174421,-22.09077],[168.682185,-22.093862],[-53.810051,-22.096954],[83.697713,-22.100046],[-138.794523,-22.103138],[-1.286759,-22.10623],[136.221005,-22.109322],[-86.271231,-22.112414],[51.236533,-22.115506],[-171.255702,-22.118599],[-33.747938,-22.121691],[103.759826,-22.124783],[-118.73241,-22.127876],[18.775354,-22.130969],[156.283118,-22.134061],[-66.209118,-22.137154],[71.298646,-22.140247],[-151.19359,-22.14334],[-13.685826,-22.146433],[123.821938,-22.149526],[-98.670298,-22.152619],[38.837466,-22.155712],[176.34523,-22.158805],[-46.147006,-22.161898],[91.360758,-22.164992],[-131.131478,-22.168085],[6.376286,-22.171179],[143.88405,-22.174272],[-78.608186,-22.177366],[58.899579,-22.180459],[-163.592657,-22.183553],[-26.084893,-22.186647],[111.422871,-22.189741],[-111.069365,-22.192835],[26.438399,-22.195929],[163.946163,-22.199023],[-58.546073,-22.202117],[78.961691,-22.205211],[-143.530545,-22.208306],[-6.022781,-22.2114],[131.484983,-22.214495],[-91.007253,-22.217589],[46.500511,-22.220684],[-175.991725,-22.223778],[-38.483961,-22.226873],[99.023803,-22.229968],[-123.468433,-22.233063],[14.039331,-22.236158],[151.547095,-22.239253],[-70.94514,-22.242348],[66.562624,-22.245443],[-155.929612,-22.248538],[-18.421848,-22.251633],[119.085916,-22.254729],[-103.40632,-22.257824],[34.101444,-22.260919],[171.609208,-22.264015],[-50.883028,-22.267111],[86.624736,-22.270206],[-135.8675,-22.273302],[1.640264,-22.276398],[139.148028,-22.279494],[-83.344208,-22.28259],[54.163556,-22.285686],[-168.32868,-22.288782],[-30.820916,-22.291878],[106.686848,-22.294974],[-115.805388,-22.29807],[21.702376,-22.301167],[159.210141,-22.304263],[-63.282095,-22.30736],[74.225669,-22.310456],[-148.266567,-22.313553],[-10.758803,-22.31665],[126.748961,-22.319746],[-95.743275,-22.322843],[41.764489,-22.32594],[179.272253,-22.329037],[-43.219983,-22.332134],[94.287781,-22.335231],[-128.204455,-22.338328],[9.303309,-22.341426],[146.811073,-22.344523],[-75.681163,-22.34762],[61.826601,-22.350718],[-160.665635,-22.353815],[-23.157871,-22.356913],[114.349893,-22.360011],[-108.142343,-22.363108],[29.365422,-22.366206],[166.873186,-22.369304],[-55.61905,-22.372402],[81.888714,-22.3755],[-140.603522,-22.378598],[-3.095758,-22.381696],[134.412006,-22.384794],[-88.08023,-22.387893],[49.427534,-22.390991],[-173.064702,-22.394089],[-35.556938,-22.397188],[101.950826,-22.400287],[-120.54141,-22.403385],[16.966354,-22.406484],[154.474118,-22.409583],[-68.018118,-22.412681],[69.489646,-22.41578],[-153.00259,-22.418879],[-15.494826,-22.421978],[122.012938,-22.425078],[-100.479297,-22.428177],[37.028467,-22.431276],[174.536231,-22.434375],[-47.956005,-22.437475],[89.551759,-22.440574],[-132.940477,-22.443674],[4.567287,-22.446773],[142.075051,-22.449873],[-80.417185,-22.452973],[57.090579,-22.456072],[-165.401657,-22.459172],[-27.893893,-22.462272],[109.613871,-22.465372],[-112.878365,-22.468472],[24.629399,-22.471573],[162.137163,-22.474673],[-60.355073,-22.477773],[77.152691,-22.480873],[-145.339545,-22.483974],[-7.831781,-22.487074],[129.675984,-22.490175],[-92.816252,-22.493276],[44.691512,-22.496376],[-177.800724,-22.499477],[-40.29296,-22.502578],[97.214804,-22.505679],[-125.277432,-22.50878],[12.230332,-22.511881],[149.738096,-22.514982],[-72.75414,-22.518083],[64.753624,-22.521184],[-157.738612,-22.524286],[-20.230848,-22.527387],[117.276916,-22.530489],[-105.21532,-22.53359],[32.292444,-22.536692],[169.800208,-22.539794],[-52.692028,-22.542895],[84.815736,-22.545997],[-137.6765,-22.549099],[-0.168735,-22.552201],[137.339029,-22.555303],[-85.153207,-22.558405],[52.354557,-22.561507],[-170.137679,-22.564609],[-32.629915,-22.567712],[104.877849,-22.570814],[-117.614387,-22.573917],[19.893377,-22.577019],[157.401141,-22.580122],[-65.091095,-22.583224],[72.416669,-22.586327],[-150.075567,-22.58943],[-12.567803,-22.592533],[124.939961,-22.595636],[-97.552275,-22.598739],[39.955489,-22.601842],[177.463253,-22.604945],[-45.028983,-22.608048],[92.478781,-22.611151],[-130.013454,-22.614255],[7.49431,-22.617358],[145.002074,-22.620462],[-77.490162,-22.623565],[60.017602,-22.626669],[-162.474634,-22.629773],[-24.96687,-22.632876],[112.540894,-22.63598],[-109.951342,-22.639084],[27.556422,-22.642188],[165.064186,-22.645292],[-57.42805,-22.648396],[80.079714,-22.651501],[-142.412522,-22.654605],[-4.904758,-22.657709],[132.603006,-22.660814],[-89.88923,-22.663918],[47.618534,-22.667023],[-174.873702,-22.670127],[-37.365938,-22.673232],[100.141827,-22.676337],[-122.350409,-22.679442],[15.157355,-22.682547],[152.665119,-22.685651],[-69.827117,-22.688757],[67.680647,-22.691862],[-154.811589,-22.694967],[-17.303825,-22.698072],[120.203939,-22.701177],[-102.288297,-22.704283],[35.219467,-22.707388],[172.727231,-22.710494],[-49.765005,-22.713599],[87.742759,-22.716705],[-134.749477,-22.719811],[2.758287,-22.722917],[140.266051,-22.726023],[-82.226185,-22.729129],[55.281579,-22.732235],[-167.210657,-22.735341],[-29.702892,-22.738447],[107.804872,-22.741553],[-114.687364,-22.744659],[22.8204,-22.747766],[160.328164,-22.750872],[-62.164072,-22.753979],[75.343692,-22.757085],[-147.148544,-22.760192],[-9.64078,-22.763299],[127.866984,-22.766406],[-94.625252,-22.769512],[42.882512,-22.772619],[-179.609724,-22.775726],[-42.10196,-22.778833],[95.405804,-22.781941],[-127.086432,-22.785048],[10.421332,-22.788155],[147.929096,-22.791263],[-74.56314,-22.79437],[62.944625,-22.797477],[-159.547611,-22.800585],[-22.039847,-22.803693],[115.467917,-22.8068],[-107.024319,-22.809908],[30.483445,-22.813016],[167.991209,-22.816124],[-54.501027,-22.819232],[83.006737,-22.82234],[-139.485499,-22.825448],[-1.977735,-22.828557],[135.530029,-22.831665],[-86.962207,-22.834773],[50.545557,-22.837882],[-171.946679,-22.84099],[-34.438915,-22.844099],[103.068849,-22.847207],[-119.423387,-22.850316],[18.084377,-22.853425],[155.592141,-22.856534],[-66.900094,-22.859643],[70.60767,-22.862752],[-151.884566,-22.865861],[-14.376802,-22.86897],[123.130962,-22.872079],[-99.361274,-22.875188],[38.14649,-22.878298],[175.654254,-22.881407],[-46.837982,-22.884517],[90.669782,-22.887626],[-131.822454,-22.890736],[5.68531,-22.893846],[143.193074,-22.896955],[-79.299162,-22.900065],[58.208602,-22.903175],[-164.283634,-22.906285],[-26.77587,-22.909395],[110.731894,-22.912505],[-111.760342,-22.915616],[25.747422,-22.918726],[163.255187,-22.921836],[-59.237049,-22.924947],[78.270715,-22.928057],[-144.221521,-22.931168],[-6.713757,-22.934278],[130.794007,-22.937389],[-91.698229,-22.9405],[45.809535,-22.943611],[-176.682701,-22.946722],[-39.174937,-22.949833],[98.332827,-22.952944],[-124.159409,-22.956055],[13.348355,-22.959166],[150.856119,-22.962277],[-71.636117,-22.965389],[65.871647,-22.9685],[-156.620589,-22.971612],[-19.112825,-22.974723],[118.394939,-22.977835],[-104.097297,-22.980947],[33.410468,-22.984059],[170.918232,-22.98717],[-51.574004,-22.990282],[85.93376,-22.993394],[-136.558476,-22.996506],[0.949288,-22.999619],[138.457052,-23.002731],[-84.035184,-23.005843],[53.47258,-23.008955],[-169.019656,-23.012068],[-31.511892,-23.01518],[105.995872,-23.018293],[-116.496364,-23.021406],[21.0114,-23.024518],[158.519164,-23.027631],[-63.973072,-23.030744],[73.534692,-23.033857],[-148.957544,-23.03697],[-11.44978,-23.040083],[126.057984,-23.043196],[-96.434251,-23.046309],[41.073513,-23.049423],[178.581277,-23.052536],[-43.910959,-23.055649],[93.596805,-23.058763],[-128.895431,-23.061877],[8.612333,-23.06499],[146.120097,-23.068104],[-76.372139,-23.071218],[61.135625,-23.074332],[-161.356611,-23.077446],[-23.848847,-23.08056],[113.658917,-23.083674],[-108.833319,-23.086788],[28.674445,-23.089902],[166.182209,-23.093016],[-56.310027,-23.096131],[81.197737,-23.099245],[-141.294499,-23.10236],[-3.786735,-23.105474],[133.72103,-23.108589],[-88.771206,-23.111704],[48.736558,-23.114819],[-173.755678,-23.117933],[-36.247914,-23.121048],[101.25985,-23.124163],[-121.232386,-23.127279],[16.275378,-23.130394],[153.783142,-23.133509],[-68.709094,-23.136624],[68.79867,-23.13974],[-153.693566,-23.142855],[-16.185802,-23.145971],[121.321962,-23.149086],[-101.170274,-23.152202],[36.33749,-23.155318],[173.845254,-23.158434],[-48.646982,-23.161549],[88.860782,-23.164665],[-133.631454,-23.167781],[3.876311,-23.170898],[141.384075,-23.174014],[-81.108161,-23.17713],[56.399603,-23.180246],[-166.092633,-23.183363],[-28.584869,-23.186479],[108.922895,-23.189596],[-113.569341,-23.192712],[23.938423,-23.195829],[161.446187,-23.198946],[-61.046049,-23.202063],[76.461715,-23.20518],[-146.030521,-23.208297],[-8.522757,-23.211414],[128.985007,-23.214531],[-93.507229,-23.217648],[44.000535,-23.220765],[-178.491701,-23.223883],[-40.983937,-23.227],[96.523827,-23.230118],[-125.968408,-23.233235],[11.539356,-23.236353],[149.04712,-23.239471],[-73.445116,-23.242588],[64.062648,-23.245706],[-158.429588,-23.248824],[-20.921824,-23.251942],[116.58594,-23.25506],[-105.906296,-23.258178],[31.601468,-23.261297],[169.109232,-23.264415],[-53.383004,-23.267533],[84.12476,-23.270652],[-138.367476,-23.27377],[-0.859712,-23.276889],[136.648052,-23.280007],[-85.844184,-23.283126],[51.66358,-23.286245],[-170.828656,-23.289364],[-33.320892,-23.292483],[104.186873,-23.295602],[-118.305363,-23.298721],[19.202401,-23.30184],[156.710165,-23.304959],[-65.782071,-23.308079],[71.725693,-23.311198],[-150.766543,-23.314318],[-13.258779,-23.317437],[124.248985,-23.320557],[-98.243251,-23.323676],[39.264513,-23.326796],[176.772277,-23.329916],[-45.719959,-23.333036],[91.787805,-23.336156],[-130.704431,-23.339276],[6.803333,-23.342396],[144.311097,-23.345516],[-78.181139,-23.348637],[59.326625,-23.351757],[-163.165611,-23.354877],[-25.657846,-23.357998],[111.849918,-23.361118],[-110.642318,-23.364239],[26.865446,-23.36736],[164.37321,-23.370481],[-58.119026,-23.373601],[79.388738,-23.376722],[-143.103498,-23.379843],[-5.595734,-23.382964],[131.91203,-23.386086],[-90.580206,-23.389207],[46.927558,-23.392328],[-175.564678,-23.395449],[-38.056914,-23.398571],[99.45085,-23.401692],[-123.041386,-23.404814],[14.466378,-23.407936],[151.974142,-23.411057],[-70.518094,-23.414179],[66.98967,-23.417301],[-155.502565,-23.420423],[-17.994801,-23.423545],[119.512963,-23.426667],[-102.979273,-23.429789],[34.528491,-23.432912],[172.036255,-23.436034],[-50.455981,-23.439156],[87.051783,-23.442279],[-135.440453,-23.445402],[2.067311,-23.448524],[139.575075,-23.451647],[-82.917161,-23.45477],[54.590603,-23.457892],[-167.901633,-23.461015],[-30.393869,-23.464138],[107.113895,-23.467261],[-115.378341,-23.470385],[22.129423,-23.473508],[159.637187,-23.476631],[-62.855049,-23.479754],[74.652716,-23.482878],[-147.83952,-23.486001],[-10.331756,-23.489125],[127.176008,-23.492249],[-95.316228,-23.495372],[42.191536,-23.498496],[179.6993,-23.50162],[-42.792936,-23.504744],[94.714828,-23.507868],[-127.777408,-23.510992],[9.730356,-23.514116],[147.23812,-23.517241],[-75.254116,-23.520365],[62.253648,-23.523489],[-160.238588,-23.526614],[-22.730824,-23.529738],[114.77694,-23.532863],[-107.715296,-23.535988],[29.792468,-23.539113],[167.300232,-23.542237],[-55.192003,-23.545362],[82.315761,-23.548487],[-140.176475,-23.551612],[-2.668711,-23.554738],[134.839053,-23.557863],[-87.653183,-23.560988],[49.854581,-23.564113],[-172.637655,-23.567239],[-35.129891,-23.570364],[102.377873,-23.57349],[-120.114363,-23.576616],[17.393401,-23.579741],[154.901165,-23.582867],[-67.591071,-23.585993],[69.916693,-23.589119],[-152.575543,-23.592245],[-15.067779,-23.595371],[122.439985,-23.598497],[-100.052251,-23.601624],[37.455513,-23.60475],[174.963278,-23.607876],[-47.528958,-23.611003],[89.978806,-23.614129],[-132.51343,-23.617256],[4.994334,-23.620383],[142.502098,-23.62351],[-79.990138,-23.626636],[57.517626,-23.629763],[-164.97461,-23.63289],[-27.466846,-23.636017],[110.040918,-23.639145],[-112.451318,-23.642272],[25.056446,-23.645399],[162.56421,-23.648527],[-59.928026,-23.651654],[77.579738,-23.654782],[-144.912498,-23.657909],[-7.404734,-23.661037],[130.10303,-23.664165],[-92.389206,-23.667292],[45.118559,-23.67042],[-177.373677,-23.673548],[-39.865913,-23.676676],[97.641851,-23.679804],[-124.850385,-23.682933],[12.657379,-23.686061],[150.165143,-23.689189],[-72.327093,-23.692318],[65.180671,-23.695446],[-157.311565,-23.698575],[-19.803801,-23.701703],[117.703963,-23.704832],[-104.788273,-23.707961],[32.719491,-23.71109],[170.227255,-23.714219],[-52.264981,-23.717348],[85.242783,-23.720477],[-137.249453,-23.723606],[0.258311,-23.726735],[137.766075,-23.729865],[-84.72616,-23.732994],[52.781604,-23.736124],[-169.710632,-23.739253],[-32.202868,-23.742383],[105.304896,-23.745513],[-117.18734,-23.748642],[20.320424,-23.751772],[157.828188,-23.754902],[-64.664048,-23.758032],[72.843716,-23.761162],[-149.64852,-23.764292],[-12.140756,-23.767423],[125.367008,-23.770553],[-97.125228,-23.773683],[40.382536,-23.776814],[177.8903,-23.779944],[-44.601936,-23.783075],[92.905828,-23.786206],[-129.586408,-23.789336],[7.921356,-23.792467],[145.429121,-23.795598],[-77.063115,-23.798729],[60.444649,-23.80186],[-162.047587,-23.804991],[-24.539823,-23.808122],[112.967941,-23.811254],[-109.524295,-23.814385],[27.983469,-23.817517],[165.491233,-23.820648],[-57.001003,-23.82378],[80.506761,-23.826911],[-141.985475,-23.830043],[-4.477711,-23.833175],[133.030053,-23.836307],[-89.462183,-23.839439],[48.045581,-23.842571],[-174.446655,-23.845703],[-36.938891,-23.848835],[100.568873,-23.851967],[-121.923363,-23.8551],[15.584402,-23.858232],[153.092166,-23.861365],[-69.40007,-23.864497],[68.107694,-23.86763],[-154.384542,-23.870763],[-16.876778,-23.873895],[120.630986,-23.877028],[-101.86125,-23.880161],[35.646514,-23.883294],[173.154278,-23.886427],[-49.337958,-23.889561],[88.169806,-23.892694],[-134.32243,-23.895827],[3.185334,-23.898961],[140.693098,-23.902094],[-81.799138,-23.905228],[55.708626,-23.908361],[-166.78361,-23.911495],[-29.275846,-23.914629],[108.231918,-23.917763],[-114.260317,-23.920897],[23.247447,-23.924031],[160.755211,-23.927165],[-61.737025,-23.930299],[75.770739,-23.933433],[-146.721497,-23.936567],[-9.213733,-23.939702],[128.294031,-23.942836],[-94.198205,-23.945971],[43.309559,-23.949105],[-179.182677,-23.95224],[-41.674913,-23.955375],[95.832851,-23.95851],[-126.659385,-23.961645],[10.848379,-23.96478],[148.356143,-23.967915],[-74.136093,-23.97105],[63.371671,-23.974185],[-159.120565,-23.97732],[-21.612801,-23.980456],[115.894964,-23.983591],[-106.597272,-23.986727],[30.910492,-23.989862],[168.418256,-23.992998],[-54.07398,-23.996134],[83.433784,-23.99927],[-139.058452,-24.002406],[-1.550688,-24.005542],[135.957076,-24.008678],[-86.53516,-24.011814],[50.972604,-24.01495],[-171.519632,-24.018086],[-34.011868,-24.021223],[103.495896,-24.024359],[-118.99634,-24.027496],[18.511424,-24.030632],[156.019188,-24.033769],[-66.473048,-24.036906],[71.034716,-24.040043],[-151.45752,-24.04318],[-13.949755,-24.046317],[123.558009,-24.049454],[-98.934227,-24.052591],[38.573537,-24.055728],[176.081301,-24.058865],[-46.410935,-24.062003],[91.096829,-24.06514],[-131.395407,-24.068278],[6.112357,-24.071415],[143.620121,-24.074553],[-78.872115,-24.077691],[58.635649,-24.080829],[-163.856587,-24.083967],[-26.348823,-24.087105],[111.158941,-24.090243],[-111.333295,-24.093381],[26.174469,-24.096519],[163.682233,-24.099657],[-58.810003,-24.102796],[78.697761,-24.105934],[-143.794474,-24.109073],[-6.28671,-24.112211],[131.221054,-24.11535],[-91.271182,-24.118489],[46.236582,-24.121628],[-176.255654,-24.124766],[-38.74789,-24.127905],[98.759874,-24.131044],[-123.732362,-24.134184],[13.775402,-24.137323],[151.283166,-24.140462],[-71.20907,-24.143602],[66.298694,-24.146741],[-156.193542,-24.149881],[-18.685778,-24.15302],[118.821986,-24.15616],[-103.67025,-24.1593],[33.837514,-24.162439],[171.345278,-24.165579],[-51.146958,-24.168719],[86.360807,-24.171859],[-136.131429,-24.175],[1.376335,-24.17814],[138.884099,-24.18128],[-83.608137,-24.18442],[53.899627,-24.187561],[-168.592609,-24.190701],[-31.084845,-24.193842],[106.422919,-24.196983],[-116.069317,-24.200124],[21.438447,-24.203264],[158.946211,-24.206405],[-63.546025,-24.209546],[73.961739,-24.212687],[-148.530497,-24.215829],[-11.022733,-24.21897],[126.485031,-24.222111],[-96.007205,-24.225252],[41.500559,-24.228394],[179.008323,-24.231535],[-43.483912,-24.234677],[94.023852,-24.237819],[-128.468384,-24.240961],[9.03938,-24.244102],[146.547144,-24.247244],[-75.945092,-24.250386],[61.562672,-24.253528],[-160.929564,-24.256671],[-23.4218,-24.259813],[114.085964,-24.262955],[-108.406272,-24.266098],[29.101492,-24.26924],[166.609256,-24.272383],[-55.88298,-24.275525],[81.624784,-24.278668],[-140.867452,-24.281811],[-3.359688,-24.284954],[134.148076,-24.288096],[-88.34416,-24.291239],[49.163604,-24.294383],[-173.328631,-24.297526],[-35.820867,-24.300669],[101.686897,-24.303812],[-120.805339,-24.306956],[16.702425,-24.310099],[154.210189,-24.313243],[-68.282047,-24.316386],[69.225717,-24.31953],[-153.266519,-24.322674],[-15.758755,-24.325818],[121.749009,-24.328962],[-100.743227,-24.332106],[36.764537,-24.33525],[174.272301,-24.338394],[-48.219935,-24.341538],[89.287829,-24.344683],[-133.204407,-24.347827],[4.303357,-24.350972],[141.811121,-24.354116],[-80.681115,-24.357261],[56.82665,-24.360406],[-165.665586,-24.36355],[-28.157822,-24.366695],[109.349942,-24.36984],[-113.142294,-24.372985],[24.36547,-24.37613],[161.873234,-24.379276],[-60.619002,-24.382421],[76.888762,-24.385566],[-145.603474,-24.388712],[-8.09571,-24.391857],[129.412054,-24.395003],[-93.080182,-24.398148],[44.427582,-24.401294],[-178.064654,-24.40444],[-40.55689,-24.407586],[96.950874,-24.410732],[-125.541362,-24.413878],[11.966402,-24.417024],[149.474166,-24.42017],[-73.018069,-24.423317],[64.489695,-24.426463],[-158.002541,-24.429609],[-20.494777,-24.432756],[117.012987,-24.435903],[-105.479249,-24.439049],[32.028515,-24.442196],[169.536279,-24.445343],[-52.955957,-24.44849],[84.551807,-24.451637],[-137.940429,-24.454784],[-0.432665,-24.457931],[137.075099,-24.461078],[-85.417137,-24.464226],[52.090627,-24.467373],[-170.401609,-24.470521],[-32.893845,-24.473668],[104.613919,-24.476816],[-117.878317,-24.479963],[19.629447,-24.483111],[157.137212,-24.486259],[-65.355024,-24.489407],[72.15274,-24.492555],[-150.339496,-24.495703],[-12.831732,-24.498851],[124.676032,-24.502],[-97.816204,-24.505148],[39.69156,-24.508296],[177.199324,-24.511445],[-45.292912,-24.514593],[92.214852,-24.517742],[-130.277384,-24.520891],[7.23038,-24.52404],[144.738144,-24.527189],[-77.754092,-24.530338],[59.753672,-24.533487],[-162.738564,-24.536636],[-25.2308,-24.539785],[112.276964,-24.542934],[-110.215272,-24.546084],[27.292493,-24.549233],[164.800257,-24.552383],[-57.691979,-24.555532],[79.815785,-24.558682],[-142.676451,-24.561832],[-5.168687,-24.564981],[132.339077,-24.568131],[-90.153159,-24.571281],[47.354605,-24.574431],[-175.137631,-24.577582],[-37.629867,-24.580732],[99.877897,-24.583882],[-122.614339,-24.587033],[14.893425,-24.590183],[152.401189,-24.593334],[-70.091047,-24.596484],[67.416717,-24.599635],[-155.075519,-24.602786],[-17.567755,-24.605937],[119.940009,-24.609088],[-102.552226,-24.612239],[34.955538,-24.61539],[172.463302,-24.618541],[-50.028934,-24.621692],[87.47883,-24.624844],[-135.013406,-24.627995],[2.494358,-24.631147],[140.002122,-24.634298],[-82.490114,-24.63745],[55.01765,-24.640602],[-167.474586,-24.643753],[-29.966822,-24.646905],[107.540942,-24.650057],[-114.951294,-24.653209],[22.55647,-24.656361],[160.064234,-24.659514],[-62.428002,-24.662666],[75.079762,-24.665818],[-147.412474,-24.668971],[-9.90471,-24.672123],[127.603055,-24.675276],[-94.889181,-24.678429],[42.618583,-24.681581],[-179.873653,-24.684734],[-42.365889,-24.687887],[95.141875,-24.69104],[-127.350361,-24.694193],[10.157403,-24.697347],[147.665167,-24.7005],[-74.827069,-24.703653],[62.680695,-24.706807],[-159.811541,-24.70996],[-22.303777,-24.713114],[115.203987,-24.716267],[-107.288249,-24.719421],[30.219515,-24.722575],[167.727279,-24.725729],[-54.764957,-24.728883],[82.742807,-24.732037],[-139.749429,-24.735191],[-2.241664,-24.738345],[135.2661,-24.7415],[-87.226136,-24.744654],[50.281628,-24.747808],[-172.210608,-24.750963],[-34.702844,-24.754118],[102.80492,-24.757272],[-119.687316,-24.760427],[17.820448,-24.763582],[155.328212,-24.766737],[-67.164024,-24.769892],[70.34374,-24.773047],[-152.148496,-24.776202],[-14.640732,-24.779357],[122.867032,-24.782513],[-99.625204,-24.785668],[37.88256,-24.788824],[175.390324,-24.791979],[-47.101912,-24.795135],[90.405852,-24.798291],[-132.086383,-24.801446],[5.421381,-24.804602],[142.929145,-24.807758],[-79.563091,-24.810914],[57.944673,-24.814071],[-164.547563,-24.817227],[-27.039799,-24.820383],[110.467965,-24.82354],[-112.024271,-24.826696],[25.483493,-24.829853],[162.991257,-24.833009],[-59.500979,-24.836166],[78.006785,-24.839323],[-144.485451,-24.84248],[-6.977687,-24.845636],[130.530077,-24.848793],[-91.962159,-24.851951],[45.545605,-24.855108],[-176.946631,-24.858265],[-39.438867,-24.861422],[98.068898,-24.86458],[-124.423338,-24.867737],[13.084426,-24.870895],[150.59219,-24.874053],[-71.900046,-24.87721],[65.607718,-24.880368],[-156.884518,-24.883526],[-19.376754,-24.886684],[118.13101,-24.889842],[-104.361226,-24.893],[33.146538,-24.896159],[170.654302,-24.899317],[-51.837934,-24.902475],[85.66983,-24.905634],[-136.822406,-24.908792],[0.685358,-24.911951],[138.193122,-24.91511],[-84.299114,-24.918269],[53.20865,-24.921427],[-169.283586,-24.924586],[-31.775821,-24.927745],[105.731943,-24.930905],[-116.760293,-24.934064],[20.747471,-24.937223],[158.255235,-24.940382],[-64.237001,-24.943542],[73.270763,-24.946701],[-149.221473,-24.949861],[-11.713709,-24.953021],[125.794055,-24.956181],[-96.698181,-24.95934],[40.809583,-24.9625],[178.317347,-24.96566],[-44.174889,-24.96882],[93.332875,-24.971981],[-129.159361,-24.975141],[8.348403,-24.978301],[145.856167,-24.981462],[-76.636069,-24.984622],[60.871695,-24.987783],[-161.62054,-24.990943],[-24.112776,-24.994104],[113.394988,-24.997265],[-109.097248,-25.000426],[28.410516,-25.003587],[165.91828,-25.006748],[-56.573956,-25.009909],[80.933808,-25.01307],[-141.558428,-25.016232],[-4.050664,-25.019393],[133.4571,-25.022555],[-89.035136,-25.025716],[48.472628,-25.028878],[-174.019608,-25.03204],[-36.511844,-25.035201],[100.99592,-25.038363],[-121.496316,-25.041525],[16.011448,-25.044687],[153.519212,-25.047849],[-68.973024,-25.051012],[68.534741,-25.054174],[-153.957495,-25.057336],[-16.449731,-25.060499],[121.058033,-25.063661],[-101.434203,-25.066824],[36.073561,-25.069987],[173.581325,-25.07315],[-48.910911,-25.076312],[88.596853,-25.079475],[-133.895383,-25.082638],[3.612381,-25.085801],[141.120145,-25.088965],[-81.372091,-25.092128],[56.135673,-25.095291],[-166.356563,-25.098455],[-28.848799,-25.101618],[108.658965,-25.104782],[-113.833271,-25.107946],[23.674493,-25.111109],[161.182257,-25.114273],[-61.309978,-25.117437],[76.197786,-25.120601],[-146.29445,-25.123765],[-8.786686,-25.126929],[128.721078,-25.130094],[-93.771158,-25.133258],[43.736606,-25.136422],[-178.75563,-25.139587],[-41.247866,-25.142752],[96.259898,-25.145916],[-126.232338,-25.149081],[11.275426,-25.152246],[148.78319,-25.155411],[-73.709046,-25.158576],[63.798718,-25.161741],[-158.693518,-25.164906],[-21.185754,-25.168071],[116.32201,-25.171237],[-106.170226,-25.174402],[31.337538,-25.177567],[168.845303,-25.180733],[-53.646933,-25.183899],[83.860831,-25.187064],[-138.631405,-25.19023],[-1.123641,-25.193396],[136.384123,-25.196562],[-86.108113,-25.199728],[51.399651,-25.202894],[-171.092585,-25.206061],[-33.584821,-25.209227],[103.922943,-25.212393],[-118.569293,-25.21556],[18.938471,-25.218726],[156.446235,-25.221893],[-66.046001,-25.22506],[71.461763,-25.228227],[-151.030473,-25.231393],[-13.522709,-25.23456],[123.985055,-25.237728],[-98.507181,-25.240895],[39.000584,-25.244062],[176.508348,-25.247229],[-45.983888,-25.250397],[91.523876,-25.253564],[-130.96836,-25.256732],[6.539404,-25.259899],[144.047168,-25.263067],[-78.445068,-25.266235],[59.062696,-25.269403],[-163.42954,-25.272571],[-25.921776,-25.275739],[111.585988,-25.278907],[-110.906248,-25.282075],[26.601516,-25.285243],[164.10928,-25.288412],[-58.382956,-25.29158],[79.124808,-25.294749],[-143.367428,-25.297917],[-5.859664,-25.301086],[131.6481,-25.304255],[-90.844135,-25.307424],[46.663629,-25.310593],[-175.828607,-25.313762],[-38.320843,-25.316931],[99.186921,-25.3201],[-123.305315,-25.323269],[14.202449,-25.326439],[151.710213,-25.329608],[-70.782023,-25.332778],[66.725741,-25.335947],[-155.766495,-25.339117],[-18.258731,-25.342287],[119.249033,-25.345457],[-103.243203,-25.348627],[34.264561,-25.351797],[171.772325,-25.354967],[-50.719911,-25.358137],[86.787853,-25.361307],[-135.704383,-25.364478],[1.803381,-25.367648],[139.311146,-25.370819],[-83.18109,-25.373989],[54.326674,-25.37716],[-168.165562,-25.380331],[-30.657798,-25.383502],[106.849966,-25.386673],[-115.64227,-25.389844],[21.865494,-25.393015],[159.373258,-25.396186],[-63.118978,-25.399357],[74.388786,-25.402529],[-148.10345,-25.4057],[-10.595686,-25.408872],[126.912078,-25.412043],[-95.580158,-25.415215],[41.927606,-25.418387],[179.43537,-25.421559],[-43.056866,-25.424731],[94.450898,-25.427903],[-128.041338,-25.431075],[9.466427,-25.434247],[146.974191,-25.437419],[-75.518045,-25.440592],[61.989719,-25.443764],[-160.502517,-25.446937],[-22.994753,-25.450109],[114.513011,-25.453282],[-107.979225,-25.456455],[29.528539,-25.459628],[167.036303,-25.462801],[-55.455933,-25.465974],[82.051831,-25.469147],[-140.440405,-25.47232],[-2.932641,-25.475493],[134.575123,-25.478667],[-87.917113,-25.48184],[49.590651,-25.485014],[-172.901585,-25.488187],[-35.393821,-25.491361],[102.113943,-25.494535],[-120.378292,-25.497709],[17.129472,-25.500883],[154.637236,-25.504057],[-67.855,-25.507231],[69.652764,-25.510405],[-152.839472,-25.513579],[-15.331708,-25.516754],[122.176056,-25.519928],[-100.31618,-25.523103],[37.191584,-25.526277],[174.699348,-25.529452],[-47.792888,-25.532627],[89.714876,-25.535802],[-132.77736,-25.538977],[4.730404,-25.542152],[142.238168,-25.545327],[-80.254068,-25.548502],[57.253696,-25.551677],[-165.23854,-25.554853],[-27.730776,-25.558028],[109.776989,-25.561204],[-112.715247,-25.564379],[24.792517,-25.567555],[162.300281,-25.570731],[-60.191955,-25.573907],[77.315809,-25.577083],[-145.176427,-25.580259],[-7.668663,-25.583435],[129.839101,-25.586611],[-92.653135,-25.589788],[44.854629,-25.592964],[-177.637607,-25.596141],[-40.129843,-25.599317],[97.377921,-25.602494],[-125.114315,-25.60567],[12.393449,-25.608847],[149.901213,-25.612024],[-72.591023,-25.615201],[64.916741,-25.618378],[-157.575495,-25.621555],[-20.06773,-25.624733],[117.440034,-25.62791],[-105.052202,-25.631087],[32.455562,-25.634265],[169.963326,-25.637443],[-52.52891,-25.64062],[84.978854,-25.643798],[-137.513382,-25.646976],[-0.005618,-25.650154],[137.502146,-25.653332],[-84.99009,-25.65651],[52.517674,-25.659688],[-169.974562,-25.662866],[-32.466798,-25.666045],[105.040966,-25.669223],[-117.45127,-25.672402],[20.056494,-25.67558],[157.564258,-25.678759],[-64.927978,-25.681938],[72.579786,-25.685116],[-149.912449,-25.688295],[-12.404685,-25.691474],[125.103079,-25.694654],[-97.389157,-25.697833],[40.118607,-25.701012],[177.626371,-25.704191],[-44.865865,-25.707371],[92.641899,-25.71055],[-129.850337,-25.71373],[7.657427,-25.71691],[145.165191,-25.720089],[-77.327045,-25.723269],[60.180719,-25.726449],[-162.311517,-25.729629],[-24.803753,-25.732809],[112.704011,-25.73599],[-109.788225,-25.73917],[27.719539,-25.74235],[165.227303,-25.745531],[-57.264933,-25.748711],[80.242832,-25.751892],[-142.249404,-25.755073],[-4.74164,-25.758254],[132.766124,-25.761434],[-89.726112,-25.764615],[47.781652,-25.767796],[-174.710584,-25.770978],[-37.20282,-25.774159],[100.304944,-25.77734],[-122.187292,-25.780522],[15.320472,-25.783703],[152.828236,-25.786885],[-69.664,-25.790066],[67.843764,-25.793248],[-154.648472,-25.79643],[-17.140708,-25.799612],[120.367056,-25.802794],[-102.12518,-25.805976],[35.382584,-25.809158],[172.890348,-25.81234],[-49.601887,-25.815523],[87.905877,-25.818705],[-134.586359,-25.821888],[2.921405,-25.82507],[140.429169,-25.828253],[-82.063067,-25.831436],[55.444697,-25.834619],[-167.047539,-25.837802],[-29.539775,-25.840985],[107.967989,-25.844168],[-114.524247,-25.847351],[22.983517,-25.850534],[160.491281,-25.853718],[-62.000955,-25.856901],[75.506809,-25.860085],[-146.985427,-25.863268],[-9.477663,-25.866452],[128.030101,-25.869636],[-94.462135,-25.87282],[43.045629,-25.876004],[-179.446606,-25.879188],[-41.938842,-25.882372],[95.568922,-25.885556],[-126.923314,-25.88874],[10.58445,-25.891925],[148.092214,-25.895109],[-74.400022,-25.898294],[63.107742,-25.901478],[-159.384494,-25.904663],[-21.87673,-25.907848],[115.631034,-25.911033],[-106.861202,-25.914218],[30.646562,-25.917403],[168.154326,-25.920588],[-54.33791,-25.923773],[83.169854,-25.926959],[-139.322382,-25.930144],[-1.814618,-25.93333],[135.693146,-25.936515],[-86.79909,-25.939701],[50.708675,-25.942887],[-171.783561,-25.946073],[-34.275797,-25.949259],[103.231967,-25.952445],[-119.260269,-25.955631],[18.247495,-25.958817],[155.755259,-25.962003],[-66.736977,-25.96519],[70.770787,-25.968376],[-151.721449,-25.971563],[-14.213685,-25.974749],[123.294079,-25.977936],[-99.198157,-25.981123],[38.309607,-25.98431],[175.817371,-25.987497],[-46.674865,-25.990684],[90.832899,-25.993871],[-131.659337,-25.997058],[5.848427,-26.000246],[143.356191,-26.003433],[-79.136044,-26.006621],[58.37172,-26.009808],[-164.120516,-26.012996],[-26.612752,-26.016184],[110.895012,-26.019371],[-111.597224,-26.022559],[25.91054,-26.025747],[163.418304,-26.028936],[-59.073932,-26.032124],[78.433832,-26.035312],[-144.058404,-26.0385],[-6.55064,-26.041689],[130.957124,-26.044877],[-91.535112,-26.048066],[45.972652,-26.051255],[-176.519584,-26.054444],[-39.01182,-26.057632],[98.495944,-26.060821],[-123.996292,-26.06401],[13.511472,-26.0672],[151.019237,-26.070389],[-71.472999,-26.073578],[66.034765,-26.076768],[-156.457471,-26.079957],[-18.949707,-26.083147],[118.558057,-26.086336],[-103.934179,-26.089526],[33.573585,-26.092716],[171.081349,-26.095906],[-51.410887,-26.099096],[86.096877,-26.102286],[-136.395359,-26.105476],[1.112405,-26.108667],[138.620169,-26.111857],[-83.872067,-26.115047],[53.635697,-26.118238],[-168.856539,-26.121429],[-31.348775,-26.124619],[106.158989,-26.12781],[-116.333247,-26.131001],[21.174518,-26.134192],[158.682282,-26.137383],[-63.809954,-26.140574],[73.69781,-26.143765],[-148.794426,-26.146957],[-11.286662,-26.150148],[126.221102,-26.15334],[-96.271134,-26.156531],[41.23663,-26.159723],[178.744394,-26.162915],[-43.747842,-26.166107],[93.759922,-26.169298],[-128.732314,-26.17249],[8.77545,-26.175683],[146.283214,-26.178875],[-76.209022,-26.182067],[61.298742,-26.185259],[-161.193494,-26.188452],[-23.68573,-26.191644],[113.822034,-26.194837],[-108.670201,-26.19803],[28.837563,-26.201223],[166.345327,-26.204416],[-56.146909,-26.207609],[81.360855,-26.210802],[-141.131381,-26.213995],[-3.623617,-26.217188],[133.884147,-26.220381],[-88.608089,-26.223575],[48.899675,-26.226768],[-173.592561,-26.229962],[-36.084797,-26.233156],[101.422967,-26.236349],[-121.069269,-26.239543],[16.438495,-26.242737],[153.946259,-26.245931],[-68.545977,-26.249125],[68.961787,-26.25232],[-153.530449,-26.255514],[-16.022685,-26.258708],[121.48508,-26.261903],[-101.007156,-26.265097],[36.500608,-26.268292],[174.008372,-26.271487],[-48.483864,-26.274682],[89.0239,-26.277877],[-133.468336,-26.281072],[4.039428,-26.284267],[141.547192,-26.287462],[-80.945044,-26.290657],[56.56272,-26.293852],[-165.929516,-26.297048],[-28.421752,-26.300243],[109.086012,-26.303439],[-113.406224,-26.306635],[24.10154,-26.309831],[161.609304,-26.313026],[-60.882932,-26.316222],[76.624832,-26.319419],[-145.867404,-26.322615],[-8.359639,-26.325811],[129.148125,-26.329007],[-93.344111,-26.332204],[44.163653,-26.3354],[-178.328583,-26.338597],[-40.820819,-26.341793],[96.686945,-26.34499],[-125.805291,-26.348187],[11.702473,-26.351384],[149.210237,-26.354581],[-73.281999,-26.357778],[64.225765,-26.360975],[-158.266471,-26.364173],[-20.758707,-26.36737],[116.749057,-26.370568],[-105.743179,-26.373765],[31.764585,-26.376963],[169.272349,-26.380161],[-53.219887,-26.383358],[84.287877,-26.386556],[-138.204358,-26.389754],[-0.696594,-26.392952],[136.81117,-26.396151],[-85.681066,-26.399349],[51.826698,-26.402547],[-170.665538,-26.405746],[-33.157774,-26.408944],[104.34999,-26.412143],[-118.142246,-26.415342],[19.365518,-26.41854],[156.873282,-26.421739],[-65.618954,-26.424938],[71.88881,-26.428137],[-150.603426,-26.431337],[-13.095662,-26.434536],[124.412102,-26.437735],[-98.080134,-26.440935],[39.42763,-26.444134],[176.935394,-26.447334],[-45.556842,-26.450533],[91.950923,-26.453733],[-130.541313,-26.456933],[6.966451,-26.460133],[144.474215,-26.463333],[-78.018021,-26.466533],[59.489743,-26.469733],[-163.002493,-26.472934],[-25.494729,-26.476134],[112.013035,-26.479335],[-110.479201,-26.482535],[27.028563,-26.485736],[164.536327,-26.488937],[-57.955909,-26.492137],[79.551855,-26.495338],[-142.940381,-26.498539],[-5.432617,-26.501741],[132.075147,-26.504942],[-90.417089,-26.508143],[47.090675,-26.511344],[-175.401561,-26.514546],[-37.893796,-26.517748],[99.613968,-26.520949],[-122.878268,-26.524151],[14.629496,-26.527353],[152.13726,-26.530555],[-70.354976,-26.533757],[67.152788,-26.536959],[-155.339448,-26.540161],[-17.831684,-26.543363],[119.67608,-26.546566],[-102.816156,-26.549768],[34.691608,-26.552971],[172.199372,-26.556173],[-50.292864,-26.559376],[87.2149,-26.562579],[-135.277336,-26.565782],[2.230428,-26.568985],[139.738192,-26.572188],[-82.754044,-26.575391],[54.75372,-26.578594],[-167.738515,-26.581798],[-30.230751,-26.585001],[107.277013,-26.588205],[-115.215223,-26.591408],[22.292541,-26.594612],[159.800305,-26.597816],[-62.691931,-26.60102],[74.815833,-26.604224],[-147.676403,-26.607428],[-10.168639,-26.610632],[127.339125,-26.613836],[-95.153111,-26.61704],[42.354653,-26.620245],[179.862417,-26.623449],[-42.629819,-26.626654],[94.877945,-26.629859],[-127.614291,-26.633063],[9.893473,-26.636268],[147.401237,-26.639473],[-75.090999,-26.642678],[62.416766,-26.645884],[-160.07547,-26.649089],[-22.567706,-26.652294],[114.940058,-26.6555],[-107.552178,-26.658705],[29.955586,-26.661911],[167.46335,-26.665116],[-55.028886,-26.668322],[82.478878,-26.671528],[-140.013358,-26.674734],[-2.505594,-26.67794],[135.00217,-26.681146],[-87.490066,-26.684352],[50.017698,-26.687559],[-172.474538,-26.690765],[-34.966774,-26.693972],[102.54099,-26.697178],[-119.951246,-26.700385],[17.556518,-26.703592],[155.064282,-26.706799],[-67.427953,-26.710005],[70.079811,-26.713213],[-152.412425,-26.71642],[-14.904661,-26.719627],[122.603103,-26.722834],[-99.889133,-26.726042],[37.618631,-26.729249],[175.126395,-26.732457],[-47.365841,-26.735664],[90.141923,-26.738872],[-132.350313,-26.74208],[5.157451,-26.745288],[142.665215,-26.748496],[-79.827021,-26.751704],[57.680743,-26.754912],[-164.811493,-26.758121],[-27.303729,-26.761329],[110.204035,-26.764538],[-112.288201,-26.767746],[25.219563,-26.770955],[162.727328,-26.774164],[-59.764908,-26.777372],[77.742856,-26.780581],[-144.74938,-26.78379],[-7.241616,-26.787],[130.266148,-26.790209],[-92.226088,-26.793418],[45.281676,-26.796627],[-177.21056,-26.799837],[-39.702796,-26.803046],[97.804968,-26.806256],[-124.687268,-26.809466],[12.820496,-26.812676],[150.32826,-26.815886],[-72.163976,-26.819096],[65.343788,-26.822306],[-157.148448,-26.825516],[-19.640684,-26.828726],[117.86708,-26.831937],[-104.625156,-26.835147],[32.882609,-26.838358],[170.390373,-26.841569],[-52.101863,-26.844779],[85.405901,-26.84799],[-137.086335,-26.851201],[0.421429,-26.854412],[137.929193,-26.857623],[-84.563043,-26.860834],[52.944721,-26.864046],[-169.547515,-26.867257],[-32.039751,-26.870469],[105.468013,-26.87368],[-117.024223,-26.876892],[20.483541,-26.880104],[157.991305,-26.883316],[-64.500931,-26.886528],[73.006833,-26.88974],[-149.485403,-26.892952],[-11.977639,-26.896164],[125.530125,-26.899376],[-96.96211,-26.902589],[40.545654,-26.905801],[178.053418,-26.909014],[-44.438818,-26.912226],[93.068946,-26.915439],[-129.42329,-26.918652],[8.084474,-26.921865],[145.592238,-26.925078],[-76.899998,-26.928291],[60.607766,-26.931504],[-161.88447,-26.934718],[-24.376706,-26.937931],[113.131058,-26.941145],[-109.361178,-26.944358],[28.146586,-26.947572],[165.65435,-26.950786],[-56.837886,-26.954],[80.669878,-26.957213],[-141.822358,-26.960428],[-4.314593,-26.963642],[133.193171,-26.966856],[-89.299065,-26.97007],[48.208699,-26.973285],[-174.283537,-26.976499],[-36.775773,-26.979714],[100.731991,-26.982928],[-121.760245,-26.986143],[15.747519,-26.989358],[153.255283,-26.992573],[-69.236953,-26.995788],[68.270811,-26.999003],[-154.221425,-27.002219],[-16.713661,-27.005434],[120.794103,-27.008649],[-101.698133,-27.011865],[35.809631,-27.01508],[173.317395,-27.018296],[-49.174841,-27.021512],[88.332923,-27.024728],[-134.159312,-27.027944],[3.348452,-27.03116],[140.856216,-27.034376],[-81.63602,-27.037592],[55.871744,-27.040809],[-166.620492,-27.044025],[-29.112728,-27.047242],[108.395036,-27.050458],[-114.0972,-27.053675],[23.410564,-27.056892],[160.918328,-27.060109],[-61.573908,-27.063326],[75.933856,-27.066543],[-146.55838,-27.06976],[-9.050616,-27.072977],[128.457148,-27.076195],[-94.035088,-27.079412],[43.472676,-27.08263],[-179.01956,-27.085847],[-41.511796,-27.089065],[95.995969,-27.092283],[-126.496267,-27.095501],[11.011497,-27.098719],[148.519261,-27.101937],[-73.972975,-27.105155],[63.534789,-27.108373],[-158.957447,-27.111592],[-21.449683,-27.11481],[116.058081,-27.118029],[-106.434155,-27.121247],[31.073609,-27.124466],[168.581373,-27.127685],[-53.910863,-27.130904],[83.596901,-27.134123],[-138.895335,-27.137342],[-1.387571,-27.140561],[136.120193,-27.143781],[-86.372043,-27.147],[51.135721,-27.15022],[-171.356515,-27.153439],[-33.84875,-27.156659],[103.659014,-27.159879],[-118.833222,-27.163098],[18.674542,-27.166318],[156.182306,-27.169538],[-66.30993,-27.172759],[71.197834,-27.175979],[-151.294402,-27.179199],[-13.786638,-27.18242],[123.721126,-27.18564],[-98.77111,-27.188861],[38.736654,-27.192081],[176.244418,-27.195302],[-46.247818,-27.198523],[91.259946,-27.201744],[-131.23229,-27.204965],[6.275474,-27.208186],[143.783238,-27.211408],[-78.708998,-27.214629],[58.798766,-27.21785],[-163.693469,-27.221072],[-26.185705,-27.224294],[111.322059,-27.227515],[-111.170177,-27.230737],[26.337587,-27.233959],[163.845351,-27.237181],[-58.646885,-27.240403],[78.860879,-27.243625],[-143.631357,-27.246848],[-6.123593,-27.25007],[131.384171,-27.253292],[-91.108065,-27.256515],[46.399699,-27.259738],[-176.092537,-27.26296],[-38.584773,-27.266183],[98.922991,-27.269406],[-123.569245,-27.272629],[13.938519,-27.275852],[151.446283,-27.279076],[-71.045953,-27.282299],[66.461812,-27.285522],[-156.030424,-27.288746],[-18.52266,-27.291969],[118.985104,-27.295193],[-103.507132,-27.298417],[34.000632,-27.301641],[171.508396,-27.304865],[-50.98384,-27.308089],[86.523924,-27.311313],[-135.968312,-27.314537],[1.539452,-27.317761],[139.047216,-27.320986],[-83.44502,-27.32421],[54.062744,-27.327435],[-168.429492,-27.33066],[-30.921728,-27.333885],[106.586036,-27.337109],[-115.9062,-27.340334],[21.601564,-27.34356],[159.109328,-27.346785],[-63.382907,-27.35001],[74.124857,-27.353235],[-148.367379,-27.356461],[-10.859615,-27.359686],[126.648149,-27.362912],[-95.844087,-27.366138],[41.663677,-27.369364],[179.171441,-27.37259],[-43.320795,-27.375816],[94.186969,-27.379042],[-128.305267,-27.382268],[9.202497,-27.385494],[146.710261,-27.388721],[-75.781975,-27.391947],[61.725789,-27.395174],[-160.766447,-27.398401],[-23.258683,-27.401627],[114.249081,-27.404854],[-108.243155,-27.408081],[29.264609,-27.411308],[166.772374,-27.414535],[-55.719862,-27.417763],[81.787902,-27.42099],[-140.704334,-27.424217],[-3.19657,-27.427445],[134.311194,-27.430673],[-88.181042,-27.4339],[49.326722,-27.437128],[-173.165514,-27.440356],[-35.65775,-27.443584],[101.850014,-27.446812],[-120.642222,-27.45004],[16.865542,-27.453269],[154.373306,-27.456497],[-68.11893,-27.459726],[69.388834,-27.462954],[-153.103402,-27.466183],[-15.595638,-27.469412],[121.912126,-27.47264],[-100.58011,-27.475869],[36.927655,-27.479098],[174.435419,-27.482328],[-48.056817,-27.485557],[89.450947,-27.488786],[-133.041289,-27.492016],[4.466475,-27.495245],[141.974239,-27.498475],[-80.517997,-27.501704],[56.989767,-27.504934],[-165.502469,-27.508164],[-27.994705,-27.511394],[109.513059,-27.514624],[-112.979177,-27.517854],[24.528587,-27.521085],[162.036351,-27.524315],[-60.455885,-27.527546],[77.051879,-27.530776],[-145.440357,-27.534007],[-7.932593,-27.537238],[129.575171,-27.540468],[-92.917064,-27.543699],[44.5907,-27.54693],[-177.901536,-27.550162],[-40.393772,-27.553393],[97.113992,-27.556624],[-125.378244,-27.559856],[12.12952,-27.563087],[149.637284,-27.566319],[-72.854952,-27.56955],[64.652812,-27.572782],[-157.839424,-27.576014],[-20.33166,-27.579246],[117.176104,-27.582478],[-105.316132,-27.58571],[32.191632,-27.588943],[169.699396,-27.592175],[-52.79284,-27.595407],[84.714924,-27.59864],[-137.777312,-27.601873],[-0.269548,-27.605105],[137.238217,-27.608338],[-85.254019,-27.611571],[52.253745,-27.614804],[-170.238491,-27.618037],[-32.730727,-27.621271],[104.777037,-27.624504],[-117.715199,-27.627737],[19.792565,-27.630971],[157.300329,-27.634205],[-65.191907,-27.637438],[72.315857,-27.640672],[-150.176379,-27.643906],[-12.668615,-27.64714],[124.839149,-27.650374],[-97.653087,-27.653608],[39.854677,-27.656843],[177.362441,-27.660077],[-45.129795,-27.663311],[92.377969,-27.666546],[-130.114267,-27.669781],[7.393498,-27.673015],[144.901262,-27.67625],[-77.590974,-27.679485],[59.91679,-27.68272],[-162.575446,-27.685955],[-25.067682,-27.689191],[112.440082,-27.692426],[-110.052154,-27.695661],[27.45561,-27.698897],[164.963374,-27.702133],[-57.528862,-27.705368],[79.978902,-27.708604],[-142.513334,-27.71184],[-5.00557,-27.715076],[132.502194,-27.718312],[-89.990042,-27.721548],[47.517722,-27.724785],[-174.974514,-27.728021],[-37.46675,-27.731258],[100.041014,-27.734494],[-122.451221,-27.737731],[15.056543,-27.740968],[152.564307,-27.744204],[-69.927929,-27.747441],[67.579835,-27.750678],[-154.912401,-27.753916],[-17.404637,-27.757153],[120.103127,-27.76039],[-102.389109,-27.763628],[35.118655,-27.766865],[172.626419,-27.770103],[-49.865817,-27.773341],[87.641947,-27.776578],[-134.850289,-27.779816],[2.657475,-27.783054],[140.165239,-27.786293],[-82.326997,-27.789531],[55.180767,-27.792769],[-167.311469,-27.796008],[-29.803705,-27.799246],[107.70406,-27.802485],[-114.788176,-27.805723],[22.719588,-27.808962],[160.227352,-27.812201],[-62.264884,-27.81544],[75.24288,-27.818679],[-147.249356,-27.821918],[-9.741592,-27.825158],[127.766172,-27.828397],[-94.726064,-27.831636],[42.7817,-27.834876],[-179.710536,-27.838116],[-42.202772,-27.841355],[95.304992,-27.844595],[-127.187244,-27.847835],[10.32052,-27.851075],[147.828284,-27.854316],[-74.663952,-27.857556],[62.843812,-27.860796],[-159.648424,-27.864037],[-22.140659,-27.867277],[115.367105,-27.870518],[-107.125131,-27.873758],[30.382633,-27.876999],[167.890397,-27.88024],[-54.601839,-27.883481],[82.905925,-27.886722],[-139.586311,-27.889964],[-2.078547,-27.893205],[135.429217,-27.896446],[-87.063019,-27.899688],[50.444745,-27.902929],[-172.047491,-27.906171],[-34.539727,-27.909413],[102.968037,-27.912655],[-119.524199,-27.915897],[17.983565,-27.919139],[155.491329,-27.922381],[-67.000907,-27.925623],[70.506857,-27.928866],[-151.985378,-27.932108],[-14.477614,-27.935351],[123.03015,-27.938594],[-99.462086,-27.941836],[38.045678,-27.945079],[175.553442,-27.948322],[-46.938794,-27.951565],[90.56897,-27.954808],[-131.923266,-27.958052],[5.584498,-27.961295],[143.092262,-27.964539],[-79.399974,-27.967782],[58.10779,-27.971026],[-164.384446,-27.97427],[-26.876682,-27.977513],[110.631082,-27.980757],[-111.861154,-27.984001],[25.64661,-27.987246],[163.154374,-27.99049],[-59.337862,-27.993734],[78.169903,-27.996979],[-144.322333,-28.000223],[-6.814569,-28.003468],[130.693195,-28.006712],[-91.799041,-28.009957],[45.708723,-28.013202],[-176.783513,-28.016447],[-39.275749,-28.019692],[98.232015,-28.022938],[-124.260221,-28.026183],[13.247543,-28.029428],[150.755307,-28.032674],[-71.736929,-28.035919],[65.770835,-28.039165],[-156.721401,-28.042411],[-19.213637,-28.045657],[118.294127,-28.048903],[-104.198109,-28.052149],[33.309655,-28.055395],[170.817419,-28.058641],[-51.674816,-28.061888],[85.832948,-28.065134],[-136.659288,-28.068381],[0.848476,-28.071628],[138.35624,-28.074874],[-84.135996,-28.078121],[53.371768,-28.081368],[-169.120468,-28.084615],[-31.612704,-28.087862],[105.89506,-28.09111],[-116.597176,-28.094357],[20.910588,-28.097605],[158.418352,-28.100852],[-64.073884,-28.1041],[73.43388,-28.107348],[-149.058356,-28.110595],[-11.550592,-28.113843],[125.957172,-28.117091],[-96.535064,-28.12034],[40.9727,-28.123588],[178.480465,-28.126836],[-44.011771,-28.130085],[93.495993,-28.133333],[-128.996243,-28.136582],[8.511521,-28.139831],[146.019285,-28.143079],[-76.472951,-28.146328],[61.034813,-28.149577],[-161.457423,-28.152827],[-23.949659,-28.156076],[113.558105,-28.159325],[-108.934131,-28.162575],[28.573633,-28.165824],[166.081397,-28.169074],[-56.410839,-28.172324],[81.096925,-28.175573],[-141.395311,-28.178823],[-3.887547,-28.182073],[133.620217,-28.185323],[-88.872019,-28.188574],[48.635746,-28.191824],[-173.85649,-28.195074],[-36.348726,-28.198325],[101.159038,-28.201576],[-121.333198,-28.204826],[16.174566,-28.208077],[153.68233,-28.211328],[-68.809906,-28.214579],[68.697858,-28.21783],[-153.794378,-28.221081],[-16.286614,-28.224333],[121.22115,-28.227584],[-101.271086,-28.230836],[36.236678,-28.234087],[173.744442,-28.237339],[-48.747794,-28.240591],[88.75997,-28.243843],[-133.732266,-28.247095],[3.775498,-28.250347],[141.283262,-28.253599],[-81.208973,-28.256851],[56.298791,-28.260104],[-166.193445,-28.263356],[-28.685681,-28.266609],[108.822083,-28.269862],[-113.670153,-28.273114],[23.837611,-28.276367],[161.345375,-28.27962],[-61.146861,-28.282873],[76.360903,-28.286127],[-146.131333,-28.28938],[-8.623569,-28.292633],[128.884195,-28.295887],[-93.608041,-28.29914],[43.899723,-28.302394],[-178.592513,-28.305648],[-41.084749,-28.308902],[96.423015,-28.312156],[-126.069221,-28.31541],[11.438543,-28.318664],[148.946308,-28.321918],[-73.545928,-28.325173],[63.961836,-28.328427],[-158.5304,-28.331682],[-21.022636,-28.334937],[116.485128,-28.338191],[-106.007108,-28.341446],[31.500656,-28.344701],[169.00842,-28.347956],[-53.483816,-28.351212],[84.023948,-28.354467],[-138.468288,-28.357722],[-0.960524,-28.360978],[136.54724,-28.364233],[-85.944996,-28.367489],[51.562768,-28.370745],[-170.929468,-28.374001],[-33.421704,-28.377257],[104.08606,-28.380513],[-118.406176,-28.383769],[19.101589,-28.387025],[156.609353,-28.390282],[-65.882883,-28.393538],[71.624881,-28.396795],[-150.867355,-28.400052],[-13.359591,-28.403308],[124.148173,-28.406565],[-98.344063,-28.409822],[39.163701,-28.413079],[176.671465,-28.416336],[-45.820771,-28.419594],[91.686993,-28.422851],[-130.805243,-28.426109],[6.702521,-28.429366],[144.210285,-28.432624],[-78.281951,-28.435882],[59.225813,-28.43914],[-163.266423,-28.442398],[-25.758659,-28.445656],[111.749105,-28.448914],[-110.74313,-28.452172],[26.764634,-28.455431],[164.272398,-28.458689],[-58.219838,-28.461948],[79.287926,-28.465206],[-143.20431,-28.468465],[-5.696546,-28.471724],[131.811218,-28.474983],[-90.681018,-28.478242],[46.826746,-28.481501],[-175.66549,-28.484761],[-38.157726,-28.48802],[99.350038,-28.49128],[-123.142198,-28.494539],[14.365566,-28.497799],[151.87333,-28.501059],[-70.618906,-28.504319],[66.888858,-28.507579],[-155.603378,-28.510839],[-18.095614,-28.514099],[119.412151,-28.517359],[-103.080085,-28.52062],[34.427679,-28.52388],[171.935443,-28.527141],[-50.556793,-28.530402],[86.950971,-28.533662],[-135.541265,-28.536923],[1.966499,-28.540184],[139.474263,-28.543445],[-83.017973,-28.546707],[54.489791,-28.549968],[-168.002445,-28.553229],[-30.494681,-28.556491],[107.013083,-28.559753],[-115.479153,-28.563014],[22.028611,-28.566276],[159.536375,-28.569538],[-62.955861,-28.5728],[74.551903,-28.576062],[-147.940333,-28.579324],[-10.432568,-28.582587],[127.075196,-28.585849],[-95.41704,-28.589112],[42.090724,-28.592374],[179.598488,-28.595637],[-42.893748,-28.5989],[94.614016,-28.602163],[-127.87822,-28.605426],[9.629544,-28.608689],[147.137308,-28.611952],[-75.354928,-28.615216],[62.152836,-28.618479],[-160.3394,-28.621743],[-22.831636,-28.625006],[114.676128,-28.62827],[-107.816108,-28.631534],[29.691656,-28.634798],[167.19942,-28.638062],[-55.292816,-28.641326],[82.214948,-28.64459],[-140.277287,-28.647855],[-2.769523,-28.651119],[134.738241,-28.654384],[-87.753995,-28.657648],[49.753769,-28.660913],[-172.738467,-28.664178],[-35.230703,-28.667443],[102.277061,-28.670708],[-120.215175,-28.673973],[17.292589,-28.677238],[154.800353,-28.680504],[-67.691883,-28.683769],[69.815881,-28.687035],[-152.676355,-28.6903],[-15.168591,-28.693566],[122.339173,-28.696832],[-100.153063,-28.700098],[37.354701,-28.703364],[174.862465,-28.70663],[-47.629771,-28.709897],[89.877994,-28.713163],[-132.614242,-28.71643],[4.893522,-28.719696],[142.401286,-28.722963],[-80.09095,-28.72623],[57.416814,-28.729497],[-165.075422,-28.732764],[-27.567658,-28.736031],[109.940106,-28.739298],[-112.55213,-28.742565],[24.955634,-28.745833],[162.463398,-28.7491],[-60.028838,-28.752368],[77.478926,-28.755636],[-145.01331,-28.758903],[-7.505546,-28.762171],[130.002218,-28.765439],[-92.490018,-28.768707],[45.017746,-28.771976],[-177.47449,-28.775244],[-39.966725,-28.778512],[97.541039,-28.781781],[-124.951197,-28.78505],[12.556567,-28.788318],[150.064331,-28.791587],[-72.427905,-28.794856],[65.079859,-28.798125],[-157.412377,-28.801394],[-19.904613,-28.804664],[117.603151,-28.807933],[-104.889085,-28.811202],[32.618679,-28.814472],[170.126443,-28.817742],[-52.365793,-28.821011],[85.141971,-28.824281],[-137.350265,-28.827551],[0.157499,-28.830821],[137.665263,-28.834092],[-84.826973,-28.837362],[52.680791,-28.840632],[-169.811444,-28.843903],[-32.30368,-28.847173],[105.204084,-28.850444],[-117.288152,-28.853715],[20.219612,-28.856986],[157.727376,-28.860257],[-64.76486,-28.863528],[72.742904,-28.866799],[-149.749332,-28.87007],[-12.241568,-28.873342],[125.266196,-28.876613],[-97.22604,-28.879885],[40.281724,-28.883157],[177.789488,-28.886428],[-44.702748,-28.8897],[92.805016,-28.892972],[-129.68722,-28.896245],[7.820544,-28.899517],[145.328308,-28.902789],[-77.163928,-28.906062],[60.343837,-28.909334],[-162.148399,-28.912607],[-24.640635,-28.91588],[112.867129,-28.919152],[-109.625107,-28.922425],[27.882657,-28.925698],[165.390421,-28.928972],[-57.101815,-28.932245],[80.405949,-28.935518],[-142.086287,-28.938792],[-4.578523,-28.942065],[132.929241,-28.945339],[-89.562995,-28.948613],[47.944769,-28.951887],[-174.547467,-28.955161],[-37.039703,-28.958435],[100.468061,-28.961709],[-122.024175,-28.964983],[15.483589,-28.968258],[152.991353,-28.971532],[-69.500882,-28.974807],[68.006882,-28.978082],[-154.485354,-28.981356],[-16.97759,-28.984631],[120.530174,-28.987906],[-101.962062,-28.991181],[35.545702,-28.994457],[173.053466,-28.997732],[-49.43877,-29.001008],[88.068994,-29.004283],[-134.423242,-29.007559],[3.084522,-29.010834],[140.592286,-29.01411],[-81.89995,-29.017386],[55.607814,-29.020662],[-166.884422,-29.023939],[-29.376658,-29.027215],[108.131106,-29.030491],[-114.36113,-29.033768],[23.146634,-29.037044],[160.654399,-29.040321],[-61.837837,-29.043598],[75.669927,-29.046875],[-146.822309,-29.050152],[-9.314545,-29.053429],[128.193219,-29.056706],[-94.299017,-29.059983],[43.208747,-29.063261],[-179.283489,-29.066538],[-41.775725,-29.069816],[95.732039,-29.073094],[-126.760197,-29.076372],[10.747567,-29.079649],[148.255331,-29.082928],[-74.236905,-29.086206],[63.270859,-29.089484],[-159.221377,-29.092762],[-21.713613,-29.096041],[115.794151,-29.099319],[-106.698085,-29.102598],[30.80968,-29.105877],[168.317444,-29.109156],[-54.174792,-29.112435],[83.332972,-29.115714],[-139.159264,-29.118993],[-1.6515,-29.122272],[135.856264,-29.125552],[-86.635972,-29.128831],[50.871792,-29.132111],[-171.620444,-29.135391],[-34.11268,-29.13867],[103.395084,-29.14195],[-119.097152,-29.14523],[18.410612,-29.14851],[155.918376,-29.151791],[-66.57386,-29.155071],[70.933904,-29.158351],[-151.558332,-29.161632],[-14.050568,-29.164913],[123.457196,-29.168193],[-99.035039,-29.171474],[38.472725,-29.174755],[175.980489,-29.178036],[-46.511747,-29.181318],[90.996017,-29.184599],[-131.496219,-29.18788],[6.011545,-29.191162],[143.519309,-29.194443],[-78.972927,-29.197725],[58.534837,-29.201007],[-163.957399,-29.204289],[-26.449635,-29.207571],[111.058129,-29.210853],[-111.434107,-29.214135],[26.073657,-29.217418],[163.581421,-29.2207],[-58.910815,-29.223983],[78.596949,-29.227265],[-143.895287,-29.230548],[-6.387523,-29.233831],[131.120242,-29.237114],[-91.371994,-29.240397],[46.13577,-29.24368],[-176.356466,-29.246963],[-38.848702,-29.250247],[98.659062,-29.25353],[-123.833174,-29.256814],[13.67459,-29.260098],[151.182354,-29.263381],[-71.309882,-29.266665],[66.197882,-29.269949],[-156.294354,-29.273234],[-18.78659,-29.276518],[118.721174,-29.279802],[-103.771062,-29.283087],[33.736702,-29.286371],[171.244466,-29.289656],[-51.24777,-29.292941],[86.259994,-29.296225],[-136.232242,-29.29951],[1.275523,-29.302795],[138.783287,-29.306081],[-83.708949,-29.309366],[53.798815,-29.312651],[-168.693421,-29.315937],[-31.185657,-29.319223],[106.322107,-29.322508],[-116.170129,-29.325794],[21.337635,-29.32908],[158.845399,-29.332366],[-63.646837,-29.335652],[73.860927,-29.338938],[-148.631309,-29.342225],[-11.123545,-29.345511],[126.384219,-29.348798],[-96.108017,-29.352084],[41.399747,-29.355371],[178.907511,-29.358658],[-43.584725,-29.361945],[93.923039,-29.365232],[-128.569196,-29.368519],[8.938568,-29.371807],[146.446332,-29.375094],[-76.045904,-29.378382],[61.46186,-29.381669],[-161.030376,-29.384957],[-23.522612,-29.388245],[113.985152,-29.391533],[-108.507084,-29.394821],[29.00068,-29.398109],[166.508444,-29.401397],[-55.983792,-29.404686],[81.523972,-29.407974],[-140.968264,-29.411263],[-3.4605,-29.414551],[134.047264,-29.41784],[-88.444972,-29.421129],[49.062792,-29.424418],[-173.429444,-29.427707],[-35.92168,-29.430996],[101.586085,-29.434286],[-120.906151,-29.437575],[16.601613,-29.440865],[154.109377,-29.444154],[-68.382859,-29.447444],[69.124905,-29.450734],[-153.367331,-29.454024],[-15.859567,-29.457314],[121.648197,-29.460604],[-100.844039,-29.463895],[36.663725,-29.467185],[174.171489,-29.470475],[-48.320747,-29.473766],[89.187017,-29.477057],[-133.305219,-29.480348],[4.202545,-29.483639],[141.710309,-29.48693],[-80.781927,-29.490221],[56.725837,-29.493512],[-165.766399,-29.496803],[-28.258634,-29.500095],[109.24913,-29.503386],[-113.243106,-29.506678],[24.264658,-29.50997],[161.772422,-29.513262],[-60.719814,-29.516554],[76.78795,-29.519846],[-145.704286,-29.523138],[-8.196522,-29.52643],[129.311242,-29.529723],[-93.180994,-29.533015],[44.32677,-29.536308],[-178.165466,-29.539601],[-40.657702,-29.542894],[96.850062,-29.546187],[-125.642174,-29.54948],[11.86559,-29.552773],[149.373354,-29.556066],[-73.118882,-29.559359],[64.388882,-29.562653],[-158.103353,-29.565947],[-20.595589,-29.56924],[116.912175,-29.572534],[-105.580061,-29.575828],[31.927703,-29.579122],[169.435467,-29.582416],[-53.056769,-29.58571],[84.450995,-29.589005],[-138.041241,-29.592299],[-0.533477,-29.595594],[136.974287,-29.598889],[-85.517949,-29.602183],[51.989815,-29.605478],[-170.502421,-29.608773],[-32.994657,-29.612068],[104.513107,-29.615364],[-117.979129,-29.618659],[19.528635,-29.621954],[157.036399,-29.62525],[-65.455837,-29.628546],[72.051928,-29.631841],[-150.440308,-29.635137],[-12.932544,-29.638433],[124.57522,-29.641729],[-97.917016,-29.645025],[39.590748,-29.648322],[177.098512,-29.651618],[-45.393724,-29.654915],[92.11404,-29.658211],[-130.378196,-29.661508],[7.129568,-29.664805],[144.637332,-29.668102],[-77.854904,-29.671399],[59.65286,-29.674696],[-162.839376,-29.677993],[-25.331612,-29.681291],[112.176152,-29.684588],[-110.316084,-29.687886],[27.19168,-29.691183],[164.699444,-29.694481],[-57.792791,-29.697779],[79.714973,-29.701077],[-142.777263,-29.704375],[-5.269499,-29.707674],[132.238265,-29.710972],[-90.253971,-29.71427],[47.253793,-29.717569],[-175.238443,-29.720868],[-37.730679,-29.724166],[99.777085,-29.727465],[-122.715151,-29.730764],[14.792613,-29.734064],[152.300377,-29.737363],[-70.191859,-29.740662],[67.315905,-29.743962],[-155.176331,-29.747261],[-17.668567,-29.750561],[119.839197,-29.75386],[-102.653039,-29.75716],[34.854725,-29.76046],[172.36249,-29.76376],[-50.129746,-29.767061],[87.378018,-29.770361],[-135.114218,-29.773661],[2.393546,-29.776962],[139.90131,-29.780263],[-82.590926,-29.783563],[54.916838,-29.786864],[-167.575398,-29.790165],[-30.067634,-29.793466],[107.44013,-29.796767],[-115.052106,-29.800069],[22.455658,-29.80337],[159.963422,-29.806672],[-62.528814,-29.809973],[74.97895,-29.813275],[-147.513286,-29.816577],[-10.005522,-29.819879],[127.502242,-29.823181],[-94.989994,-29.826483],[42.517771,-29.829785],[-179.974465,-29.833087],[-42.466701,-29.83639],[95.041063,-29.839693],[-127.451173,-29.842995],[10.056591,-29.846298],[147.564355,-29.849601],[-74.927881,-29.852904],[62.579883,-29.856207],[-159.912353,-29.85951],[-22.404589,-29.862814],[115.103175,-29.866117],[-107.389061,-29.869421],[30.118703,-29.872725],[167.626467,-29.876028],[-54.865769,-29.879332],[82.641995,-29.882636],[-139.850241,-29.88594],[-2.342477,-29.889245],[135.165287,-29.892549],[-87.326948,-29.895853],[50.180816,-29.899158],[-172.31142,-29.902463],[-34.803656,-29.905767],[102.704108,-29.909072],[-119.788128,-29.912377],[17.719636,-29.915682],[155.2274,-29.918988],[-67.264836,-29.922293],[70.242928,-29.925598],[-152.249308,-29.928904],[-14.741544,-29.93221],[122.76622,-29.935515],[-99.726016,-29.938821],[37.781748,-29.942127],[175.289512,-29.945433],[-47.202724,-29.94874],[90.30504,-29.952046],[-132.187196,-29.955352],[5.320568,-29.958659],[142.828333,-29.961966],[-79.663903,-29.965272],[57.843861,-29.968579],[-164.648375,-29.971886],[-27.140611,-29.975193],[110.367153,-29.978501],[-112.125083,-29.981808],[25.382681,-29.985115],[162.890445,-29.988423],[-59.601791,-29.99173],[77.905973,-29.995038],[-144.586263,-29.998346],[-7.078499,-30.001654],[130.429265,-30.004962],[-92.062971,-30.00827],[45.444793,-30.011579],[-177.047443,-30.014887],[-39.539679,-30.018196],[97.968085,-30.021504],[-124.524151,-30.024813],[12.983614,-30.028122],[150.491378,-30.031431],[-72.000858,-30.03474],[65.506906,-30.038049],[-156.98533,-30.041358],[-19.477566,-30.044668],[118.030198,-30.047977],[-104.462038,-30.051287],[33.045726,-30.054597],[170.55349,-30.057906],[-51.938746,-30.061216],[85.569018,-30.064526],[-136.923218,-30.067837],[0.584546,-30.071147],[138.09231,-30.074457],[-84.399926,-30.077768],[53.107838,-30.081078],[-169.384398,-30.084389],[-31.876634,-30.0877],[105.63113,-30.091011],[-116.861105,-30.094322],[20.646659,-30.097633],[158.154423,-30.100945],[-64.337813,-30.104256],[73.169951,-30.107567],[-149.322285,-30.110879],[-11.814521,-30.114191],[125.693243,-30.117503],[-96.798993,-30.120815],[40.708771,-30.124127],[178.216535,-30.127439],[-44.275701,-30.130751],[93.232063,-30.134064],[-129.260173,-30.137376],[8.247591,-30.140689],[145.755355,-30.144001],[-76.736881,-30.147314],[60.770883,-30.150627],[-161.721353,-30.15394],[-24.213589,-30.157254],[113.294176,-30.160567],[-109.19806,-30.16388],[28.309704,-30.167194],[165.817468,-30.170507],[-56.674768,-30.173821],[80.832996,-30.177135],[-141.65924,-30.180449],[-4.151476,-30.183763],[133.356288,-30.187077],[-89.135948,-30.190391],[48.371816,-30.193706],[-174.12042,-30.19702],[-36.612656,-30.200335],[100.895108,-30.20365],[-121.597128,-30.206965],[15.910636,-30.21028],[153.4184,-30.213595],[-69.073836,-30.21691],[68.433928,-30.220225],[-154.058308,-30.223541],[-16.550543,-30.226856],[120.957221,-30.230172],[-101.535015,-30.233487],[35.972749,-30.236803],[173.480513,-30.240119],[-49.011723,-30.243435],[88.496041,-30.246752],[-133.996195,-30.250068],[3.511569,-30.253384],[141.019333,-30.256701],[-81.472903,-30.260017],[56.034861,-30.263334],[-166.457375,-30.266651],[-28.949611,-30.269968],[108.558153,-30.273285],[-113.934083,-30.276602],[23.573681,-30.27992],[161.081445,-30.283237],[-61.410791,-30.286555],[76.096973,-30.289872],[-146.395262,-30.29319],[-8.887498,-30.296508],[128.620266,-30.299826],[-93.87197,-30.303144],[43.635794,-30.306462],[-178.856442,-30.309781],[-41.348678,-30.313099],[96.159086,-30.316418],[-126.33315,-30.319736],[11.174614,-30.323055],[148.682378,-30.326374],[-73.809858,-30.329693],[63.697906,-30.333012],[-158.79433,-30.336331],[-21.286566,-30.33965],[116.221198,-30.34297],[-106.271038,-30.34629],[31.236726,-30.349609],[168.74449,-30.352929],[-53.747746,-30.356249],[83.760019,-30.359569],[-138.732217,-30.362889],[-1.224453,-30.366209],[136.283311,-30.36953],[-86.208925,-30.37285],[51.298839,-30.376171],[-171.193397,-30.379491],[-33.685633,-30.382812],[103.822131,-30.386133],[-118.670105,-30.389454],[18.837659,-30.392775],[156.345423,-30.396096],[-66.146813,-30.399418],[71.360951,-30.402739],[-151.131285,-30.406061],[-13.623521,-30.409383],[123.884243,-30.412704],[-98.607993,-30.416026],[38.899771,-30.419348],[176.407535,-30.422671],[-46.0847,-30.425993],[91.423064,-30.429315],[-131.069172,-30.432638],[6.438592,-30.43596],[143.946356,-30.439283],[-78.54588,-30.442606],[58.961884,-30.445929],[-163.530352,-30.449252],[-26.022588,-30.452575],[111.485176,-30.455898],[-111.00706,-30.459222],[26.500704,-30.462545],[164.008468,-30.465869],[-58.483768,-30.469193],[79.023996,-30.472516],[-143.46824,-30.47584],[-5.960476,-30.479165],[131.547288,-30.482489],[-90.944948,-30.485813],[46.562816,-30.489137],[-175.929419,-30.492462],[-38.421655,-30.495787],[99.086109,-30.499111],[-123.406127,-30.502436],[14.101637,-30.505761],[151.609401,-30.509086],[-70.882835,-30.512412],[66.624929,-30.515737],[-155.867307,-30.519062],[-18.359543,-30.522388],[119.148221,-30.525714],[-103.344015,-30.529039],[34.163749,-30.532365],[171.671513,-30.535691],[-50.820723,-30.539017],[86.687041,-30.542344],[-135.805195,-30.54567],[1.702569,-30.548997],[139.210333,-30.552323],[-83.281903,-30.55565],[54.225862,-30.558977],[-168.266374,-30.562304],[-30.75861,-30.565631],[106.749154,-30.568958],[-115.743082,-30.572285],[21.764682,-30.575612],[159.272446,-30.57894],[-63.21979,-30.582268],[74.287974,-30.585595],[-148.204262,-30.588923],[-10.696498,-30.592251],[126.811266,-30.595579],[-95.68097,-30.598907],[41.826794,-30.602236],[179.334558,-30.605564],[-43.157678,-30.608893],[94.350086,-30.612221],[-128.14215,-30.61555],[9.365614,-30.618879],[146.873378,-30.622208],[-75.618857,-30.625537],[61.888907,-30.628866],[-160.603329,-30.632195],[-23.095565,-30.635525],[114.412199,-30.638854],[-108.080037,-30.642184],[29.427727,-30.645514],[166.935491,-30.648844],[-55.556745,-30.652174],[81.951019,-30.655504],[-140.541217,-30.658834],[-3.033453,-30.662165],[134.474311,-30.665495],[-88.017925,-30.668826],[49.489839,-30.672156],[-173.002397,-30.675487],[-35.494633,-30.678818],[102.013131,-30.682149],[-120.479105,-30.68548],[17.028659,-30.688812],[154.536424,-30.692143],[-67.955812,-30.695474],[69.551952,-30.698806],[-152.940284,-30.702138],[-15.43252,-30.70547],[122.075244,-30.708802],[-100.416992,-30.712134],[37.090772,-30.715466],[174.598536,-30.718798],[-47.8937,-30.722131],[89.614064,-30.725463],[-132.878172,-30.728796],[4.629592,-30.732129],[142.137356,-30.735462],[-80.35488,-30.738795],[57.152884,-30.742128],[-165.339352,-30.745461],[-27.831588,-30.748794],[109.676176,-30.752128],[-112.81606,-30.755461],[24.691705,-30.758795],[162.199469,-30.762129],[-60.292767,-30.765463],[77.214997,-30.768797],[-145.277239,-30.772131],[-7.769475,-30.775465],[129.738289,-30.7788],[-92.753947,-30.782134],[44.753817,-30.785469],[-177.738419,-30.788803],[-40.230655,-30.792138],[97.277109,-30.795473],[-125.215127,-30.798808],[12.292637,-30.802144],[149.800401,-30.805479],[-72.691835,-30.808814],[64.815929,-30.81215],[-157.676307,-30.815486],[-20.168543,-30.818821],[117.339221,-30.822157],[-105.153014,-30.825493],[32.35475,-30.828829],[169.862514,-30.832166],[-52.629722,-30.835502],[84.878042,-30.838838],[-137.614194,-30.842175],[-0.10643,-30.845512],[137.401334,-30.848849],[-85.090902,-30.852185],[52.416862,-30.855523],[-170.075374,-30.85886],[-32.56761,-30.862197],[104.940154,-30.865534],[-117.552082,-30.868872],[19.955682,-30.87221],[157.463446,-30.875547],[-65.02879,-30.878885],[72.478974,-30.882223],[-150.013262,-30.885561],[-12.505498,-30.888899],[125.002267,-30.892238],[-97.489969,-30.895576],[40.017795,-30.898915],[177.525559,-30.902253],[-44.966677,-30.905592],[92.541087,-30.908931],[-129.951149,-30.91227],[7.556615,-30.915609],[145.064379,-30.918949],[-77.427857,-30.922288],[60.079907,-30.925628],[-162.412329,-30.928967],[-24.904565,-30.932307],[112.603199,-30.935647],[-109.889037,-30.938987],[27.618727,-30.942327],[165.126491,-30.945667],[-57.365745,-30.949007],[80.142019,-30.952348],[-142.350217,-30.955688],[-4.842452,-30.959029],[132.665312,-30.96237],[-89.826924,-30.965711],[47.68084,-30.969052],[-174.811396,-30.972393],[-37.303632,-30.975734],[100.204132,-30.979075],[-122.288104,-30.982417],[15.21966,-30.985758],[152.727424,-30.9891],[-69.764812,-30.992442],[67.742952,-30.995784],[-154.749284,-30.999126],[-17.24152,-31.002468],[120.266244,-31.005811],[-102.225992,-31.009153],[35.281772,-31.012495],[172.789536,-31.015838],[-49.7027,-31.019181],[87.805064,-31.022524],[-134.687171,-31.025867],[2.820593,-31.02921],[140.328357,-31.032553],[-82.163879,-31.035897],[55.343885,-31.03924],[-167.148351,-31.042584],[-29.640587,-31.045927],[107.867177,-31.049271],[-114.625059,-31.052615],[22.882705,-31.055959],[160.390469,-31.059303],[-62.101767,-31.062648],[75.405997,-31.065992],[-147.086239,-31.069337],[-9.578475,-31.072681],[127.929289,-31.076026],[-94.562947,-31.079371],[42.944817,-31.082716],[-179.547419,-31.086061],[-42.039655,-31.089406],[95.46811,-31.092752],[-127.024126,-31.096097],[10.483638,-31.099443],[147.991402,-31.102788],[-74.500834,-31.106134],[63.00693,-31.10948],[-159.485306,-31.112826],[-21.977542,-31.116172],[115.530222,-31.119519],[-106.962014,-31.122865],[30.54575,-31.126212],[168.053514,-31.129558],[-54.438722,-31.132905],[83.069042,-31.136252],[-139.423194,-31.139599],[-1.91543,-31.142946],[135.592334,-31.146293],[-86.899902,-31.149641],[50.607862,-31.152988],[-171.884374,-31.156336],[-34.376609,-31.159684],[103.131155,-31.163031],[-119.361081,-31.166379],[18.146683,-31.169727],[155.654447,-31.173076],[-66.837789,-31.176424],[70.669975,-31.179772],[-151.822261,-31.183121],[-14.314497,-31.18647],[123.193267,-31.189818],[-99.298969,-31.193167],[38.208795,-31.196516],[175.716559,-31.199865],[-46.775677,-31.203215],[90.732087,-31.206564],[-131.760149,-31.209914],[5.747615,-31.213263],[143.255379,-31.216613],[-79.236857,-31.219963],[58.270907,-31.223313],[-164.221328,-31.226663],[-26.713564,-31.230013],[110.7942,-31.233363],[-111.698036,-31.236714],[25.809728,-31.240064],[163.317492,-31.243415],[-59.174744,-31.246766],[78.33302,-31.250117],[-144.159216,-31.253468],[-6.651452,-31.256819],[130.856312,-31.26017],[-91.635924,-31.263522],[45.87184,-31.266873],[-176.620396,-31.270225],[-39.112632,-31.273577],[98.395132,-31.276928],[-124.097104,-31.28028],[13.41066,-31.283632],[150.918424,-31.286985],[-71.573811,-31.290337],[65.933953,-31.29369],[-156.558283,-31.297042],[-19.050519,-31.300395],[118.457245,-31.303748],[-104.034991,-31.307101],[33.472773,-31.310454],[170.980537,-31.313807],[-51.511699,-31.31716],[85.996065,-31.320514],[-136.496171,-31.323867],[1.011593,-31.327221],[138.519357,-31.330575],[-83.972879,-31.333928],[53.534885,-31.337282],[-168.957351,-31.340637],[-31.449587,-31.343991],[106.058177,-31.347345],[-116.434059,-31.3507],[21.073705,-31.354054],[158.58147,-31.357409],[-63.910766,-31.360764],[73.596998,-31.364119],[-148.895238,-31.367474],[-11.387474,-31.370829],[126.12029,-31.374185],[-96.371946,-31.37754],[41.135818,-31.380896],[178.643582,-31.384251],[-43.848654,-31.387607],[93.65911,-31.390963],[-128.833126,-31.394319],[8.674638,-31.397675],[146.182402,-31.401032],[-76.309834,-31.404388],[61.19793,-31.407745],[-161.294306,-31.411101],[-23.786542,-31.414458],[113.721222,-31.417815],[-108.771014,-31.421172],[28.736751,-31.424529],[166.244515,-31.427886],[-56.247721,-31.431244],[81.260043,-31.434601],[-141.232193,-31.437959],[-3.724429,-31.441317],[133.783335,-31.444674],[-88.708901,-31.448032],[48.798863,-31.45139],[-173.693373,-31.454749],[-36.185609,-31.458107],[101.322155,-31.461465],[-121.170081,-31.464824],[16.337683,-31.468183],[153.845447,-31.471542],[-68.646789,-31.474901],[68.860975,-31.47826],[-153.631261,-31.481619],[-16.123497,-31.484978],[121.384267,-31.488338],[-101.107968,-31.491697],[36.399796,-31.495057],[173.90756,-31.498417],[-48.584676,-31.501776],[88.923088,-31.505136],[-133.569148,-31.508497],[3.938616,-31.511857],[141.44638,-31.515217],[-81.045856,-31.518578],[56.461908,-31.521938],[-166.030328,-31.525299],[-28.522564,-31.52866],[108.9852,-31.532021],[-113.507036,-31.535382],[24.000728,-31.538743],[161.508492,-31.542105],[-60.983744,-31.545466],[76.52402,-31.548828],[-145.968216,-31.55219],[-8.460452,-31.555551],[129.047313,-31.558913],[-93.444923,-31.562275],[44.062841,-31.565638],[-178.429395,-31.569],[-40.921631,-31.572362],[96.586133,-31.575725],[-125.906103,-31.579088],[11.601661,-31.58245],[149.109425,-31.585813],[-73.382811,-31.589176],[64.124953,-31.59254],[-158.367283,-31.595903],[-20.859519,-31.599266],[116.648245,-31.60263],[-105.843991,-31.605994],[31.663773,-31.609357],[169.171537,-31.612721],[-53.320699,-31.616085],[84.187065,-31.619449],[-138.305171,-31.622814],[-0.797406,-31.626178],[136.710358,-31.629543],[-85.781878,-31.632907],[51.725886,-31.636272],[-170.76635,-31.639637],[-33.258586,-31.643002],[104.249178,-31.646367],[-118.243058,-31.649732],[19.264706,-31.653098],[156.77247,-31.656463],[-65.719766,-31.659829],[71.787998,-31.663194],[-150.704238,-31.66656],[-13.196474,-31.669926],[124.31129,-31.673292],[-98.180946,-31.676659],[39.326818,-31.680025],[176.834582,-31.683391],[-45.657654,-31.686758],[91.85011,-31.690125],[-130.642125,-31.693491],[6.865639,-31.696858],[144.373403,-31.700226],[-78.118833,-31.703593],[59.388931,-31.70696],[-163.103305,-31.710327],[-25.595541,-31.713695],[111.912223,-31.717063],[-110.580013,-31.720431],[26.927751,-31.723798],[164.435515,-31.727167],[-58.056721,-31.730535],[79.451043,-31.733903],[-143.041193,-31.737271],[-5.533429,-31.74064],[131.974335,-31.744009],[-90.517901,-31.747377],[46.989863,-31.750746],[-175.502373,-31.754115],[-37.994609,-31.757485],[99.513156,-31.760854],[-122.97908,-31.764223],[14.528684,-31.767593],[152.036448,-31.770962],[-70.455788,-31.774332],[67.051976,-31.777702],[-155.44026,-31.781072],[-17.932496,-31.784442],[119.575268,-31.787812],[-102.916968,-31.791183],[34.590796,-31.794553],[172.09856,-31.797924],[-50.393676,-31.801295],[87.114088,-31.804666],[-135.378148,-31.808037],[2.129616,-31.811408],[139.63738,-31.814779],[-82.854856,-31.81815],[54.652908,-31.821522],[-167.839328,-31.824893],[-30.331563,-31.828265],[107.176201,-31.831637],[-115.316035,-31.835009],[22.191729,-31.838381],[159.699493,-31.841753],[-62.792743,-31.845126],[74.715021,-31.848498],[-147.777215,-31.851871],[-10.269451,-31.855243],[127.238313,-31.858616],[-95.253923,-31.861989],[42.253841,-31.865362],[179.761605,-31.868736],[-42.730631,-31.872109],[94.777133,-31.875482],[-127.715103,-31.878856],[9.792661,-31.88223],[147.300425,-31.885603],[-75.191811,-31.888977],[62.315953,-31.892352],[-160.176282,-31.895726],[-22.668518,-31.8991],[114.839246,-31.902475],[-107.65299,-31.905849],[29.854774,-31.909224],[167.362538,-31.912599],[-55.129698,-31.915974],[82.378066,-31.919349],[-140.11417,-31.922724],[-2.606406,-31.926099],[134.901358,-31.929475],[-87.590878,-31.93285],[49.916886,-31.936226],[-172.57535,-31.939602],[-35.067586,-31.942978],[102.440178,-31.946354],[-120.052058,-31.94973],[17.455706,-31.953106],[154.96347,-31.956483],[-67.528766,-31.959859],[69.978999,-31.963236],[-152.513237,-31.966613],[-15.005473,-31.96999],[122.502291,-31.973367],[-99.989945,-31.976744],[37.517819,-31.980121],[175.025583,-31.983499],[-47.466653,-31.986876],[90.041111,-31.990254],[-132.451125,-31.993632],[5.056639,-31.997009],[142.564403,-32.000388],[-79.927833,-32.003766],[57.579931,-32.007144],[-164.912305,-32.010522],[-27.404541,-32.013901],[110.103223,-32.01728],[-112.389013,-32.020658],[25.118751,-32.024037],[162.626515,-32.027416],[-59.86572,-32.030796],[77.642044,-32.034175],[-144.850192,-32.037554],[-7.342428,-32.040934],[130.165336,-32.044313],[-92.3269,-32.047693],[45.180864,-32.051073],[-177.311372,-32.054453],[-39.803608,-32.057833],[97.704156,-32.061214],[-124.78808,-32.064594],[12.719684,-32.067975],[150.227448,-32.071355],[-72.264788,-32.074736],[65.242976,-32.078117],[-157.24926,-32.081498],[-19.741496,-32.084879],[117.766268,-32.088261],[-104.725968,-32.091642],[32.781796,-32.095024],[170.289561,-32.098405],[-52.202675,-32.101787],[85.305089,-32.105169],[-137.187147,-32.108551],[0.320617,-32.111933],[137.828381,-32.115315],[-84.663855,-32.118698],[52.843909,-32.12208],[-169.648327,-32.125463],[-32.140563,-32.128846],[105.367201,-32.132229],[-117.125035,-32.135612],[20.382729,-32.138995],[157.890493,-32.142378],[-64.601743,-32.145762],[72.906021,-32.149145],[-149.586215,-32.152529],[-12.078451,-32.155913],[125.429313,-32.159297],[-97.062923,-32.162681],[40.444842,-32.166065],[177.952606,-32.169449],[-44.53963,-32.172834],[92.968134,-32.176218],[-129.524102,-32.179603],[7.983662,-32.182988],[145.491426,-32.186373],[-77.00081,-32.189758],[60.506954,-32.193143],[-161.985282,-32.196528],[-24.477518,-32.199914],[113.030246,-32.203299],[-109.46199,-32.206685],[28.045774,-32.210071],[165.553538,-32.213457],[-56.938698,-32.216843],[80.569066,-32.220229],[-141.92317,-32.223615],[-4.415406,-32.227002],[133.092358,-32.230388],[-89.399877,-32.233775],[48.107887,-32.237162],[-174.384349,-32.240549],[-36.876585,-32.243936],[100.631179,-32.247323],[-121.861057,-32.25071],[15.646707,-32.254098],[153.154471,-32.257485],[-69.337765,-32.260873],[68.169999,-32.264261],[-154.322237,-32.267649],[-16.814473,-32.271037],[120.693291,-32.274425],[-101.798945,-32.277813],[35.708819,-32.281202],[173.216583,-32.284591],[-49.275653,-32.287979],[88.232111,-32.291368],[-134.260125,-32.294757],[3.247639,-32.298146],[140.755404,-32.301535],[-81.736832,-32.304925],[55.770932,-32.308314],[-166.721304,-32.311704],[-29.21354,-32.315094],[108.294224,-32.318483],[-114.198012,-32.321873],[23.309752,-32.325264],[160.817516,-32.328654],[-61.67472,-32.332044],[75.833044,-32.335435],[-146.659192,-32.338825],[-9.151428,-32.342216],[128.356336,-32.345607],[-94.1359,-32.348998],[43.371864,-32.352389],[-179.120372,-32.35578],[-41.612608,-32.359172],[95.895156,-32.362563],[-126.59708,-32.365955],[10.910685,-32.369347],[148.418449,-32.372738],[-74.073787,-32.37613],[63.433977,-32.379523],[-159.058259,-32.382915],[-21.550495,-32.386307],[115.957269,-32.3897],[-106.534967,-32.393092],[30.972797,-32.396485],[168.480561,-32.399878],[-54.011675,-32.403271],[83.496089,-32.406664],[-138.996147,-32.410058],[-1.488383,-32.413451],[136.019381,-32.416845],[-86.472855,-32.420238],[51.034909,-32.423632],[-171.457327,-32.427026],[-33.949563,-32.43042],[103.558201,-32.433814],[-118.934034,-32.437209],[18.57373,-32.440603],[156.081494,-32.443998],[-66.410742,-32.447392],[71.097022,-32.450787],[-151.395214,-32.454182],[-13.88745,-32.457577],[123.620314,-32.460972],[-98.871922,-32.464368],[38.635842,-32.467763],[176.143606,-32.471159],[-46.34863,-32.474555],[91.159134,-32.47795],[-131.333102,-32.481346],[6.174662,-32.484743],[143.682426,-32.488139],[-78.80981,-32.491535],[58.697954,-32.494932],[-163.794282,-32.498328],[-26.286518,-32.501725],[111.221247,-32.505122],[-111.270989,-32.508519],[26.236775,-32.511916],[163.744539,-32.515313],[-58.747697,-32.518711],[78.760067,-32.522108],[-143.732169,-32.525506],[-6.224405,-32.528904],[131.283359,-32.532302],[-91.208877,-32.5357],[46.298887,-32.539098],[-176.193349,-32.542496],[-38.685585,-32.545894],[98.822179,-32.549293],[-123.670057,-32.552692],[13.837707,-32.55609],[151.345471,-32.559489],[-71.146765,-32.562888],[66.360999,-32.566288],[-156.131237,-32.569687],[-18.623472,-32.573086],[118.884292,-32.576486],[-103.607944,-32.579886],[33.89982,-32.583286],[171.407584,-32.586686],[-51.084652,-32.590086],[86.423112,-32.593486],[-136.069124,-32.596886],[1.43864,-32.600287],[138.946404,-32.603687],[-83.545832,-32.607088],[53.961932,-32.610489],[-168.530304,-32.61389],[-31.02254,-32.617291],[106.485224,-32.620692],[-116.007012,-32.624094],[21.500752,-32.627495],[159.008516,-32.630897],[-63.48372,-32.634299],[74.024044,-32.6377],[-148.468191,-32.641103],[-10.960427,-32.644505],[126.547337,-32.647907],[-95.944899,-32.651309],[41.562865,-32.654712],[179.070629,-32.658115],[-43.421607,-32.661517],[94.086157,-32.66492],[-128.406079,-32.668323],[9.101685,-32.671727],[146.609449,-32.67513],[-75.882787,-32.678533],[61.624977,-32.681937],[-160.867259,-32.685341],[-23.359495,-32.688745],[114.148269,-32.692149],[-108.343967,-32.695553],[29.163797,-32.698957],[166.671561,-32.702361],[-55.820675,-32.705766],[81.68709,-32.70917],[-140.805146,-32.712575],[-3.297382,-32.71598],[134.210382,-32.719385],[-88.281854,-32.72279],[49.22591,-32.726195],[-173.266326,-32.729601],[-35.758562,-32.733006],[101.749202,-32.736412],[-120.743034,-32.739818],[16.76473,-32.743224],[154.272494,-32.74663],[-68.219742,-32.750036],[69.288022,-32.753442],[-153.204214,-32.756849],[-15.69645,-32.760255],[121.811314,-32.763662],[-100.680922,-32.767069],[36.826842,-32.770476],[174.334606,-32.773883],[-48.157629,-32.77729],[89.350135,-32.780698],[-133.142101,-32.784105],[4.365663,-32.787513],[141.873427,-32.79092],[-80.618809,-32.794328],[56.888955,-32.797736],[-165.603281,-32.801144],[-28.095517,-32.804553],[109.412247,-32.807961],[-113.079989,-32.81137],[24.427775,-32.814778],[161.935539,-32.818187],[-60.556697,-32.821596],[76.951067,-32.825005],[-145.541169,-32.828414],[-8.033405,-32.831824],[129.474359,-32.835233],[-93.017877,-32.838643],[44.489887,-32.842052],[-178.002348,-32.845462],[-40.494584,-32.848872],[97.01318,-32.852282],[-125.479056,-32.855693],[12.028708,-32.859103],[149.536472,-32.862513],[-72.955764,-32.865924],[64.552,-32.869335],[-157.940236,-32.872746],[-20.432472,-32.876157],[117.075292,-32.879568],[-105.416944,-32.882979],[32.09082,-32.886391],[169.598584,-32.889802],[-52.893652,-32.893214],[84.614112,-32.896626],[-137.878124,-32.900038],[-0.37036,-32.90345],[137.137404,-32.906862],[-85.354832,-32.910274],[52.152933,-32.913687],[-170.339303,-32.917099],[-32.831539,-32.920512],[104.676225,-32.923925],[-117.816011,-32.927338],[19.691753,-32.930751],[157.199517,-32.934164],[-65.292719,-32.937578],[72.215045,-32.940991],[-150.277191,-32.944405],[-12.769427,-32.947819],[124.738337,-32.951232],[-97.753899,-32.954647],[39.753865,-32.958061],[177.261629,-32.961475],[-45.230607,-32.964889],[92.277157,-32.968304],[-130.215079,-32.971719],[7.292685,-32.975134],[144.800449,-32.978549],[-77.691786,-32.981964],[59.815978,-32.985379],[-162.676258,-32.988794],[-25.168494,-32.99221],[112.33927,-32.995625],[-110.152966,-32.999041],[27.354798,-33.002457],[164.862562,-33.005873],[-57.629674,-33.009289],[79.87809,-33.012706],[-142.614146,-33.016122],[-5.106382,-33.019539],[132.401382,-33.022955],[-90.090854,-33.026372],[47.41691,-33.029789],[-175.075326,-33.033206],[-37.567562,-33.036623],[99.940202,-33.040041],[-122.552034,-33.043458],[14.95573,-33.046876],[152.463495,-33.050294],[-70.028741,-33.053711],[67.479023,-33.057129],[-155.013213,-33.060548],[-17.505449,-33.063966],[120.002315,-33.067384],[-102.489921,-33.070803],[35.017843,-33.074222],[172.525607,-33.07764],[-49.966629,-33.081059],[87.541135,-33.084478],[-134.951101,-33.087898],[2.556663,-33.091317],[140.064427,-33.094736],[-82.427809,-33.098156],[55.079955,-33.101576],[-167.412281,-33.104996],[-29.904517,-33.108416],[107.603247,-33.111836],[-114.888989,-33.115256],[22.618776,-33.118676],[160.12654,-33.122097],[-62.365696,-33.125518],[75.142068,-33.128939],[-147.350168,-33.132359],[-9.842404,-33.135781],[127.66536,-33.139202],[-94.826876,-33.142623],[42.680888,-33.146045],[-179.811348,-33.149466],[-42.303584,-33.152888],[95.20418,-33.15631],[-127.288056,-33.159732],[10.219708,-33.163154],[147.727472,-33.166576],[-74.764764,-33.169999],[62.743,-33.173421],[-159.749236,-33.176844],[-22.241472,-33.180267],[115.266292,-33.18369],[-107.225943,-33.187113],[30.281821,-33.190536],[167.789585,-33.193959],[-54.702651,-33.197383],[82.805113,-33.200806],[-139.687123,-33.20423],[-2.179359,-33.207654],[135.328405,-33.211078],[-87.163831,-33.214502],[50.343933,-33.217926],[-172.148303,-33.221351],[-34.640539,-33.224775],[102.867225,-33.2282],[-119.625011,-33.231625],[17.882753,-33.23505],[155.390517,-33.238475],[-67.101719,-33.2419],[70.406045,-33.245326],[-152.086191,-33.248751],[-14.578427,-33.252177],[122.929338,-33.255602],[-99.562898,-33.259028],[37.944866,-33.262454],[175.45263,-33.265881],[-47.039606,-33.269307],[90.468158,-33.272733],[-132.024078,-33.27616],[5.483686,-33.279587],[142.99145,-33.283013],[-79.500786,-33.28644],[58.006978,-33.289867],[-164.485258,-33.293295],[-26.977494,-33.296722],[110.53027,-33.30015],[-111.961966,-33.303577],[25.545798,-33.307005],[163.053562,-33.310433],[-59.438674,-33.313861],[78.06909,-33.317289],[-144.423146,-33.320717],[-6.915381,-33.324146],[130.592383,-33.327575],[-91.899853,-33.331003],[45.607911,-33.334432],[-176.884325,-33.337861],[-39.376561,-33.34129],[98.131203,-33.344719],[-124.361033,-33.348149],[13.146731,-33.351578],[150.654495,-33.355008],[-71.837741,-33.358438],[65.670023,-33.361868],[-156.822213,-33.365298],[-19.314449,-33.368728],[118.193315,-33.372158],[-104.298921,-33.375589],[33.208843,-33.37902],[170.716607,-33.38245],[-51.775629,-33.385881],[85.732135,-33.389312],[-136.7601,-33.392743],[0.747664,-33.396175],[138.255428,-33.399606],[-84.236808,-33.403038],[53.270956,-33.406469],[-169.22128,-33.409901],[-31.713516,-33.413333],[105.794248,-33.416765],[-116.697988,-33.420197],[20.809776,-33.42363],[158.31754,-33.427062],[-64.174696,-33.430495],[73.333068,-33.433928],[-149.159168,-33.437361],[-11.651404,-33.440794],[125.85636,-33.444227],[-96.635876,-33.44766],[40.871888,-33.451094],[178.379652,-33.454527],[-44.112584,-33.457961],[93.395181,-33.461395],[-129.097055,-33.464829],[8.410709,-33.468263],[145.918473,-33.471697],[-76.573763,-33.475132],[60.934001,-33.478566],[-161.558235,-33.482001],[-24.050471,-33.485436],[113.457293,-33.488871],[-109.034943,-33.492306],[28.472821,-33.495741],[165.980585,-33.499177],[-56.511651,-33.502612],[80.996113,-33.506048],[-141.496123,-33.509483],[-3.988359,-33.512919],[133.519405,-33.516355],[-88.972831,-33.519792],[48.534933,-33.523228],[-173.957303,-33.526664],[-36.449538,-33.530101],[101.058226,-33.533538],[-121.43401,-33.536975],[16.073754,-33.540412],[153.581518,-33.543849],[-68.910718,-33.547286],[68.597046,-33.550723],[-153.89519,-33.554161],[-16.387426,-33.557599],[121.120338,-33.561036],[-101.371898,-33.564474],[36.135866,-33.567913],[173.64363,-33.571351],[-48.848606,-33.574789],[88.659158,-33.578228],[-133.833078,-33.581666],[3.674686,-33.585105],[141.18245,-33.588544],[-81.309786,-33.591983],[56.197978,-33.595422],[-166.294257,-33.598862],[-28.786493,-33.602301],[108.721271,-33.605741],[-113.770965,-33.60918],[23.736799,-33.61262],[161.244563,-33.61606],[-61.247673,-33.6195],[76.260091,-33.622941],[-146.232145,-33.626381],[-8.724381,-33.629822],[128.783383,-33.633262],[-93.708853,-33.636703],[43.798911,-33.640144],[-178.693325,-33.643585],[-41.185561,-33.647027],[96.322203,-33.650468],[-126.170033,-33.65391],[11.337731,-33.657351],[148.845495,-33.660793],[-73.646741,-33.664235],[63.861024,-33.667677],[-158.631212,-33.671119],[-21.123448,-33.674562],[116.384316,-33.678004],[-106.10792,-33.681447],[31.399844,-33.68489],[168.907608,-33.688333],[-53.584628,-33.691776],[83.923136,-33.695219],[-138.5691,-33.698662],[-1.061336,-33.702106],[136.446428,-33.705549],[-86.045808,-33.708993],[51.461956,-33.712437],[-171.03028,-33.715881],[-33.522516,-33.719325],[103.985248,-33.722769],[-118.506988,-33.726214],[19.000776,-33.729658],[156.50854,-33.733103],[-65.983695,-33.736548],[71.524069,-33.739993],[-150.968167,-33.743438],[-13.460403,-33.746883],[124.047361,-33.750328],[-98.444875,-33.753774],[39.062889,-33.75722],[176.570653,-33.760666],[-45.921583,-33.764111],[91.586181,-33.767558],[-130.906055,-33.771004],[6.601709,-33.77445],[144.109473,-33.777897],[-78.382763,-33.781343],[59.125001,-33.78479],[-163.367235,-33.788237],[-25.859471,-33.791684],[111.648293,-33.795131],[-110.843943,-33.798579],[26.663821,-33.802026],[164.171586,-33.805474],[-58.32065,-33.808921],[79.187114,-33.812369],[-143.305122,-33.815817],[-5.797358,-33.819266],[131.710406,-33.822714],[-90.78183,-33.826162],[46.725934,-33.829611],[-175.766302,-33.83306],[-38.258538,-33.836508],[99.249226,-33.839957],[-123.24301,-33.843407],[14.264754,-33.846856],[151.772518,-33.850305],[-70.719718,-33.853755],[66.788046,-33.857205],[-155.70419,-33.860654],[-18.196426,-33.864104],[119.311338,-33.867555],[-103.180898,-33.871005],[34.326867,-33.874455],[171.834631,-33.877906],[-50.657605,-33.881356],[86.850159,-33.884807],[-135.642077,-33.888258],[1.865687,-33.891709],[139.373451,-33.895161],[-83.118785,-33.898612],[54.388979,-33.902063],[-168.103257,-33.905515],[-30.595493,-33.908967],[106.912271,-33.912419],[-115.579965,-33.915871],[21.927799,-33.919323],[159.435563,-33.922775],[-63.056673,-33.926228],[74.451091,-33.929681],[-148.041145,-33.933133],[-10.533381,-33.936586],[126.974383,-33.940039],[-95.517852,-33.943492],[41.989912,-33.946946],[179.497676,-33.950399],[-42.99456,-33.953853],[94.513204,-33.957307],[-127.979032,-33.960761],[9.528732,-33.964215],[147.036496,-33.967669],[-75.45574,-33.971123],[62.052024,-33.974578],[-160.440212,-33.978032],[-22.932448,-33.981487],[114.575316,-33.984942],[-107.91692,-33.988397],[29.590844,-33.991852],[167.098608,-33.995307],[-55.393628,-33.998763],[82.114136,-34.002218],[-140.3781,-34.005674],[-2.870336,-34.00913],[134.637429,-34.012586],[-87.854807,-34.016042],[49.652957,-34.019498],[-172.839279,-34.022955],[-35.331515,-34.026411],[102.176249,-34.029868],[-120.315987,-34.033325],[17.191777,-34.036782],[154.699541,-34.040239],[-67.792695,-34.043696],[69.715069,-34.047154],[-152.777167,-34.050611],[-15.269403,-34.054069],[122.238361,-34.057527],[-100.253875,-34.060985],[37.253889,-34.064443],[174.761653,-34.067901],[-47.730583,-34.071359],[89.777181,-34.074818],[-132.715055,-34.078277],[4.79271,-34.081735],[142.300474,-34.085194],[-80.191762,-34.088654],[57.316002,-34.092113],[-165.176234,-34.095572],[-27.66847,-34.099032],[109.839294,-34.102491],[-112.652942,-34.105951],[24.854822,-34.109411],[162.362586,-34.112871],[-60.12965,-34.116331],[77.378114,-34.119792],[-145.114122,-34.123252],[-7.606358,-34.126713],[129.901406,-34.130174],[-92.59083,-34.133635],[44.916934,-34.137096],[-177.575302,-34.140557],[-40.067538,-34.144018],[97.440226,-34.14748],[-125.052009,-34.150942],[12.455755,-34.154403],[149.963519,-34.157865],[-72.528717,-34.161327],[64.979047,-34.16479],[-157.513189,-34.168252],[-20.005425,-34.171714],[117.502339,-34.175177],[-104.989897,-34.17864],[32.517867,-34.182103],[170.025631,-34.185566],[-52.466605,-34.189029],[85.041159,-34.192492],[-137.451077,-34.195956],[0.056687,-34.19942],[137.564451,-34.202883],[-84.927785,-34.206347],[52.579979,-34.209811],[-169.912257,-34.213276],[-32.404493,-34.21674],[105.103272,-34.220204],[-117.388964,-34.223669],[20.1188,-34.227134],[157.626564,-34.230599],[-64.865672,-34.234064],[72.642092,-34.237529],[-149.850144,-34.240994],[-12.34238,-34.24446],[125.165384,-34.247926],[-97.326852,-34.251391],[40.180912,-34.254857],[177.688676,-34.258323],[-44.80356,-34.26179],[92.704204,-34.265256],[-129.788032,-34.268722],[7.719732,-34.272189],[145.227496,-34.275656],[-77.26474,-34.279123],[60.243024,-34.28259],[-162.249212,-34.286057],[-24.741447,-34.289524],[112.766317,-34.292992],[-109.725919,-34.296459],[27.781845,-34.299927],[165.289609,-34.303395],[-57.202627,-34.306863],[80.305137,-34.310331],[-142.187099,-34.3138],[-4.679335,-34.317268],[132.828429,-34.320737],[-89.663807,-34.324206],[47.843957,-34.327675],[-174.648279,-34.331144],[-37.140515,-34.334613],[100.367249,-34.338082],[-122.124987,-34.341552],[15.382777,-34.345021],[152.890541,-34.348491],[-69.601695,-34.351961],[67.906069,-34.355431],[-154.586166,-34.358901],[-17.078402,-34.362372],[120.429362,-34.365842],[-102.062874,-34.369313],[35.44489,-34.372784],[172.952654,-34.376255],[-49.539582,-34.379726],[87.968182,-34.383197],[-134.524054,-34.386668],[2.98371,-34.39014],[140.491474,-34.393612],[-82.000762,-34.397083],[55.507002,-34.400555],[-166.985234,-34.404027],[-29.47747,-34.4075],[108.030294,-34.410972],[-114.461942,-34.414445],[23.045822,-34.417917],[160.553586,-34.42139],[-61.93865,-34.424863],[75.569115,-34.428336],[-146.923121,-34.431809],[-9.415357,-34.435283],[128.092407,-34.438756],[-94.399829,-34.44223],[43.107935,-34.445704],[-179.384301,-34.449178],[-41.876537,-34.452652],[95.631227,-34.456126],[-126.861009,-34.4596],[10.646755,-34.463075],[148.154519,-34.46655],[-74.337717,-34.470024],[63.170047,-34.473499],[-159.322189,-34.476975],[-21.814425,-34.48045],[115.693339,-34.483925],[-106.798897,-34.487401],[30.708867,-34.490877],[168.216631,-34.494352],[-54.275604,-34.497828],[83.23216,-34.501304],[-139.260076,-34.504781],[-1.752312,-34.508257],[135.755452,-34.511734],[-86.736784,-34.51521],[50.77098,-34.518687],[-171.721256,-34.522164],[-34.213492,-34.525641],[103.294272,-34.529119],[-119.197964,-34.532596],[18.3098,-34.536074],[155.817564,-34.539552],[-66.674672,-34.543029],[70.833092,-34.546507],[-151.659144,-34.549986],[-14.15138,-34.553464],[123.356384,-34.556942],[-99.135852,-34.560421],[38.371912,-34.5639],[175.879677,-34.567379],[-46.612559,-34.570858],[90.895205,-34.574337],[-131.597031,-34.577816],[5.910733,-34.581296],[143.418497,-34.584775],[-79.073739,-34.588255],[58.434025,-34.591735],[-164.058211,-34.595215],[-26.550447,-34.598695],[110.957317,-34.602176],[-111.534919,-34.605656],[25.972845,-34.609137],[163.480609,-34.612618],[-59.011627,-34.616098],[78.496137,-34.61958],[-143.996099,-34.623061],[-6.488335,-34.626542],[131.019429,-34.630024],[-91.472807,-34.633505],[46.034958,-34.636987],[-176.457278,-34.640469],[-38.949514,-34.643951],[98.55825,-34.647433],[-123.933986,-34.650916],[13.573778,-34.654398],[151.081542,-34.657881],[-71.410694,-34.661364],[66.09707,-34.664847],[-156.395166,-34.66833],[-18.887402,-34.671813],[118.620362,-34.675297],[-103.871874,-34.67878],[33.63589,-34.682264],[171.143654,-34.685748],[-51.348582,-34.689232],[86.159182,-34.692716],[-136.333054,-34.6962],[1.17471,-34.699685],[138.682474,-34.703169],[-83.809761,-34.706654],[53.698003,-34.710139],[-168.794233,-34.713624],[-31.286469,-34.717109],[106.221295,-34.720595],[-116.270941,-34.72408],[21.236823,-34.727566],[158.744587,-34.731051],[-63.747649,-34.734537],[73.760115,-34.738023],[-148.732121,-34.74151],[-11.224357,-34.744996],[126.283407,-34.748482],[-96.208829,-34.751969],[41.298935,-34.755456],[178.806699,-34.758943],[-43.685537,-34.76243],[93.822227,-34.765917],[-128.670009,-34.769405],[8.837755,-34.772892],[146.34552,-34.77638],[-76.146716,-34.779868],[61.361048,-34.783356],[-161.131188,-34.786844],[-23.623424,-34.790332],[113.88434,-34.79382],[-108.607896,-34.797309],[28.899868,-34.800798],[166.407632,-34.804287],[-56.084604,-34.807776],[81.42316,-34.811265],[-141.069076,-34.814754],[-3.561312,-34.818243],[133.946452,-34.821733],[-88.545784,-34.825223],[48.96198,-34.828713],[-173.530256,-34.832203],[-36.022492,-34.835693],[101.485272,-34.839183],[-121.006964,-34.842674],[16.500801,-34.846164],[154.008565,-34.849655],[-68.483671,-34.853146],[69.024093,-34.856637],[-153.468143,-34.860128],[-15.960379,-34.86362],[121.547385,-34.867111],[-100.944851,-34.870603],[36.562913,-34.874095],[174.070677,-34.877587],[-48.421559,-34.881079],[89.086205,-34.884571],[-133.406031,-34.888064],[4.101733,-34.891556],[141.609497,-34.895049],[-80.882739,-34.898542],[56.625025,-34.902035],[-165.867211,-34.905528],[-28.359447,-34.909021],[109.148317,-34.912515],[-113.343918,-34.916008],[24.163846,-34.919502],[161.67161,-34.922996],[-60.820626,-34.92649],[76.687138,-34.929984],[-145.805098,-34.933479],[-8.297334,-34.936973],[129.21043,-34.940468],[-93.281806,-34.943963],[44.225958,-34.947457],[-178.266278,-34.950953],[-40.758514,-34.954448],[96.74925,-34.957943],[-125.742986,-34.961439],[11.764778,-34.964934],[149.272542,-34.96843],[-73.219694,-34.971926],[64.28807,-34.975422],[-158.204166,-34.978919],[-20.696402,-34.982415],[116.811363,-34.985912],[-105.680873,-34.989408],[31.826891,-34.992905],[169.334655,-34.996402],[-53.157581,-34.9999],[84.350183,-35.003397],[-138.142053,-35.006894],[-0.634289,-35.010392],[136.873475,-35.01389],[-85.618761,-35.017388],[51.889003,-35.020886],[-170.603233,-35.024384],[-33.095469,-35.027882],[104.412295,-35.031381],[-118.079941,-35.03488],[19.427823,-35.038378],[156.935587,-35.041877],[-65.556649,-35.045377],[71.951115,-35.048876],[-150.541121,-35.052375],[-13.033356,-35.055875],[124.474408,-35.059375],[-98.017828,-35.062874],[39.489936,-35.066374],[176.9977,-35.069875],[-45.494536,-35.073375],[92.013228,-35.076875],[-130.479008,-35.080376],[7.028756,-35.083877],[144.53652,-35.087378],[-77.955716,-35.090879],[59.552048,-35.09438],[-162.940188,-35.097881],[-25.432424,-35.101383],[112.07534,-35.104885],[-110.416896,-35.108386],[27.090868,-35.111888],[164.598632,-35.115391],[-57.893604,-35.118893],[79.61416,-35.122395],[-142.878075,-35.125898],[-5.370311,-35.129401],[132.137453,-35.132904],[-90.354783,-35.136407],[47.152981,-35.13991],[-175.339255,-35.143413],[-37.831491,-35.146917],[99.676273,-35.15042],[-122.815963,-35.153924],[14.691801,-35.157428],[152.199565,-35.160932],[-70.292671,-35.164436],[67.215093,-35.167941],[-155.277143,-35.171445],[-17.769379,-35.17495],[119.738385,-35.178455],[-102.753851,-35.18196],[34.753913,-35.185465],[172.261677,-35.18897],[-50.230559,-35.192476],[87.277206,-35.195981],[-135.21503,-35.199487],[2.292734,-35.202993],[139.800498,-35.206499],[-82.691738,-35.210005],[54.816026,-35.213512],[-167.67621,-35.217018],[-30.168446,-35.220525],[107.339318,-35.224032],[-115.152918,-35.227538],[22.354846,-35.231046],[159.86261,-35.234553],[-62.629626,-35.23806],[74.878138,-35.241568],[-147.614098,-35.245076],[-10.106334,-35.248583],[127.40143,-35.252092],[-95.090806,-35.2556],[42.416958,-35.259108],[179.924722,-35.262616],[-42.567513,-35.266125],[94.940251,-35.269634],[-127.551985,-35.273143],[9.955779,-35.276652],[147.463543,-35.280161],[-75.028693,-35.283671],[62.479071,-35.28718],[-160.013165,-35.29069],[-22.505401,-35.2942],[115.002363,-35.29771],[-107.489873,-35.30122],[30.017891,-35.30473],[167.525655,-35.308241],[-54.966581,-35.311751],[82.541183,-35.315262],[-139.951053,-35.318773],[-2.443289,-35.322284],[135.064475,-35.325795],[-87.427761,-35.329307],[50.080003,-35.332818],[-172.412232,-35.33633],[-34.904468,-35.339842],[102.603296,-35.343354],[-119.88894,-35.346866],[17.618824,-35.350378],[155.126588,-35.35389],[-67.365648,-35.357403],[70.142116,-35.360916],[-152.35012,-35.364429],[-14.842356,-35.367942],[122.665408,-35.371455],[-99.826828,-35.374968],[37.680936,-35.378482],[175.1887,-35.381996],[-47.303536,-35.385509],[90.204228,-35.389023],[-132.288008,-35.392537],[5.219756,-35.396052],[142.72752,-35.399566],[-79.764716,-35.403081],[57.743049,-35.406595],[-164.749187,-35.41011],[-27.241423,-35.413625],[110.266341,-35.417141],[-112.225895,-35.420656],[25.281869,-35.424171],[162.789633,-35.427687],[-59.702603,-35.431203],[77.805161,-35.434719],[-144.687075,-35.438235],[-7.179311,-35.441751],[130.328453,-35.445268],[-92.163783,-35.448784],[45.343981,-35.452301],[-177.148255,-35.455818],[-39.640491,-35.459335],[97.867273,-35.462852],[-124.624963,-35.466369],[12.882801,-35.469887],[150.390565,-35.473405],[-72.10167,-35.476922],[65.406094,-35.48044],[-157.086142,-35.483959],[-19.578378,-35.487477],[117.929386,-35.490995],[-104.56285,-35.494514],[32.944914,-35.498033],[170.452678,-35.501551],[-52.039558,-35.50507],[85.468206,-35.50859],[-137.02403,-35.512109],[0.483734,-35.515629],[137.991498,-35.519148],[-84.500738,-35.522668],[53.007026,-35.526188],[-169.48521,-35.529708],[-31.977446,-35.533228],[105.530318,-35.536749],[-116.961918,-35.540269],[20.545846,-35.54379],[158.053611,-35.547311],[-64.438625,-35.550832],[73.069139,-35.554353],[-149.423097,-35.557875],[-11.915333,-35.561396],[125.592431,-35.564918],[-96.899805,-35.56844],[40.607959,-35.571962],[178.115723,-35.575484],[-44.376513,-35.579006],[93.131251,-35.582528],[-129.360985,-35.586051],[8.146779,-35.589574],[145.654543,-35.593097],[-76.837693,-35.59662],[60.670071,-35.600143],[-161.822165,-35.603666],[-24.314401,-35.60719],[113.193363,-35.610714],[-109.298873,-35.614237],[28.208892,-35.617761],[165.716656,-35.621286],[-56.77558,-35.62481],[80.732184,-35.628334],[-141.760052,-35.631859],[-4.252288,-35.635384],[133.255476,-35.638909],[-89.23676,-35.642434],[48.271004,-35.645959],[-174.221232,-35.649484],[-36.713468,-35.65301],[100.794296,-35.656536],[-121.69794,-35.660061],[15.809824,-35.663588],[153.317588,-35.667114],[-69.174648,-35.67064],[68.333116,-35.674166],[-154.15912,-35.677693],[-16.651356,-35.68122],[120.856408,-35.684747],[-101.635827,-35.688274],[35.871937,-35.691801],[173.379701,-35.695329],[-49.112535,-35.698856],[88.395229,-35.702384],[-134.097007,-35.705912],[3.410757,-35.70944],[140.918521,-35.712968],[-81.573715,-35.716496],[55.934049,-35.720025],[-166.558187,-35.723554],[-29.050423,-35.727082],[108.457341,-35.730611],[-114.034895,-35.734141],[23.472869,-35.73767],[160.980633,-35.741199],[-61.511603,-35.744729],[75.996161,-35.748259],[-146.496075,-35.751789],[-8.988311,-35.755319],[128.519454,-35.758849],[-93.972782,-35.762379],[43.534982,-35.76591],[-178.957254,-35.769441],[-41.44949,-35.772971],[96.058274,-35.776502],[-126.433962,-35.780034],[11.073802,-35.783565],[148.581566,-35.787096],[-73.91067,-35.790628],[63.597094,-35.79416],[-158.895142,-35.797692],[-21.387378,-35.801224],[116.120386,-35.804756],[-106.37185,-35.808289],[31.135914,-35.811821],[168.643678,-35.815354],[-53.848558,-35.818887],[83.659206,-35.82242],[-138.833029,-35.825953],[-1.325265,-35.829486],[136.182499,-35.83302],[-86.309737,-35.836554],[51.198027,-35.840088],[-171.294209,-35.843622],[-33.786445,-35.847156],[103.721319,-35.85069],[-118.770917,-35.854224],[18.736847,-35.857759],[156.244611,-35.861294],[-66.247625,-35.864829],[71.260139,-35.868364],[-151.232097,-35.871899],[-13.724333,-35.875435],[123.783431,-35.87897],[-98.708805,-35.882506],[38.798959,-35.886042],[176.306723,-35.889578],[-46.185513,-35.893114],[91.322252,-35.89665],[-131.169984,-35.900187],[6.33778,-35.903724],[143.845544,-35.90726],[-78.646692,-35.910797],[58.861072,-35.914335],[-163.631164,-35.917872],[-26.1234,-35.921409],[111.384364,-35.924947],[-111.107872,-35.928485],[26.399892,-35.932023],[163.907656,-35.935561],[-58.58458,-35.939099],[78.923184,-35.942638],[-143.569052,-35.946176],[-6.061288,-35.949715],[131.446476,-35.953254],[-91.04576,-35.956793],[46.462004,-35.960332],[-176.030232,-35.963871],[-38.522467,-35.967411],[98.985297,-35.970951],[-123.506939,-35.974491],[14.000825,-35.978031],[151.508589,-35.981571],[-70.983647,-35.985111],[66.524117,-35.988652],[-155.968119,-35.992192],[-18.460355,-35.995733],[119.047409,-35.999274],[-103.444827,-36.002815],[34.062937,-36.006356],[171.570701,-36.009898],[-50.921535,-36.013439],[86.586229,-36.016981],[-135.906007,-36.020523],[1.601757,-36.024065],[139.109521,-36.027607],[-83.382715,-36.03115],[54.125049,-36.034692],[-168.367186,-36.038235],[-30.859422,-36.041778],[106.648342,-36.045321],[-115.843894,-36.048864],[21.66387,-36.052407],[159.171634,-36.055951],[-63.320602,-36.059495],[74.187162,-36.063038],[-148.305074,-36.066582],[-10.79731,-36.070127],[126.710454,-36.073671],[-95.781782,-36.077215],[41.725982,-36.08076],[179.233746,-36.084305],[-43.25849,-36.08785],[94.249274,-36.091395],[-128.242962,-36.09494],[9.264802,-36.098486],[146.772566,-36.102031],[-75.71967,-36.105577],[61.788095,-36.109123],[-160.704141,-36.112669],[-23.196377,-36.116215],[114.311387,-36.119761],[-108.180849,-36.123308],[29.326915,-36.126855],[166.834679,-36.130402],[-55.657557,-36.133949],[81.850207,-36.137496],[-140.642029,-36.141043],[-3.134265,-36.144591],[134.373499,-36.148138],[-88.118737,-36.151686],[49.389027,-36.155234],[-173.103209,-36.158782],[-35.595445,-36.162331],[101.912319,-36.165879],[-120.579917,-36.169428],[16.927847,-36.172977],[154.435611,-36.176525],[-68.056624,-36.180075],[69.45114,-36.183624],[-153.041096,-36.187173],[-15.533332,-36.190723],[121.974432,-36.194273],[-100.517804,-36.197823],[36.98996,-36.201373],[174.497724,-36.204923],[-47.994512,-36.208473],[89.513252,-36.212024],[-132.978984,-36.215575],[4.52878,-36.219125],[142.036544,-36.222677],[-80.455692,-36.226228],[57.052072,-36.229779],[-165.440164,-36.233331],[-27.9324,-36.236882],[109.575364,-36.240434],[-112.916872,-36.243986],[24.590892,-36.247538],[162.098657,-36.251091],[-60.393579,-36.254643],[77.114185,-36.258196],[-145.378051,-36.261749],[-7.870287,-36.265302],[129.637477,-36.268855],[-92.854759,-36.272408],[44.653005,-36.275962],[-177.839231,-36.279515],[-40.331467,-36.283069],[97.176297,-36.286623],[-125.315939,-36.290177],[12.191825,-36.293731],[149.699589,-36.297286],[-72.792647,-36.30084],[64.715117,-36.304395],[-157.777119,-36.30795],[-20.269355,-36.311505],[117.238409,-36.31506],[-105.253827,-36.318616],[32.253938,-36.322171],[169.761702,-36.325727],[-52.730534,-36.329283],[84.77723,-36.332839],[-137.715006,-36.336395],[-0.207242,-36.339952],[137.300522,-36.343508],[-85.191714,-36.347065],[52.31605,-36.350622],[-170.176186,-36.354179],[-32.668422,-36.357736],[104.839342,-36.361293],[-117.652894,-36.364851],[19.85487,-36.368409],[157.362634,-36.371967],[-65.129602,-36.375525],[72.378162,-36.379083],[-150.114074,-36.382641],[-12.60631,-36.3862],[124.901454,-36.389758],[-97.590781,-36.393317],[39.916983,-36.396876],[177.424747,-36.400435],[-45.067489,-36.403994],[92.440275,-36.407554],[-130.051961,-36.411114],[7.455803,-36.414673],[144.963567,-36.418233],[-77.528669,-36.421794],[59.979095,-36.425354],[-162.513141,-36.428914],[-25.005377,-36.432475],[112.502387,-36.436036],[-109.989849,-36.439597],[27.517915,-36.443158],[165.025679,-36.446719],[-57.466557,-36.45028],[80.041207,-36.453842],[-142.451029,-36.457404],[-4.943265,-36.460966],[132.5645,-36.464528],[-89.927736,-36.46809],[47.580028,-36.471653],[-174.912208,-36.475215],[-37.404444,-36.478778],[100.10332,-36.482341],[-122.388916,-36.485904],[15.118848,-36.489467],[152.626612,-36.49303],[-69.865624,-36.496594],[67.64214,-36.500158],[-154.850096,-36.503722],[-17.342332,-36.507286],[120.165432,-36.51085],[-102.326804,-36.514414],[35.18096,-36.517979],[172.688724,-36.521544],[-49.803512,-36.525108],[87.704252,-36.528674],[-134.787984,-36.532239],[2.719781,-36.535804],[140.227545,-36.53937],[-82.264691,-36.542935],[55.243073,-36.546501],[-167.249163,-36.550067],[-29.741399,-36.553633],[107.766365,-36.5572],[-114.725871,-36.560766],[22.781893,-36.564333],[160.289657,-36.5679],[-62.202579,-36.571467],[75.305185,-36.575034],[-147.187051,-36.578601],[-9.679287,-36.582169],[127.828477,-36.585737],[-94.663759,-36.589304],[42.844005,-36.592872],[-179.648231,-36.596441],[-42.140467,-36.600009],[95.367297,-36.603577],[-127.124938,-36.607146],[10.382826,-36.610715],[147.89059,-36.614284],[-74.601646,-36.617853],[62.906118,-36.621422],[-159.586118,-36.624992],[-22.078354,-36.628562],[115.42941,-36.632131],[-107.062826,-36.635701],[30.444938,-36.639272],[167.952702,-36.642842],[-54.539534,-36.646412],[82.96823,-36.649983],[-139.524006,-36.653554],[-2.016242,-36.657125],[135.491522,-36.660696],[-87.000714,-36.664267],[50.50705,-36.667839],[-171.985186,-36.67141],[-34.477422,-36.674982],[103.030343,-36.678554],[-119.461893,-36.682126],[18.045871,-36.685699],[155.553635,-36.689271],[-66.938601,-36.692844],[70.569163,-36.696417],[-151.923073,-36.699989],[-14.415309,-36.703563],[123.092455,-36.707136],[-99.399781,-36.710709],[38.107983,-36.714283],[175.615747,-36.717857],[-46.876489,-36.721431],[90.631275,-36.725005],[-131.860961,-36.728579],[5.646803,-36.732154],[143.154567,-36.735728],[-79.337669,-36.739303],[58.170095,-36.742878],[-164.322141,-36.746453],[-26.814376,-36.750029],[110.693388,-36.753604],[-111.798848,-36.75718],[25.708916,-36.760755],[163.21668,-36.764331],[-59.275556,-36.767908],[78.232208,-36.771484],[-144.260028,-36.77506],[-6.752264,-36.778637],[130.7555,-36.782214],[-91.736736,-36.785791],[45.771028,-36.789368],[-176.721208,-36.792945],[-39.213444,-36.796523],[98.29432,-36.8001],[-124.197916,-36.803678],[13.309848,-36.807256],[150.817612,-36.810834],[-71.674624,-36.814413],[65.83314,-36.817991],[-156.659095,-36.82157],[-19.151331,-36.825148],[118.356433,-36.828727],[-104.135803,-36.832307],[33.371961,-36.835886],[170.879725,-36.839465],[-51.612511,-36.843045],[85.895253,-36.846625],[-136.596983,-36.850205],[0.910781,-36.853785],[138.418545,-36.857365],[-84.073691,-36.860946],[53.434073,-36.864526],[-169.058163,-36.868107],[-31.550399,-36.871688],[105.957365,-36.875269],[-116.534871,-36.878851],[20.972893,-36.882432],[158.480657,-36.886014],[-64.011579,-36.889596],[73.496186,-36.893178],[-148.99605,-36.89676],[-11.488286,-36.900342],[126.019478,-36.903925],[-96.472758,-36.907507],[41.035006,-36.91109],[178.54277,-36.914673],[-43.949466,-36.918256],[93.558298,-36.92184],[-128.933938,-36.925423],[8.573826,-36.929007],[146.08159,-36.932591],[-76.410646,-36.936175],[61.097118,-36.939759],[-161.395118,-36.943343],[-23.887354,-36.946928],[113.62041,-36.950512],[-108.871826,-36.954097],[28.635938,-36.957682],[166.143702,-36.961267],[-56.348533,-36.964853],[81.159231,-36.968438],[-141.333005,-36.972024],[-3.825241,-36.97561],[133.682523,-36.979196],[-88.809713,-36.982782],[48.698051,-36.986369],[-173.794185,-36.989955],[-36.286421,-36.993542],[101.221343,-36.997129],[-121.270893,-37.000716],[16.236871,-37.004303],[153.744635,-37.00789],[-68.747601,-37.011478],[68.760163,-37.015066],[-153.732073,-37.018654],[-16.224309,-37.022242],[121.283455,-37.02583],[-101.208781,-37.029418],[36.298983,-37.033007],[173.806748,-37.036596],[-48.685488,-37.040185],[88.822276,-37.043774],[-133.66996,-37.047363],[3.837804,-37.050952],[141.345568,-37.054542],[-81.146668,-37.058132],[56.361096,-37.061722],[-166.13114,-37.065312],[-28.623376,-37.068902],[108.884388,-37.072492],[-113.607848,-37.076083],[23.899916,-37.079674],[161.40768,-37.083265],[-61.084556,-37.086856],[76.423208,-37.090447],[-146.069028,-37.094039],[-8.561264,-37.09763],[128.9465,-37.101222],[-93.545736,-37.104814],[43.962029,-37.108406],[-178.530207,-37.111999],[-41.022443,-37.115591],[96.485321,-37.119184],[-126.006915,-37.122777],[11.500849,-37.12637],[149.008613,-37.129963],[-73.483623,-37.133556],[64.024141,-37.13715],[-158.468095,-37.140743],[-20.960331,-37.144337],[116.547433,-37.147931],[-105.944803,-37.151525],[31.562961,-37.15512],[169.070725,-37.158714],[-53.421511,-37.162309],[84.086253,-37.165904],[-138.405983,-37.169499],[-0.898219,-37.173094],[136.609545,-37.176689],[-85.88269,-37.180285],[51.625074,-37.183881],[-170.867162,-37.187477],[-33.359398,-37.191073],[104.148366,-37.194669],[-118.34387,-37.198265],[19.163894,-37.201862],[156.671658,-37.205459],[-65.820578,-37.209056],[71.687186,-37.212653],[-150.80505,-37.21625],[-13.297286,-37.219848],[124.210478,-37.223445],[-98.281758,-37.227043],[39.226006,-37.230641],[176.73377,-37.234239],[-45.758466,-37.237837],[91.749298,-37.241436],[-130.742938,-37.245034],[6.764826,-37.248633],[144.272591,-37.252232],[-78.219645,-37.255831],[59.288119,-37.259431],[-163.204117,-37.26303],[-25.696353,-37.26663],[111.811411,-37.27023],[-110.680825,-37.27383],[26.826939,-37.27743],[164.334703,-37.28103],[-58.157533,-37.284631],[79.350231,-37.288232],[-143.142005,-37.291833],[-5.634241,-37.295434],[131.873523,-37.299035],[-90.618713,-37.302636],[46.889051,-37.306238],[-175.603185,-37.30984],[-38.095421,-37.313441],[99.412343,-37.317044],[-123.079893,-37.320646],[14.427872,-37.324248],[151.935636,-37.327851],[-70.5566,-37.331454],[66.951164,-37.335057],[-155.541072,-37.33866],[-18.033308,-37.342263],[119.474456,-37.345867],[-103.01778,-37.34947],[34.489984,-37.353074],[171.997748,-37.356678],[-50.494488,-37.360282],[87.013276,-37.363887],[-135.47896,-37.367491],[2.028804,-37.371096],[139.536568,-37.374701],[-82.955668,-37.378306],[54.552096,-37.381911],[-167.94014,-37.385516],[-30.432376,-37.389122],[107.075388,-37.392727],[-115.416847,-37.396333],[22.090917,-37.399939],[159.598681,-37.403546],[-62.893555,-37.407152],[74.614209,-37.410759],[-147.878027,-37.414365],[-10.370263,-37.417972],[127.137501,-37.42158],[-95.354735,-37.425187],[42.153029,-37.428794],[179.660793,-37.432402],[-42.831443,-37.43601],[94.676321,-37.439618],[-127.815915,-37.443226],[9.691849,-37.446834],[147.199613,-37.450443],[-75.292623,-37.454051],[62.215141,-37.45766],[-160.277095,-37.461269],[-22.769331,-37.464878],[114.738434,-37.468488],[-107.753802,-37.472097],[29.753962,-37.475707],[167.261726,-37.479317],[-55.23051,-37.482927],[82.277254,-37.486537],[-140.214982,-37.490148],[-2.707218,-37.493758],[134.800546,-37.497369],[-87.69169,-37.50098],[49.816074,-37.504591],[-172.676162,-37.508203],[-35.168398,-37.511814],[102.339366,-37.515426],[-120.15287,-37.519037],[17.354894,-37.522649],[154.862658,-37.526262],[-67.629578,-37.529874],[69.878186,-37.533486],[-152.61405,-37.537099],[-15.106285,-37.540712],[122.401479,-37.544325],[-100.090757,-37.547938],[37.417007,-37.551552],[174.924771,-37.555165],[-47.567465,-37.558779],[89.940299,-37.562393],[-132.551937,-37.566007],[4.955827,-37.569621],[142.463591,-37.573236],[-80.028645,-37.57685],[57.479119,-37.580465],[-165.013117,-37.58408],[-27.505353,-37.587695],[110.002411,-37.591311],[-112.489825,-37.594926],[25.017939,-37.598542],[162.525703,-37.602158],[-59.966533,-37.605774],[77.541231,-37.60939],[-144.951004,-37.613006],[-7.44324,-37.616623],[130.064524,-37.62024],[-92.427712,-37.623856],[45.080052,-37.627474],[-177.412184,-37.631091],[-39.90442,-37.634708],[97.603344,-37.638326],[-124.888892,-37.641944],[12.618872,-37.645562],[150.126636,-37.64918],[-72.3656,-37.652798],[65.142164,-37.656417],[-157.350072,-37.660035],[-19.842308,-37.663654],[117.665456,-37.667273],[-104.82678,-37.670892],[32.680984,-37.674512],[170.188748,-37.678131],[-52.303488,-37.681751],[85.204277,-37.685371],[-137.287959,-37.688991],[0.219805,-37.692611],[137.727569,-37.696232],[-84.764667,-37.699852],[52.743097,-37.703473],[-169.749139,-37.707094],[-32.241375,-37.710715],[105.266389,-37.714336],[-117.225847,-37.717958],[20.281917,-37.72158],[157.789681,-37.725201],[-64.702555,-37.728824],[72.805209,-37.732446],[-149.687027,-37.736068],[-12.179263,-37.739691],[125.328501,-37.743313],[-97.163735,-37.746936],[40.344029,-37.750559],[177.851793,-37.754183],[-44.640442,-37.757806],[92.867322,-37.76143],[-129.624914,-37.765054],[7.88285,-37.768678],[145.390614,-37.772302],[-77.101622,-37.775926],[60.406142,-37.779551],[-162.086094,-37.783175],[-24.57833,-37.7868],[112.929434,-37.790425],[-109.562802,-37.79405],[27.944962,-37.797676],[165.452726,-37.801301],[-57.03951,-37.804927],[80.468254,-37.808553],[-142.023982,-37.812179],[-4.516218,-37.815805],[132.991546,-37.819432],[-89.50069,-37.823059],[48.007074,-37.826685],[-174.485161,-37.830312],[-36.977397,-37.83394],[100.530367,-37.837567],[-121.961869,-37.841194],[15.545895,-37.844822],[153.053659,-37.84845],[-69.438577,-37.852078],[68.069187,-37.855706],[-154.423049,-37.859335],[-16.915285,-37.862963],[120.592479,-37.866592],[-101.899757,-37.870221],[35.608007,-37.87385],[173.115771,-37.87748],[-49.376465,-37.881109],[88.131299,-37.884739],[-134.360937,-37.888369],[3.146827,-37.891999],[140.654591,-37.895629],[-81.837645,-37.899259],[55.67012,-37.90289],[-166.822116,-37.906521],[-29.314352,-37.910152],[108.193412,-37.913783],[-114.298824,-37.917414],[23.20894,-37.921046],[160.716704,-37.924677],[-61.775532,-37.928309],[75.732232,-37.931941],[-146.760004,-37.935573],[-9.25224,-37.939206],[128.255524,-37.942838],[-94.236712,-37.946471],[43.271052,-37.950104],[-179.221184,-37.953737],[-41.71342,-37.95737],[95.794344,-37.961004],[-126.697892,-37.964637],[10.809872,-37.968271],[148.317636,-37.971905],[-74.174599,-37.975539],[63.333165,-37.979174],[-159.159071,-37.982808],[-21.651307,-37.986443],[115.856457,-37.990078],[-106.635779,-37.993713],[30.871985,-37.997348],[168.379749,-38.000983],[-54.112487,-38.004619],[83.395277,-38.008255],[-139.096959,-38.011891],[-1.589195,-38.015527],[135.918569,-38.019163],[-86.573667,-38.0228],[50.934097,-38.026436],[-171.558139,-38.030073],[-34.050375,-38.03371],[103.457389,-38.037348],[-119.034847,-38.040985],[18.472917,-38.044623],[155.980682,-38.04826],[-66.511554,-38.051898],[70.99621,-38.055536],[-151.496026,-38.059175],[-13.988262,-38.062813],[123.519502,-38.066452],[-98.972734,-38.070091],[38.53503,-38.07373],[176.042794,-38.077369],[-46.449442,-38.081008],[91.058322,-38.084648],[-131.433914,-38.088288],[6.07385,-38.091928],[143.581614,-38.095568],[-78.910622,-38.099208],[58.597142,-38.102849],[-163.895094,-38.106489],[-26.38733,-38.11013],[111.120434,-38.113771],[-111.371802,-38.117412],[26.135963,-38.121054],[163.643727,-38.124695],[-58.848509,-38.128337],[78.659255,-38.131979],[-143.832981,-38.135621],[-6.325217,-38.139264],[131.182547,-38.142906],[-91.309689,-38.146549],[46.198075,-38.150192],[-176.294161,-38.153835],[-38.786397,-38.157478],[98.721367,-38.161121],[-123.770869,-38.164765],[13.736895,-38.168409],[151.244659,-38.172053],[-71.247577,-38.175697],[66.260187,-38.179341],[-156.232049,-38.182985],[-18.724285,-38.18663],[118.783479,-38.190275],[-103.708756,-38.19392],[33.799008,-38.197565],[171.306772,-38.201211],[-51.185464,-38.204856],[86.3223,-38.208502],[-136.169936,-38.212148],[1.337828,-38.215794],[138.845592,-38.21944],[-83.646644,-38.223087],[53.86112,-38.226734],[-168.631116,-38.23038],[-31.123352,-38.234027],[106.384412,-38.237675],[-116.107824,-38.241322],[21.39994,-38.24497],[158.907704,-38.248617],[-63.584532,-38.252265],[73.923232,-38.255914],[-148.569004,-38.259562],[-11.06124,-38.26321],[126.446525,-38.266859],[-96.045711,-38.270508],[41.462053,-38.274157],[178.969817,-38.277806],[-43.522419,-38.281456],[93.985345,-38.285105],[-128.506891,-38.288755],[9.000873,-38.292405],[146.508637,-38.296055],[-75.983599,-38.299706],[61.524165,-38.303356],[-160.968071,-38.307007],[-23.460307,-38.310658],[114.047457,-38.314309],[-108.444779,-38.31796],[29.062985,-38.321612],[166.570749,-38.325263],[-55.921487,-38.328915],[81.586277,-38.332567],[-140.905959,-38.336219],[-3.398194,-38.339872],[134.10957,-38.343524],[-88.382666,-38.347177],[49.125098,-38.35083],[-173.367138,-38.354483],[-35.859374,-38.358136],[101.64839,-38.36179],[-120.843846,-38.365443],[16.663918,-38.369097],[154.171682,-38.372751],[-68.320554,-38.376405],[69.18721,-38.38006],[-153.305026,-38.383714],[-15.797262,-38.387369],[121.710502,-38.391024],[-100.781734,-38.394679],[36.72603,-38.398335],[174.233794,-38.40199],[-48.258442,-38.405646],[89.249322,-38.409302],[-133.242913,-38.412958],[4.264851,-38.416614],[141.772615,-38.42027],[-80.719621,-38.423927],[56.788143,-38.427584],[-165.704093,-38.431241],[-28.196329,-38.434898],[109.311435,-38.438555],[-113.180801,-38.442213],[24.326963,-38.445871],[161.834727,-38.449528],[-60.657509,-38.453187],[76.850255,-38.456845],[-145.641981,-38.460503],[-8.134217,-38.464162],[129.373547,-38.467821],[-93.118689,-38.47148],[44.389075,-38.475139],[-178.103161,-38.478798],[-40.595397,-38.482458],[96.912368,-38.486118],[-125.579868,-38.489778],[11.927896,-38.493438],[149.43566,-38.497098],[-73.056576,-38.500759],[64.451188,-38.504419],[-158.041048,-38.50808],[-20.533284,-38.511741],[116.97448,-38.515403],[-105.517756,-38.519064],[31.990008,-38.522726],[169.497772,-38.526388],[-52.994464,-38.53005],[84.5133,-38.533712],[-137.978936,-38.537374],[-0.471172,-38.541037],[137.036592,-38.544699],[-85.455644,-38.548362],[52.05212,-38.552025],[-170.440116,-38.555689],[-32.932351,-38.559352],[104.575413,-38.563016],[-117.916823,-38.56668],[19.590941,-38.570344],[157.098705,-38.574008],[-65.393531,-38.577673],[72.114233,-38.581337],[-150.378003,-38.585002],[-12.870239,-38.588667],[124.637525,-38.592332],[-97.854711,-38.595997],[39.653053,-38.599663],[177.160817,-38.603329],[-45.331419,-38.606995],[92.176345,-38.610661],[-130.315891,-38.614327],[7.191873,-38.617994],[144.699637,-38.62166],[-77.792599,-38.625327],[59.715165,-38.628994],[-162.77707,-38.632661],[-25.269306,-38.636329],[112.238458,-38.639996],[-110.253778,-38.643664],[27.253986,-38.647332],[164.76175,-38.651],[-57.730486,-38.654669],[79.777278,-38.658337],[-142.714958,-38.662006],[-5.207194,-38.665675],[132.30057,-38.669344],[-90.191666,-38.673013],[47.316098,-38.676683],[-175.176138,-38.680353],[-37.668374,-38.684022],[99.83939,-38.687692],[-122.652846,-38.691363],[14.854918,-38.695033],[152.362682,-38.698704],[-70.129554,-38.702375],[67.378211,-38.706046],[-155.114025,-38.709717],[-17.606261,-38.713388],[119.901503,-38.71706],[-102.590733,-38.720731],[34.917031,-38.724403],[172.424795,-38.728076],[-50.067441,-38.731748],[87.440323,-38.73542],[-135.051913,-38.739093],[2.455851,-38.742766],[139.963615,-38.746439],[-82.528621,-38.750112],[54.979143,-38.753786],[-167.513093,-38.757459],[-30.005329,-38.761133],[107.502435,-38.764807],[-114.989801,-38.768481],[22.517963,-38.772156],[160.025727,-38.77583],[-62.466508,-38.779505],[75.041256,-38.78318],[-147.45098,-38.786855],[-9.943216,-38.790531],[127.564548,-38.794206],[-94.927688,-38.797882],[42.580076,-38.801558],[-179.91216,-38.805234],[-42.404396,-38.80891],[95.103368,-38.812587],[-127.388868,-38.816263],[10.118896,-38.81994],[147.62666,-38.823617],[-74.865576,-38.827294],[62.642188,-38.830972],[-159.850048,-38.83465],[-22.342284,-38.838327],[115.16548,-38.842005],[-107.326756,-38.845684],[30.181008,-38.849362],[167.688773,-38.85304],[-54.803463,-38.856719],[82.704301,-38.860398],[-139.787935,-38.864077],[-2.280171,-38.867757],[135.227593,-38.871436],[-87.264643,-38.875116],[50.243121,-38.878796],[-172.249115,-38.882476],[-34.741351,-38.886156],[102.766413,-38.889837],[-119.725823,-38.893517],[17.781941,-38.897198],[155.289705,-38.900879],[-67.202531,-38.90456],[70.305233,-38.908242],[-152.187003,-38.911924],[-14.679239,-38.915605],[122.828525,-38.919287],[-99.663711,-38.92297],[37.844054,-38.926652],[175.351818,-38.930334],[-47.140418,-38.934017],[90.367346,-38.9377],[-132.12489,-38.941383],[5.382874,-38.945067],[142.890638,-38.94875],[-79.601598,-38.952434],[57.906166,-38.956118],[-164.58607,-38.959802],[-27.078306,-38.963486],[110.429458,-38.967171],[-112.062778,-38.970855],[25.444986,-38.97454],[162.95275,-38.978225],[-59.539486,-38.981911],[77.968278,-38.985596],[-144.523958,-38.989282],[-7.016194,-38.992968],[130.49157,-38.996654],[-92.000665,-39.00034],[45.507099,-39.004026],[-176.985137,-39.007713],[-39.477373,-39.0114],[98.030391,-39.015087],[-124.461845,-39.018774],[13.045919,-39.022461],[150.553683,-39.026149],[-71.938553,-39.029836],[65.569211,-39.033524],[-156.923025,-39.037213],[-19.415261,-39.040901],[118.092503,-39.044589],[-104.399733,-39.048278],[33.108031,-39.051967],[170.615795,-39.055656],[-51.876441,-39.059345],[85.631323,-39.063035],[-136.860913,-39.066725],[0.646851,-39.070414],[138.154616,-39.074105],[-84.33762,-39.077795],[53.170144,-39.081485],[-169.322092,-39.085176],[-31.814328,-39.088867],[105.693436,-39.092558],[-116.7988,-39.096249],[20.708964,-39.09994],[158.216728,-39.103632],[-64.275508,-39.107324],[73.232256,-39.111016],[-149.25998,-39.114708],[-11.752216,-39.1184],[125.755548,-39.122093],[-96.736688,-39.125786],[40.771076,-39.129479],[178.27884,-39.133172],[-44.213396,-39.136865],[93.294368,-39.140559],[-129.197868,-39.144252],[8.309897,-39.147946],[145.817661,-39.151641],[-76.674575,-39.155335],[60.833189,-39.159029],[-161.659047,-39.162724],[-24.151283,-39.166419],[113.356481,-39.170114],[-109.135755,-39.173809],[28.372009,-39.177505],[165.879773,-39.181201],[-56.612463,-39.184896],[80.895301,-39.188593],[-141.596935,-39.192289],[-4.089171,-39.195985],[133.418593,-39.199682],[-89.073643,-39.203379],[48.434121,-39.207076],[-174.058115,-39.210773],[-36.550351,-39.21447],[100.957413,-39.218168],[-121.534822,-39.221866],[15.972942,-39.225564],[153.480706,-39.229262],[-69.01153,-39.232961],[68.496234,-39.236659],[-153.996002,-39.240358],[-16.488238,-39.244057],[121.019526,-39.247756],[-101.47271,-39.251455],[36.035054,-39.255155],[173.542818,-39.258855],[-48.949418,-39.262555],[88.558346,-39.266255],[-133.93389,-39.269955],[3.573874,-39.273656],[141.081638,-39.277357],[-81.410598,-39.281058],[56.097166,-39.284759],[-166.39507,-39.28846],[-28.887306,-39.292162],[108.620459,-39.295863],[-113.871777,-39.299565],[23.635987,-39.303267],[161.143751,-39.30697],[-61.348485,-39.310672],[76.159279,-39.314375],[-146.332957,-39.318078],[-8.825193,-39.321781],[128.682571,-39.325484],[-93.809665,-39.329188],[43.698099,-39.332891],[-178.794137,-39.336595],[-41.286373,-39.340299],[96.221391,-39.344004],[-126.270845,-39.347708],[11.236919,-39.351413],[148.744683,-39.355118],[-73.747553,-39.358823],[63.760211,-39.362528],[-158.732025,-39.366233],[-21.22426,-39.369939],[116.283504,-39.373645],[-106.208732,-39.377351],[31.299032,-39.381057],[168.806796,-39.384764],[-53.68544,-39.38847],[83.822324,-39.392177],[-138.669912,-39.395884],[-1.162148,-39.399591],[136.345616,-39.403299],[-86.14662,-39.407006],[51.361144,-39.410714],[-171.131092,-39.414422],[-33.623328,-39.41813],[103.884436,-39.421839],[-118.6078,-39.425547],[18.899964,-39.429256],[156.407728,-39.432965],[-66.084508,-39.436674],[71.423256,-39.440384],[-151.068979,-39.444093],[-13.561215,-39.447803],[123.946549,-39.451513],[-98.545687,-39.455223],[38.962077,-39.458934],[176.469841,-39.462644],[-46.022395,-39.466355],[91.485369,-39.470066],[-131.006867,-39.473777],[6.500897,-39.477488],[144.008661,-39.4812],[-78.483575,-39.484912],[59.024189,-39.488624],[-163.468047,-39.492336],[-25.960283,-39.496048],[111.547481,-39.499761],[-110.944755,-39.503474],[26.563009,-39.507187],[164.070773,-39.5109],[-58.421463,-39.514613],[79.086302,-39.518327],[-143.405934,-39.52204],[-5.89817,-39.525754],[131.609594,-39.529469],[-90.882642,-39.533183],[46.625122,-39.536897],[-175.867114,-39.540612],[-38.35935,-39.544327],[99.148414,-39.548042],[-123.343822,-39.551758],[14.163942,-39.555473],[151.671706,-39.559189],[-70.82053,-39.562905],[66.687234,-39.566621],[-155.805002,-39.570337],[-18.297238,-39.574054],[119.210526,-39.577771],[-103.28171,-39.581487],[34.226054,-39.585205],[171.733818,-39.588922],[-50.758417,-39.592639],[86.749347,-39.596357],[-135.742889,-39.600075],[1.764875,-39.603793],[139.272639,-39.607512],[-83.219597,-39.61123],[54.288167,-39.614949],[-168.204069,-39.618668],[-30.696305,-39.622387],[106.811459,-39.626106],[-115.680777,-39.629826],[21.826987,-39.633545],[159.334751,-39.637265],[-63.157485,-39.640986],[74.350279,-39.644706],[-148.141957,-39.648426],[-10.634193,-39.652147],[126.873571,-39.655868],[-95.618665,-39.659589],[41.889099,-39.663311],[179.396864,-39.667032],[-43.095372,-39.670754],[94.412392,-39.674476],[-128.079844,-39.678198],[9.42792,-39.68192],[146.935684,-39.685643],[-75.556552,-39.689365],[61.951212,-39.693088],[-160.541024,-39.696812],[-23.03326,-39.700535],[114.474504,-39.704258],[-108.017732,-39.707982],[29.490032,-39.711706],[166.997796,-39.71543],[-55.49444,-39.719155],[82.013324,-39.722879],[-140.478912,-39.726604],[-2.971148,-39.730329],[134.536616,-39.734054],[-87.95562,-39.737779],[49.552145,-39.741505],[-172.940091,-39.745231],[-35.432327,-39.748957],[102.075437,-39.752683],[-120.416799,-39.756409],[17.090965,-39.760136],[154.598729,-39.763862],[-67.893507,-39.767589],[69.614257,-39.771316],[-152.877979,-39.775044],[-15.370215,-39.778771],[122.137549,-39.782499],[-100.354687,-39.786227],[37.153077,-39.789955],[174.660841,-39.793684],[-47.831395,-39.797412],[89.676369,-39.801141],[-132.815867,-39.80487],[4.691897,-39.808599],[142.199661,-39.812329],[-80.292574,-39.816058],[57.21519,-39.819788],[-165.277046,-39.823518],[-27.769282,-39.827248],[109.738482,-39.830979],[-112.753754,-39.834709],[24.75401,-39.83844],[162.261774,-39.842171],[-60.230462,-39.845902],[77.277302,-39.849634],[-145.214934,-39.853365],[-7.70717,-39.857097],[129.800594,-39.860829],[-92.691642,-39.864561],[44.816122,-39.868294],[-177.676114,-39.872026],[-40.16835,-39.875759],[97.339414,-39.879492],[-125.152822,-39.883225],[12.354942,-39.886959],[149.862707,-39.890693],[-72.629529,-39.894426],[64.878235,-39.89816],[-157.614001,-39.901895],[-20.106237,-39.905629],[117.401527,-39.909364],[-105.090709,-39.913099],[32.417055,-39.916834],[169.924819,-39.920569],[-52.567417,-39.924304],[84.940347,-39.92804],[-137.551889,-39.931776],[-0.044125,-39.935512],[137.463639,-39.939248],[-85.028597,-39.942985],[52.479167,-39.946722],[-170.013069,-39.950459],[-32.505305,-39.954196],[105.002459,-39.957933],[-117.489777,-39.96167],[20.017988,-39.965408],[157.525752,-39.969146],[-64.966484,-39.972884],[72.54128,-39.976623],[-149.950956,-39.980361],[-12.443192,-39.9841],[125.064572,-39.987839],[-97.427664,-39.991578],[40.0801,-39.995317],[177.587864,-39.999057],[-44.904372,-40.002797],[92.603392,-40.006537],[-129.888844,-40.010277],[7.61892,-40.014017],[145.126684,-40.017758],[-77.365552,-40.021499],[60.142212,-40.02524],[-162.350024,-40.028981],[-24.84226,-40.032722],[112.665504,-40.036464],[-109.826731,-40.040206],[27.681033,-40.043948],[165.188797,-40.04769],[-57.303439,-40.051432],[80.204325,-40.055175],[-142.287911,-40.058918],[-4.780147,-40.062661],[132.727617,-40.066404],[-89.764619,-40.070148],[47.743145,-40.073891],[-174.749091,-40.077635],[-37.241327,-40.081379],[100.266437,-40.085123],[-122.225799,-40.088868],[15.281965,-40.092613],[152.789729,-40.096358],[-69.702507,-40.100103],[67.805257,-40.103848],[-154.686979,-40.107593],[-17.179215,-40.111339],[120.32855,-40.115085],[-102.163686,-40.118831],[35.344078,-40.122578],[172.851842,-40.126324],[-49.640394,-40.130071],[87.86737,-40.133818],[-134.624866,-40.137565],[2.882898,-40.141312],[140.390662,-40.14506],[-82.101574,-40.148808],[55.40619,-40.152556],[-167.086046,-40.156304],[-29.578282,-40.160052],[107.929482,-40.163801],[-114.562754,-40.16755],[22.94501,-40.171299],[160.452774,-40.175048],[-62.039462,-40.178798],[75.468302,-40.182547],[-147.023934,-40.186297],[-9.516169,-40.190047],[127.991595,-40.193798],[-94.500641,-40.197548],[43.007123,-40.201299],[-179.485113,-40.20505],[-41.977349,-40.208801],[95.530415,-40.212552],[-126.961821,-40.216304],[10.545943,-40.220055],[148.053707,-40.223807],[-74.438529,-40.227559],[63.069235,-40.231312],[-159.423001,-40.235064],[-21.915237,-40.238817],[115.592527,-40.24257],[-106.899709,-40.246323],[30.608055,-40.250077],[168.115819,-40.25383],[-54.376417,-40.257584],[83.131347,-40.261338],[-139.360888,-40.265092],[-1.853124,-40.268847],[135.65464,-40.272601],[-86.837596,-40.276356],[50.670168,-40.280111],[-171.822068,-40.283867],[-34.314304,-40.287622],[103.19346,-40.291378],[-119.298776,-40.295134],[18.208988,-40.29889],[155.716752,-40.302646],[-66.775484,-40.306403],[70.73228,-40.310159],[-151.759956,-40.313916],[-14.252192,-40.317673],[123.255572,-40.321431],[-99.236664,-40.325188],[38.2711,-40.328946],[175.778864,-40.332704],[-46.713372,-40.336462],[90.794393,-40.340221],[-131.697843,-40.343979],[5.809921,-40.347738],[143.317685,-40.351497],[-79.174551,-40.355256],[58.333213,-40.359016],[-164.159023,-40.362775],[-26.651259,-40.366535],[110.856505,-40.370295],[-111.635731,-40.374056],[25.872033,-40.377816],[163.379797,-40.381577],[-59.112439,-40.385338],[78.395325,-40.389099],[-144.096911,-40.39286],[-6.589147,-40.396622],[130.918617,-40.400384],[-91.573619,-40.404146],[45.934145,-40.407908],[-176.558091,-40.41167],[-39.050326,-40.415433],[98.457438,-40.419196],[-124.034798,-40.422959],[13.472966,-40.426722],[150.98073,-40.430485],[-71.511506,-40.434249],[65.996258,-40.438013],[-156.495978,-40.441777],[-18.988214,-40.445541],[118.51955,-40.449306],[-103.972686,-40.45307],[33.535078,-40.456835],[171.042842,-40.4606],[-51.449394,-40.464366],[86.05837,-40.468131],[-136.433866,-40.471897],[1.073898,-40.475663],[138.581662,-40.479429],[-83.910574,-40.483196],[53.59719,-40.486962],[-168.895045,-40.490729],[-31.387281,-40.494496],[106.120483,-40.498263],[-116.371753,-40.502031],[21.136011,-40.505798],[158.643775,-40.509566],[-63.848461,-40.513334],[73.659303,-40.517103],[-148.832933,-40.520871],[-11.325169,-40.52464],[126.182595,-40.528409],[-96.309641,-40.532178],[41.198123,-40.535947],[178.705887,-40.539717],[-43.786349,-40.543487],[93.721415,-40.547257],[-128.770821,-40.551027],[8.736943,-40.554797],[146.244707,-40.558568],[-76.247529,-40.562339],[61.260236,-40.56611],[-161.232,-40.569881],[-23.724236,-40.573653],[113.783528,-40.577424],[-108.708708,-40.581196],[28.799056,-40.584968],[166.30682,-40.588741],[-56.185416,-40.592513],[81.322348,-40.596286],[-141.169888,-40.600059],[-3.662124,-40.603832],[133.84564,-40.607606],[-88.646596,-40.611379],[48.861168,-40.615153],[-173.631068,-40.618927],[-36.123304,-40.622701],[101.38446,-40.626476],[-121.107776,-40.630251],[16.399988,-40.634025],[153.907753,-40.637801],[-68.584483,-40.641576],[68.923281,-40.645351],[-153.568955,-40.649127],[-16.061191,-40.652903],[121.446573,-40.656679],[-101.045663,-40.660456],[36.462101,-40.664232],[173.969865,-40.668009],[-48.522371,-40.671786],[88.985393,-40.675563],[-133.506843,-40.679341],[4.000921,-40.683118],[141.508685,-40.686896],[-80.983551,-40.690674],[56.524213,-40.694453],[-165.968023,-40.698231],[-28.460259,-40.70201],[109.047505,-40.705789],[-113.444731,-40.709568],[24.063034,-40.713348],[161.570798,-40.717127],[-60.921438,-40.720907],[76.586326,-40.724687],[-145.90591,-40.728467],[-8.398146,-40.732248],[129.109618,-40.736028],[-93.382618,-40.739809],[44.125146,-40.74359],[-178.36709,-40.747372],[-40.859326,-40.751153],[96.648438,-40.754935],[-125.843798,-40.758717],[11.663966,-40.762499],[149.17173,-40.766281],[-73.320506,-40.770064],[64.187258,-40.773847],[-158.304978,-40.77763],[-20.797214,-40.781413],[116.71055,-40.785197],[-105.781685,-40.78898],[31.726079,-40.792764],[169.233843,-40.796548],[-53.258393,-40.800333],[84.249371,-40.804117],[-138.242865,-40.807902],[-0.735101,-40.811687],[136.772663,-40.815472],[-85.719573,-40.819258],[51.788191,-40.823043],[-170.704045,-40.826829],[-33.196281,-40.830615],[104.311483,-40.834401],[-118.180753,-40.838188],[19.327011,-40.841975],[156.834775,-40.845762],[-65.657461,-40.849549],[71.850303,-40.853336],[-150.641933,-40.857124],[-13.134169,-40.860911],[124.373596,-40.864699],[-98.11864,-40.868488],[39.389124,-40.872276],[176.896888,-40.876065],[-45.595348,-40.879854],[91.912416,-40.883643],[-130.57982,-40.887432],[6.927944,-40.891222],[144.435708,-40.895011],[-78.056528,-40.898801],[59.451236,-40.902591],[-163.041,-40.906382],[-25.533236,-40.910172],[111.974528,-40.913963],[-110.517708,-40.917754],[26.990056,-40.921546],[164.49782,-40.925337],[-57.994416,-40.929129],[79.513348,-40.932921],[-142.978888,-40.936713],[-5.471123,-40.940505],[132.036641,-40.944298],[-90.455595,-40.948091],[47.052169,-40.951884],[-175.440067,-40.955677],[-37.932303,-40.95947],[99.575461,-40.963264],[-122.916775,-40.967058],[14.590989,-40.970852],[152.098753,-40.974646],[-70.393483,-40.978441],[67.114281,-40.982235],[-155.377955,-40.98603],[-17.870191,-40.989826],[119.637573,-40.993621],[-102.854663,-40.997417],[34.653101,-41.001212],[172.160865,-41.005009],[-50.331371,-41.008805],[87.176393,-41.012601],[-135.315842,-41.016398],[2.191922,-41.020195],[139.699686,-41.023992],[-82.79255,-41.02779],[54.715214,-41.031587],[-167.777022,-41.035385],[-30.269258,-41.039183],[107.238506,-41.042981],[-115.25373,-41.04678],[22.254034,-41.050578],[159.761798,-41.054377],[-62.730438,-41.058176],[74.777326,-41.061976],[-147.71491,-41.065775],[-10.207146,-41.069575],[127.300618,-41.073375],[-95.191618,-41.077175],[42.316146,-41.080976],[179.82391,-41.084776],[-42.668326,-41.088577],[94.839439,-41.092378],[-127.652797,-41.09618],[9.854967,-41.099981],[147.362731,-41.103783],[-75.129505,-41.107585],[62.378259,-41.111387],[-160.113977,-41.11519],[-22.606213,-41.118992],[114.901551,-41.122795],[-107.590685,-41.126598],[29.917079,-41.130402],[167.424843,-41.134205],[-55.067393,-41.138009],[82.440371,-41.141813],[-140.051865,-41.145617],[-2.544101,-41.149421],[134.963663,-41.153226],[-87.528573,-41.157031],[49.979191,-41.160836],[-172.513045,-41.164641],[-35.00528,-41.168447],[102.502484,-41.172253],[-119.989752,-41.176058],[17.518012,-41.179865],[155.025776,-41.183671],[-67.46646,-41.187478],[70.041304,-41.191285],[-152.450932,-41.195092],[-14.943168,-41.198899],[122.564596,-41.202706],[-99.92764,-41.206514],[37.580124,-41.210322],[175.087888,-41.21413],[-47.404348,-41.217939],[90.103416,-41.221747],[-132.38882,-41.225556],[5.118944,-41.229365],[142.626708,-41.233174],[-79.865528,-41.236984],[57.642236,-41.240794],[-164.849999,-41.244604],[-27.342235,-41.248414],[110.165529,-41.252224],[-112.326707,-41.256035],[25.181057,-41.259846],[162.688821,-41.263657],[-59.803415,-41.267468],[77.704349,-41.271279],[-144.787887,-41.275091],[-7.280123,-41.278903],[130.227641,-41.282715],[-92.264595,-41.286528],[45.243169,-41.29034],[-177.249067,-41.294153],[-39.741303,-41.297966],[97.766461,-41.301779],[-124.725775,-41.305593],[12.781989,-41.309407],[150.289753,-41.313221],[-72.202483,-41.317035],[65.305282,-41.320849],[-157.186954,-41.324664],[-19.67919,-41.328479],[117.828574,-41.332294],[-104.663662,-41.336109],[32.844102,-41.339925],[170.351866,-41.34374],[-52.14037,-41.347556],[85.367394,-41.351372],[-137.124842,-41.355189],[0.382922,-41.359006],[137.890686,-41.362822],[-84.60155,-41.366639],[52.906214,-41.370457],[-169.586022,-41.374274],[-32.078258,-41.378092],[105.429506,-41.38191],[-117.06273,-41.385728],[20.445034,-41.389547],[157.952798,-41.393365],[-64.539437,-41.397184],[72.968327,-41.401003],[-149.523909,-41.404823],[-12.016145,-41.408642],[125.491619,-41.412462],[-97.000617,-41.416282],[40.507147,-41.420102],[178.014911,-41.423923],[-44.477325,-41.427743],[93.030439,-41.431564],[-129.461797,-41.435385],[8.045967,-41.439207],[145.553731,-41.443028],[-76.938505,-41.44685],[60.569259,-41.450672],[-161.922977,-41.454494],[-24.415213,-41.458317],[113.092551,-41.462139],[-109.399685,-41.465962],[28.108079,-41.469786],[165.615844,-41.473609],[-56.876392,-41.477432],[80.631372,-41.481256],[-141.860864,-41.48508],[-4.3531,-41.488905],[133.154664,-41.492729],[-89.337572,-41.496554],[48.170192,-41.500379],[-174.322044,-41.504204],[-36.81428,-41.508029],[100.693484,-41.511855],[-121.798752,-41.515681],[15.709012,-41.519507],[153.216776,-41.523333],[-69.27546,-41.52716],[68.232304,-41.530987],[-154.259932,-41.534814],[-16.752168,-41.538641],[120.755596,-41.542468],[-101.73664,-41.546296],[35.771125,-41.550124],[173.278889,-41.553952],[-49.213347,-41.55778],[88.294417,-41.561609],[-134.197819,-41.565438],[3.309945,-41.569267],[140.817709,-41.573096],[-81.674527,-41.576925],[55.833237,-41.580755],[-166.658999,-41.584585],[-29.151235,-41.588415],[108.356529,-41.592246],[-114.135707,-41.596076],[23.372057,-41.599907],[160.879821,-41.603738],[-61.612415,-41.607569],[75.895349,-41.611401],[-146.596887,-41.615233],[-9.089123,-41.619065],[128.418641,-41.622897],[-94.073594,-41.626729],[43.43417,-41.630562],[-179.058066,-41.634395],[-41.550302,-41.638228],[95.957462,-41.642061],[-126.534774,-41.645895],[10.97299,-41.649729],[148.480754,-41.653563],[-74.011482,-41.657397],[63.496282,-41.661232],[-158.995954,-41.665066],[-21.48819,-41.668901],[116.019574,-41.672736],[-106.472662,-41.676572],[31.035102,-41.680407],[168.542866,-41.684243],[-53.94937,-41.688079],[83.558394,-41.691916],[-138.933842,-41.695752],[-1.426078,-41.699589],[136.081687,-41.703426],[-86.410549,-41.707263],[51.097215,-41.711101],[-171.395021,-41.714938],[-33.887257,-41.718776],[103.620507,-41.722615],[-118.871729,-41.726453],[18.636035,-41.730292],[156.143799,-41.73413],[-66.348437,-41.737969],[71.159327,-41.741809],[-151.332909,-41.745648],[-13.825145,-41.749488],[123.682619,-41.753328],[-98.809617,-41.757168],[38.698147,-41.761009],[176.205911,-41.764849],[-46.286325,-41.76869],[91.221439,-41.772531],[-131.270797,-41.776373],[6.236968,-41.780214],[143.744732,-41.784056],[-78.747504,-41.787898],[58.76026,-41.791741],[-163.731976,-41.795583],[-26.224212,-41.799426],[111.283552,-41.803269],[-111.208684,-41.807112],[26.29908,-41.810955],[163.806844,-41.814799],[-58.685392,-41.818643],[78.822372,-41.822487],[-143.669864,-41.826332],[-6.1621,-41.830176],[131.345664,-41.834021],[-91.146572,-41.837866],[46.361192,-41.841711],[-176.131044,-41.845557],[-38.62328,-41.849403],[98.884484,-41.853249],[-123.607751,-41.857095],[13.900013,-41.860941],[151.407777,-41.864788],[-71.084459,-41.868635],[66.423305,-41.872482],[-156.068931,-41.876329],[-18.561167,-41.880177],[118.946597,-41.884025],[-103.545639,-41.887873],[33.962125,-41.891721],[171.469889,-41.89557],[-51.022347,-41.899418],[86.485417,-41.903267],[-136.006819,-41.907117],[1.500945,-41.910966],[139.008709,-41.914816],[-83.483527,-41.918666],[54.024237,-41.922516],[-168.467999,-41.926366],[-30.960235,-41.930217],[106.54753,-41.934068],[-115.944706,-41.937919],[21.563058,-41.94177],[159.070822,-41.945622],[-63.421414,-41.949473],[74.08635,-41.953325],[-148.405886,-41.957178],[-10.898122,-41.96103],[126.609642,-41.964883],[-95.882594,-41.968736],[41.62517,-41.972589],[179.132934,-41.976442],[-43.359302,-41.980296],[94.148462,-41.98415],[-128.343774,-41.988004],[9.16399,-41.991858],[146.671754,-41.995713],[-75.820482,-41.999568],[61.687282,-42.003423],[-160.804954,-42.007278],[-23.297189,-42.011134],[114.210575,-42.014989],[-108.281661,-42.018845],[29.226103,-42.022702],[166.733867,-42.026558],[-55.758369,-42.030415],[81.749395,-42.034272],[-140.742841,-42.038129],[-3.235077,-42.041986],[134.272687,-42.045844],[-88.219549,-42.049702],[49.288215,-42.05356],[-173.204021,-42.057418],[-35.696257,-42.061277],[101.811507,-42.065135],[-120.680729,-42.068994],[16.827035,-42.072854],[154.334799,-42.076713],[-68.157437,-42.080573],[69.350327,-42.084433],[-153.141908,-42.088293],[-15.634144,-42.092153],[121.87362,-42.096014],[-100.618616,-42.099875],[36.889148,-42.103736],[174.396912,-42.107597],[-48.095324,-42.111459],[89.41244,-42.115321],[-133.079796,-42.119183],[4.427968,-42.123045],[141.935732,-42.126908],[-80.556504,-42.130771],[56.95126,-42.134634],[-165.540976,-42.138497],[-28.033212,-42.14236],[109.474552,-42.146224],[-113.017684,-42.150088],[24.49008,-42.153952],[161.997844,-42.157817],[-60.494392,-42.161681],[77.013373,-42.165546],[-145.478863,-42.169411],[-7.971099,-42.173277],[129.536665,-42.177142],[-92.955571,-42.181008],[44.552193,-42.184874],[-177.940043,-42.188741],[-40.432279,-42.192607],[97.075485,-42.196474],[-125.416751,-42.200341],[12.091013,-42.204208],[149.598777,-42.208076],[-72.893459,-42.211944],[64.614305,-42.215812],[-157.877931,-42.21968],[-20.370167,-42.223548],[117.137597,-42.227417],[-105.354639,-42.231286],[32.153125,-42.235155],[169.660889,-42.239025],[-52.831346,-42.242894],[84.676418,-42.246764],[-137.815818,-42.250634],[-0.308054,-42.254504],[137.19971,-42.258375],[-85.292526,-42.262246],[52.215238,-42.266117],[-170.276998,-42.269988],[-32.769234,-42.27386],[104.73853,-42.277732],[-117.753706,-42.281604],[19.754058,-42.285476],[157.261822,-42.289348],[-65.230414,-42.293221],[72.27735,-42.297094],[-150.214886,-42.300967],[-12.707122,-42.304841],[124.800642,-42.308714],[-97.691594,-42.312588],[39.81617,-42.316462],[177.323935,-42.320337],[-45.168301,-42.324212],[92.339463,-42.328086],[-130.152773,-42.331962],[7.354991,-42.335837],[144.862755,-42.339712],[-77.629481,-42.343588],[59.878283,-42.347464],[-162.613953,-42.351341],[-25.106189,-42.355217],[112.401575,-42.359094],[-110.090661,-42.362971],[27.417103,-42.366848],[164.924867,-42.370726],[-57.567369,-42.374604],[79.940395,-42.378482],[-142.551841,-42.38236],[-5.044077,-42.386238],[132.463687,-42.390117],[-90.028549,-42.393996],[47.479216,-42.397875],[-175.01302,-42.401754],[-37.505256,-42.405634],[100.002508,-42.409514],[-122.489728,-42.413394],[15.018036,-42.417275],[152.5258,-42.421155],[-69.966436,-42.425036],[67.541328,-42.428917],[-154.950908,-42.432799],[-17.443144,-42.43668],[120.06462,-42.440562],[-102.427616,-42.444444],[35.080148,-42.448326],[172.587912,-42.452209],[-49.904324,-42.456092],[87.60344,-42.459975],[-134.888796,-42.463858],[2.618968,-42.467741],[140.126732,-42.471625],[-82.365503,-42.475509],[55.142261,-42.479393],[-167.349975,-42.483278],[-29.842211,-42.487163],[107.665553,-42.491048],[-114.826683,-42.494933],[22.681081,-42.498818],[160.188845,-42.502704],[-62.303391,-42.50659],[75.204373,-42.510476],[-147.287863,-42.514362],[-9.780099,-42.518249],[127.727665,-42.522136],[-94.764571,-42.526023],[42.743193,-42.52991],[-179.749043,-42.533798],[-42.241279,-42.537686],[95.266485,-42.541574],[-127.225751,-42.545462],[10.282013,-42.549351],[147.789778,-42.55324],[-74.702458,-42.557129],[62.805306,-42.561018],[-159.68693,-42.564908],[-22.179166,-42.568797],[115.328598,-42.572687],[-107.163638,-42.576578],[30.344126,-42.580468],[167.85189,-42.584359],[-54.640346,-42.58825],[82.867418,-42.592141],[-139.624818,-42.596033],[-2.117054,-42.599925],[135.39071,-42.603817],[-87.101526,-42.607709],[50.406238,-42.611601],[-172.085998,-42.615494],[-34.578234,-42.619387],[102.92953,-42.62328],[-119.562706,-42.627173],[17.945059,-42.631067],[155.452823,-42.634961],[-67.039413,-42.638855],[70.468351,-42.64275],[-152.023885,-42.646644],[-14.516121,-42.650539],[122.991643,-42.654434],[-99.500593,-42.65833],[38.007171,-42.662225],[175.514935,-42.666121],[-46.977301,-42.670017],[90.530463,-42.673914],[-131.961773,-42.67781],[5.545991,-42.681707],[143.053755,-42.685604],[-79.438481,-42.689502],[58.069283,-42.693399],[-164.422953,-42.697297],[-26.915189,-42.701195],[110.592575,-42.705094],[-111.89966,-42.708992],[25.608104,-42.712891],[163.115868,-42.71679],[-59.376368,-42.720689],[78.131396,-42.724589],[-144.36084,-42.728489],[-6.853076,-42.732389],[130.654688,-42.736289],[-91.837548,-42.740189],[45.670216,-42.74409],[-176.82202,-42.747991],[-39.314256,-42.751892],[98.193508,-42.755794],[-124.298728,-42.759696],[13.209036,-42.763598],[150.7168,-42.7675],[-71.775436,-42.771402],[65.732328,-42.775305],[-156.759908,-42.779208],[-19.252144,-42.783111],[118.255621,-42.787015],[-104.236615,-42.790919],[33.271149,-42.794823],[170.778913,-42.798727],[-51.713323,-42.802631],[85.794441,-42.806536],[-136.697795,-42.810441],[0.809969,-42.814346],[138.317733,-42.818252],[-84.174503,-42.822157],[53.333261,-42.826063],[-169.158975,-42.829969],[-31.651211,-42.833876],[105.856553,-42.837783],[-116.635683,-42.841689],[20.872081,-42.845597],[158.379845,-42.849504],[-64.112391,-42.853412],[73.395373,-42.85732],[-149.096863,-42.861228],[-11.589098,-42.865136],[125.918666,-42.869045],[-96.57357,-42.872954],[40.934194,-42.876863],[178.441958,-42.880772],[-44.050278,-42.884682],[93.457486,-42.888592],[-129.03475,-42.892502],[8.473014,-42.896412],[145.980778,-42.900323],[-76.511458,-42.904234],[60.996306,-42.908145],[-161.49593,-42.912057],[-23.988166,-42.915968],[113.519598,-42.91988],[-108.972638,-42.923792],[28.535126,-42.927705],[166.04289,-42.931617],[-56.449346,-42.93553],[81.058418,-42.939443],[-141.433817,-42.943357],[-3.926053,-42.94727],[133.581711,-42.951184],[-88.910525,-42.955098],[48.597239,-42.959013],[-173.894997,-42.962927],[-36.387233,-42.966842],[101.120531,-42.970757],[-121.371705,-42.974673],[16.136059,-42.978588],[153.643823,-42.982504],[-68.848413,-42.98642],[68.659351,-42.990336],[-153.832885,-42.994253],[-16.325121,-42.99817],[121.182643,-43.002087],[-101.309593,-43.006004],[36.198171,-43.009922],[173.705935,-43.01384],[-48.786301,-43.017758],[88.721464,-43.021676],[-133.770772,-43.025595],[3.736992,-43.029514],[141.244756,-43.033433],[-81.24748,-43.037352],[56.260284,-43.041272],[-166.231952,-43.045192],[-28.724188,-43.049112],[108.783576,-43.053032],[-113.70866,-43.056953],[23.799104,-43.060874],[161.306868,-43.064795],[-61.185368,-43.068716],[76.322396,-43.072638],[-146.16984,-43.07656],[-8.662076,-43.080482],[128.845688,-43.084404],[-93.646548,-43.088327],[43.861216,-43.09225],[-178.63102,-43.096173],[-41.123255,-43.100096],[96.384509,-43.10402],[-126.107727,-43.107944],[11.400037,-43.111868],[148.907801,-43.115792],[-73.584435,-43.119717],[63.923329,-43.123642],[-158.568907,-43.127567],[-21.061143,-43.131492],[116.446621,-43.135418],[-106.045615,-43.139344],[31.462149,-43.14327],[168.969913,-43.147196],[-53.522323,-43.151123],[83.985441,-43.15505],[-138.506795,-43.158977],[-0.999031,-43.162904],[136.508733,-43.166832],[-85.983503,-43.17076],[51.524261,-43.174688],[-170.967974,-43.178617],[-33.46021,-43.182545],[104.047554,-43.186474],[-118.444682,-43.190403],[19.063082,-43.194333],[156.570846,-43.198263],[-65.92139,-43.202192],[71.586374,-43.206123],[-150.905862,-43.210053],[-13.398098,-43.213984],[124.109666,-43.217915],[-98.38257,-43.221846],[39.125194,-43.225777],[176.632958,-43.229709],[-45.859278,-43.233641],[91.648486,-43.237573],[-130.84375,-43.241506],[6.664014,-43.245438],[144.171778,-43.249371],[-78.320458,-43.253305],[59.187307,-43.257238],[-163.304929,-43.261172],[-25.797165,-43.265106],[111.710599,-43.26904],[-110.781637,-43.272975],[26.726127,-43.276909],[164.233891,-43.280844],[-58.258345,-43.28478],[79.249419,-43.288715],[-143.242817,-43.292651],[-5.735053,-43.296587],[131.772711,-43.300523],[-90.719525,-43.30446],[46.788239,-43.308397],[-175.703997,-43.312334],[-38.196233,-43.316271],[99.311531,-43.320209],[-123.180705,-43.324146],[14.327059,-43.328084],[151.834823,-43.332023],[-70.657412,-43.335961],[66.850352,-43.3399],[-155.641884,-43.343839],[-18.13412,-43.347779],[119.373644,-43.351718],[-103.118592,-43.355658],[34.389172,-43.359598],[171.896936,-43.363539],[-50.5953,-43.367479],[86.912464,-43.37142],[-135.579772,-43.375361],[1.927992,-43.379303],[139.435756,-43.383244],[-83.05648,-43.387186],[54.451284,-43.391128],[-168.040952,-43.395071],[-30.533188,-43.399013],[106.974576,-43.402956],[-115.51766,-43.4069],[21.990104,-43.410843],[159.497869,-43.414787],[-62.994367,-43.418731],[74.513397,-43.422675],[-147.978839,-43.426619],[-10.471075,-43.430564],[127.036689,-43.434509],[-95.455547,-43.438454],[42.052217,-43.4424],[179.559981,-43.446346],[-42.932255,-43.450292],[94.575509,-43.454238],[-127.916727,-43.458184],[9.591037,-43.462131],[147.098801,-43.466078],[-75.393435,-43.470026],[62.114329,-43.473973],[-160.377907,-43.477921],[-22.870143,-43.481869],[114.637621,-43.485817],[-107.854615,-43.489766],[29.65315,-43.493715],[167.160914,-43.497664],[-55.331322,-43.501613],[82.176442,-43.505563],[-140.315794,-43.509513],[-2.80803,-43.513463],[134.699734,-43.517413],[-87.792502,-43.521364],[49.715262,-43.525315],[-172.776974,-43.529266],[-35.26921,-43.533218],[102.238554,-43.537169],[-120.253682,-43.541121],[17.254082,-43.545073],[154.761846,-43.549026],[-67.73039,-43.552979],[69.777374,-43.556932],[-152.714862,-43.560885],[-15.207098,-43.564838],[122.300666,-43.568792],[-100.191569,-43.572746],[37.316195,-43.5767],[174.823959,-43.580655],[-47.668277,-43.58461],[89.839487,-43.588565],[-132.652749,-43.59252],[4.855015,-43.596476],[142.362779,-43.600432],[-80.129457,-43.604388],[57.378307,-43.608344],[-165.113929,-43.612301],[-27.606165,-43.616258],[109.901599,-43.620215],[-112.590637,-43.624172],[24.917127,-43.62813],[162.424891,-43.632088],[-60.067345,-43.636046],[77.440419,-43.640005],[-145.051817,-43.643963],[-7.544053,-43.647922],[129.963712,-43.651881],[-92.528524,-43.655841],[44.97924,-43.659801],[-177.512996,-43.663761],[-40.005232,-43.667721],[97.502532,-43.671682],[-124.989704,-43.675642],[12.51806,-43.679603],[150.025824,-43.683565],[-72.466412,-43.687526],[65.041352,-43.691488],[-157.450884,-43.69545],[-19.94312,-43.699413],[117.564644,-43.703375],[-104.927592,-43.707338],[32.580172,-43.711301],[170.087936,-43.715265],[-52.4043,-43.719228],[85.103464,-43.723192],[-137.388772,-43.727157],[0.118993,-43.731121],[137.626757,-43.735086],[-84.865479,-43.739051],[52.642285,-43.743016],[-169.849951,-43.746982],[-32.342187,-43.750947],[105.165577,-43.754913],[-117.326659,-43.75888],[20.181105,-43.762846],[157.688869,-43.766813],[-64.803367,-43.77078],[72.704397,-43.774748],[-149.787839,-43.778715],[-12.280075,-43.782683],[125.227689,-43.786651],[-97.264547,-43.79062],[40.243217,-43.794588],[177.750981,-43.798557],[-44.741255,-43.802527],[92.766509,-43.806496],[-129.725726,-43.810466],[7.782038,-43.814436],[145.289802,-43.818406],[-77.202434,-43.822377],[60.30533,-43.826347],[-162.186906,-43.830318],[-24.679142,-43.83429],[112.828622,-43.838261],[-109.663614,-43.842233],[27.84415,-43.846205],[165.351914,-43.850178],[-57.140322,-43.85415],[80.367442,-43.858123],[-142.124794,-43.862096],[-4.61703,-43.86607],[132.890734,-43.870043],[-89.601502,-43.874017],[47.906262,-43.877992],[-174.585974,-43.881966],[-37.07821,-43.885941],[100.429555,-43.889916],[-122.062681,-43.893891],[15.445083,-43.897867],[152.952847,-43.901843],[-69.539389,-43.905819],[67.968375,-43.909795],[-154.523861,-43.913772],[-17.016097,-43.917749],[120.491667,-43.921726],[-102.000569,-43.925703],[35.507195,-43.929681],[173.014959,-43.933659],[-49.477277,-43.937637],[88.030487,-43.941615],[-134.461749,-43.945594],[3.046015,-43.949573],[140.553779,-43.953552],[-81.938457,-43.957532],[55.569307,-43.961512],[-166.922929,-43.965492],[-29.415164,-43.969472],[108.0926,-43.973453],[-114.399636,-43.977434],[23.108128,-43.981415],[160.615892,-43.985396],[-61.876344,-43.989378],[75.63142,-43.99336],[-146.860816,-43.997342],[-9.353052,-44.001325],[128.154712,-44.005307],[-94.337524,-44.00929],[43.17024,-44.013274],[-179.321996,-44.017257],[-41.814232,-44.021241],[95.693532,-44.025225],[-126.798704,-44.029209],[10.70906,-44.033194],[148.216824,-44.037179],[-74.275412,-44.041164],[63.232352,-44.04515],[-159.259883,-44.049135],[-21.752119,-44.053121],[115.755645,-44.057107],[-106.736591,-44.061094],[30.771173,-44.065081],[168.278937,-44.069068],[-54.213299,-44.073055],[83.294465,-44.077043],[-139.197771,-44.08103],[-1.690007,-44.085019],[135.817757,-44.089007],[-86.674479,-44.092996],[50.833285,-44.096984],[-171.658951,-44.100974],[-34.151187,-44.104963],[103.356577,-44.108953],[-119.135659,-44.112943],[18.372105,-44.116933],[155.879869,-44.120924],[-66.612367,-44.124914],[70.895398,-44.128906],[-151.596838,-44.132897],[-14.089074,-44.136888],[123.41869,-44.14088],[-99.073546,-44.144872],[38.434218,-44.148865],[175.941982,-44.152858],[-46.550254,-44.156851],[90.95751,-44.160844],[-131.534726,-44.164837],[5.973038,-44.168831],[143.480802,-44.172825],[-79.011434,-44.176819],[58.49633,-44.180814],[-163.995906,-44.184809],[-26.488142,-44.188804],[111.019622,-44.192799],[-111.472614,-44.196795],[26.03515,-44.200791],[163.542914,-44.204787],[-58.949321,-44.208784],[78.558443,-44.21278],[-143.933793,-44.216777],[-6.426029,-44.220775],[131.081735,-44.224772],[-91.410501,-44.22877],[46.097263,-44.232768],[-176.394973,-44.236767],[-38.887209,-44.240765],[98.620555,-44.244764],[-123.871681,-44.248763],[13.636083,-44.252763],[151.143847,-44.256763],[-71.348389,-44.260763],[66.159375,-44.264763],[-156.332861,-44.268763],[-18.825097,-44.272764],[118.682667,-44.276765],[-103.809569,-44.280767],[33.698195,-44.284768],[171.20596,-44.28877],[-51.286276,-44.292773],[86.221488,-44.296775],[-136.270748,-44.300778],[1.237016,-44.304781],[138.74478,-44.308784],[-83.747456,-44.312788],[53.760308,-44.316791],[-168.731928,-44.320795],[-31.224164,-44.3248],[106.2836,-44.328805],[-116.208636,-44.332809],[21.299128,-44.336815],[158.806892,-44.34082],[-63.685344,-44.344826],[73.82242,-44.348832],[-148.669816,-44.352838],[-11.162052,-44.356845],[126.345712,-44.360852],[-96.146524,-44.364859],[41.361241,-44.368866],[178.869005,-44.372874],[-43.623231,-44.376882],[93.884533,-44.38089],[-128.607703,-44.384898],[8.900061,-44.388907],[146.407825,-44.392916],[-76.084411,-44.396925],[61.423353,-44.400935],[-161.068883,-44.404945],[-23.561119,-44.408955],[113.946645,-44.412965],[-108.545591,-44.416976],[28.962173,-44.420987],[166.469937,-44.424998],[-56.022299,-44.42901],[81.485465,-44.433022],[-141.006771,-44.437034],[-3.499007,-44.441046],[134.008757,-44.445059],[-88.483478,-44.449071],[49.024286,-44.453085],[-173.46795,-44.457098],[-35.960186,-44.461112],[101.547578,-44.465126],[-120.944658,-44.46914],[16.563106,-44.473155],[154.07087,-44.477169],[-68.421366,-44.481184],[69.086398,-44.4852],[-153.405838,-44.489215],[-15.898074,-44.493231],[121.60969,-44.497248],[-100.882546,-44.501264],[36.625218,-44.505281],[174.132982,-44.509298],[-48.359254,-44.513315],[89.14851,-44.517333],[-133.343726,-44.521351],[4.164038,-44.525369],[141.671803,-44.529387],[-80.820433,-44.533406],[56.687331,-44.537425],[-165.804905,-44.541444],[-28.297141,-44.545464],[109.210623,-44.549483],[-113.281613,-44.553503],[24.226151,-44.557524],[161.733915,-44.561544],[-60.758321,-44.565565],[76.749443,-44.569587],[-145.742793,-44.573608],[-8.235029,-44.57763],[129.272735,-44.581652],[-93.219501,-44.585674],[44.288263,-44.589697],[-178.203973,-44.59372],[-40.696209,-44.597743],[96.811555,-44.601766],[-125.680681,-44.60579],[11.827084,-44.609814],[149.334848,-44.613838],[-73.157388,-44.617863],[64.350376,-44.621887],[-158.14186,-44.625912],[-20.634096,-44.629938],[116.873668,-44.633963],[-105.618568,-44.637989],[31.889196,-44.642016],[169.39696,-44.646042],[-53.095276,-44.650069],[84.412488,-44.654096],[-138.079748,-44.658123],[-0.571984,-44.662151],[136.93578,-44.666179],[-85.556456,-44.670207],[51.951308,-44.674235],[-170.540928,-44.678264],[-33.033164,-44.682293],[104.4746,-44.686322],[-118.017635,-44.690352],[19.490129,-44.694382],[156.997893,-44.698412],[-65.494343,-44.702442],[72.013421,-44.706473],[-150.478815,-44.710504],[-12.971051,-44.714535],[124.536713,-44.718567],[-97.955523,-44.722598],[39.552241,-44.726631],[177.060005,-44.730663],[-45.432231,-44.734696],[92.075533,-44.738729],[-130.416703,-44.742762],[7.091061,-44.746795],[144.598825,-44.750829],[-77.893411,-44.754863],[59.614353,-44.758897],[-162.877883,-44.762932],[-25.370119,-44.766967],[112.137646,-44.771002],[-110.35459,-44.775038],[27.153174,-44.779073],[164.660938,-44.783109],[-57.831298,-44.787146],[79.676466,-44.791182],[-142.81577,-44.795219],[-5.308006,-44.799256],[132.199758,-44.803294],[-90.292478,-44.807331],[47.215286,-44.81137],[-175.27695,-44.815408],[-37.769186,-44.819446],[99.738578,-44.823485],[-122.753658,-44.827524],[14.754106,-44.831564],[152.26187,-44.835604],[-70.230366,-44.839643],[67.277398,-44.843684],[-155.214838,-44.847724],[-17.707073,-44.851765],[119.800691,-44.855806],[-102.691545,-44.859848],[34.816219,-44.863889],[172.323983,-44.867931],[-50.168253,-44.871974],[87.339511,-44.876016],[-135.152725,-44.880059],[2.355039,-44.884102],[139.862803,-44.888145],[-82.629433,-44.892189],[54.878331,-44.896233],[-167.613905,-44.900277],[-30.106141,-44.904322],[107.401623,-44.908367],[-115.090613,-44.912412],[22.417151,-44.916457],[159.924915,-44.920503],[-62.567321,-44.924549],[74.940443,-44.928595],[-147.551792,-44.932642],[-10.044028,-44.936688],[127.463736,-44.940736],[-95.0285,-44.944783],[42.479264,-44.948831],[179.987028,-44.952879],[-42.505208,-44.956927],[95.002556,-44.960975],[-127.48968,-44.965024],[10.018084,-44.969073],[147.525848,-44.973123],[-74.966388,-44.977172],[62.541376,-44.981222],[-159.95086,-44.985272],[-22.443096,-44.989323],[115.064668,-44.993374],[-107.427568,-44.997425],[30.080196,-45.001476],[167.58796,-45.005528],[-54.904276,-45.00958],[82.603489,-45.013632],[-139.888747,-45.017685],[-2.380983,-45.021737],[135.126781,-45.025791],[-87.365455,-45.029844],[50.142309,-45.033898],[-172.349927,-45.037952],[-34.842163,-45.042006],[102.665601,-45.04606],[-119.826635,-45.050115],[17.681129,-45.05417],[155.188893,-45.058226],[-67.303343,-45.062281],[70.204421,-45.066337],[-152.287815,-45.070394],[-14.780051,-45.07445],[122.727713,-45.078507],[-99.764523,-45.082564],[37.743241,-45.086622],[175.251005,-45.090679],[-47.24123,-45.094737],[90.266534,-45.098796],[-132.225702,-45.102854],[5.282062,-45.106913],[142.789826,-45.110972],[-79.70241,-45.115032],[57.805354,-45.119091],[-164.686882,-45.123151],[-27.179118,-45.127212],[110.328646,-45.131272],[-112.16359,-45.135333],[25.344174,-45.139394],[162.851938,-45.143456],[-59.640298,-45.147518],[77.867466,-45.15158],[-144.62477,-45.155642],[-7.117006,-45.159705],[130.390758,-45.163767],[-92.101478,-45.167831],[45.406286,-45.171894],[-177.085949,-45.175958],[-39.578185,-45.180022],[97.929579,-45.184086],[-124.562657,-45.188151],[12.945107,-45.192216],[150.452871,-45.196281],[-72.039365,-45.200347],[65.468399,-45.204412],[-157.023837,-45.208479],[-19.516073,-45.212545],[117.991691,-45.216612],[-104.500545,-45.220679],[33.007219,-45.224746],[170.514983,-45.228813],[-51.977253,-45.232881],[85.530511,-45.236949],[-136.961725,-45.241018],[0.546039,-45.245087],[138.053803,-45.249156],[-84.438433,-45.253225],[53.069332,-45.257294],[-169.422904,-45.261364],[-31.91514,-45.265435],[105.592624,-45.269505],[-116.899612,-45.273576],[20.608152,-45.277647],[158.115916,-45.281718],[-64.37632,-45.28579],[73.131444,-45.289862],[-149.360792,-45.293934],[-11.853028,-45.298006],[125.654736,-45.302079],[-96.8375,-45.306152],[40.670264,-45.310226],[178.178028,-45.314299],[-44.314208,-45.318373],[93.193556,-45.322448],[-129.29868,-45.326522],[8.209084,-45.330597],[145.716848,-45.334672],[-76.775387,-45.338748],[60.732377,-45.342823],[-161.759859,-45.3469],[-24.252095,-45.350976],[113.255669,-45.355052],[-109.236567,-45.359129],[28.271197,-45.363207],[165.778961,-45.367284],[-56.713275,-45.371362],[80.794489,-45.37544],[-141.697747,-45.379518],[-4.189983,-45.383597],[133.317781,-45.387676],[-89.174455,-45.391755],[48.333309,-45.395835],[-174.158927,-45.399915],[-36.651163,-45.403995],[100.856601,-45.408075],[-121.635635,-45.412156],[15.872129,-45.416237],[153.379894,-45.420318],[-69.112342,-45.4244],[68.395422,-45.428482],[-154.096814,-45.432564],[-16.58905,-45.436647],[120.918714,-45.440729],[-101.573522,-45.444812],[35.934242,-45.448896],[173.442006,-45.45298],[-49.05023,-45.457064],[88.457534,-45.461148],[-134.034702,-45.465232],[3.473062,-45.469317],[140.980826,-45.473402],[-81.51141,-45.477488],[55.996354,-45.481574],[-166.495882,-45.48566],[-28.988118,-45.489746],[108.519646,-45.493833],[-113.97259,-45.49792],[23.535175,-45.502007],[161.042939,-45.506094],[-61.449297,-45.510182],[76.058467,-45.51427],[-146.433769,-45.518359],[-8.926005,-45.522448],[128.581759,-45.526537],[-93.910477,-45.530626],[43.597287,-45.534716],[-178.894949,-45.538806],[-41.387185,-45.542896],[96.120579,-45.546986],[-126.371657,-45.551077],[11.136107,-45.555168],[148.643871,-45.55926],[-73.848365,-45.563351],[63.659399,-45.567443],[-158.832837,-45.571536],[-21.325073,-45.575628],[116.182691,-45.579721],[-106.309544,-45.583814],[31.19822,-45.587908],[168.705984,-45.592002],[-53.786252,-45.596096],[83.721512,-45.60019],[-138.770724,-45.604285],[-1.26296,-45.60838],[136.244804,-45.612475],[-86.247432,-45.616571],[51.260332,-45.620666],[-171.231904,-45.624763],[-33.72414,-45.628859],[103.783624,-45.632956],[-118.708612,-45.637053],[18.799152,-45.64115],[156.306916,-45.645248],[-66.18532,-45.649346],[71.322444,-45.653444],[-151.169792,-45.657543],[-13.662028,-45.661642],[123.845737,-45.665741],[-98.646499,-45.66984],[38.861265,-45.67394],[176.369029,-45.67804],[-46.123207,-45.682141],[91.384557,-45.686241],[-131.107679,-45.690342],[6.400085,-45.694444],[143.907849,-45.698545],[-78.584387,-45.702647],[58.923377,-45.706749],[-163.568859,-45.710852],[-26.061095,-45.714955],[111.446669,-45.719058],[-111.045567,-45.723161],[26.462197,-45.727265],[163.969961,-45.731369],[-58.522275,-45.735473],[78.985489,-45.739578],[-143.506747,-45.743683],[-5.998982,-45.747788],[131.508782,-45.751893],[-90.983454,-45.755999],[46.52431,-45.760105],[-175.967926,-45.764212],[-38.460162,-45.768318],[99.047602,-45.772425],[-123.444634,-45.776533],[14.06313,-45.78064],[151.570894,-45.784748],[-70.921342,-45.788856],[66.586422,-45.792965],[-155.905814,-45.797074],[-18.39805,-45.801183],[119.109714,-45.805292],[-103.382522,-45.809402],[34.125242,-45.813512],[171.633006,-45.817622],[-50.85923,-45.821733],[86.648534,-45.825844],[-135.843701,-45.829955],[1.664063,-45.834067],[139.171827,-45.838179],[-83.320409,-45.842291],[54.187355,-45.846403],[-168.304881,-45.850516],[-30.797117,-45.854629],[106.710647,-45.858743],[-115.781589,-45.862856],[21.726175,-45.86697],[159.233939,-45.871085],[-63.258297,-45.875199],[74.249467,-45.879314],[-148.242769,-45.883429],[-10.735005,-45.887545],[126.772759,-45.891661],[-95.719477,-45.895777],[41.788287,-45.899893],[179.296051,-45.90401],[-43.196185,-45.908127],[94.31158,-45.912244],[-128.180656,-45.916362],[9.327108,-45.92048],[146.834872,-45.924598],[-75.657364,-45.928717],[61.8504,-45.932836],[-160.641836,-45.936955],[-23.134072,-45.941074],[114.373692,-45.945194],[-108.118544,-45.949314],[29.38922,-45.953435],[166.896984,-45.957555],[-55.595252,-45.961676],[81.912512,-45.965798],[-140.579724,-45.969919],[-3.07196,-45.974041],[134.435804,-45.978163],[-88.056432,-45.982286],[49.451332,-45.986409],[-173.040903,-45.990532],[-35.533139,-45.994655],[101.974625,-45.998779],[-120.517611,-46.002903],[16.990153,-46.007028],[154.497917,-46.011152],[-67.994319,-46.015277],[69.513445,-46.019403],[-152.978791,-46.023528],[-15.471027,-46.027654],[122.036737,-46.031781],[-100.455499,-46.035907],[37.052265,-46.040034],[174.560029,-46.044161],[-47.932207,-46.048289],[89.575557,-46.052416],[-132.916679,-46.056545],[4.591085,-46.060673],[142.098849,-46.064802],[-80.393387,-46.068931],[57.114378,-46.07306],[-165.377858,-46.07719],[-27.870094,-46.08132],[109.63767,-46.08545],[-112.854566,-46.08958],[24.653198,-46.093711],[162.160962,-46.097842],[-60.331274,-46.101974],[77.17649,-46.106106],[-145.315746,-46.110238],[-7.807982,-46.11437],[129.699782,-46.118503],[-92.792454,-46.122636],[44.71531,-46.126769],[-177.776926,-46.130903],[-40.269162,-46.135037],[97.238602,-46.139171],[-125.253634,-46.143306],[12.25413,-46.147441],[149.761894,-46.151576],[-72.730341,-46.155712],[64.777423,-46.159847],[-157.714813,-46.163984],[-20.207049,-46.16812],[117.300715,-46.172257],[-105.191521,-46.176394],[32.316243,-46.180531],[169.824007,-46.184669],[-52.668229,-46.188807],[84.839535,-46.192945],[-137.652701,-46.197084],[-0.144937,-46.201223],[137.362827,-46.205362],[-85.129409,-46.209502],[52.378355,-46.213642],[-170.113881,-46.217782],[-32.606117,-46.221922],[104.901647,-46.226063],[-117.590589,-46.230204],[19.917175,-46.234346],[157.42494,-46.238487],[-65.067296,-46.242629],[72.440468,-46.246772],[-150.051768,-46.250915],[-12.544004,-46.255058],[124.96376,-46.259201],[-97.528476,-46.263345],[39.979288,-46.267488],[177.487052,-46.271633],[-45.005184,-46.275777],[92.50258,-46.279922],[-129.989656,-46.284067],[7.518108,-46.288213],[145.025872,-46.292359],[-77.466364,-46.296505],[60.0414,-46.300651],[-162.450836,-46.304798],[-24.943072,-46.308945],[112.564692,-46.313093],[-109.927544,-46.31724],[27.580221,-46.321388],[165.087985,-46.325537],[-57.404251,-46.329685],[80.103513,-46.333834],[-142.388723,-46.337984],[-4.880959,-46.342133],[132.626805,-46.346283],[-89.865431,-46.350433],[47.642333,-46.354584],[-174.849903,-46.358735],[-37.342139,-46.362886],[100.165625,-46.367037],[-122.326611,-46.371189],[15.181153,-46.375341],[152.688917,-46.379494],[-69.803319,-46.383647],[67.704445,-46.3878],[-154.787791,-46.391953],[-17.280027,-46.396107],[120.227737,-46.400261],[-102.264498,-46.404415],[35.243266,-46.40857],[172.75103,-46.412725],[-49.741206,-46.41688],[87.766558,-46.421036],[-134.725678,-46.425192],[2.782086,-46.429348],[140.28985,-46.433504],[-82.202386,-46.437661],[55.305378,-46.441818],[-167.186858,-46.445976],[-29.679094,-46.450134],[107.82867,-46.454292],[-114.663566,-46.45845],[22.844198,-46.462609],[160.351962,-46.466768],[-62.140274,-46.470928],[75.36749,-46.475087],[-147.124746,-46.479247],[-9.616982,-46.483408],[127.890783,-46.487568],[-94.601453,-46.491729],[42.906311,-46.495891],[-179.585925,-46.500052],[-42.078161,-46.504214],[95.429603,-46.508377],[-127.062633,-46.512539],[10.445131,-46.516702],[147.952895,-46.520865],[-74.539341,-46.525029],[62.968423,-46.529193],[-159.523813,-46.533357],[-22.016049,-46.537521],[115.491715,-46.541686],[-107.000521,-46.545851],[30.507243,-46.550017],[168.015007,-46.554183],[-54.477229,-46.558349],[83.030535,-46.562515],[-139.461701,-46.566682],[-1.953936,-46.570849],[135.553828,-46.575016],[-86.938408,-46.579184],[50.569356,-46.583352],[-171.92288,-46.58752],[-34.415116,-46.591689],[103.092648,-46.595858],[-119.399588,-46.600027],[18.108176,-46.604197],[155.61594,-46.608367],[-66.876296,-46.612537],[70.631468,-46.616708],[-151.860768,-46.620879],[-14.353004,-46.62505],[123.15476,-46.629222],[-99.337476,-46.633393],[38.170288,-46.637566],[175.678052,-46.641738],[-46.814184,-46.645911],[90.69358,-46.650084],[-131.798655,-46.654258],[5.709109,-46.658431],[143.216873,-46.662606],[-79.275363,-46.66678],[58.232401,-46.670955],[-164.259835,-46.67513],[-26.752071,-46.679305],[110.755693,-46.683481],[-111.736543,-46.687657],[25.771221,-46.691834],[163.278985,-46.69601],[-59.213251,-46.700187],[78.294513,-46.704365],[-144.197723,-46.708542],[-6.689959,-46.71272],[130.817805,-46.716899],[-91.674431,-46.721077],[45.833333,-46.725256],[-176.658903,-46.729436],[-39.151139,-46.733615],[98.356626,-46.737795],[-124.13561,-46.741975],[13.372154,-46.746156],[150.879918,-46.750337],[-71.612318,-46.754518],[65.895446,-46.7587],[-156.59679,-46.762882],[-19.089026,-46.767064],[118.418738,-46.771246],[-104.073498,-46.775429],[33.434266,-46.779613],[170.94203,-46.783796],[-51.550206,-46.78798],[85.957558,-46.792164],[-136.534678,-46.796349],[0.973086,-46.800533],[138.48085,-46.804719],[-84.011386,-46.808904],[53.496378,-46.81309],[-168.995858,-46.817276],[-31.488093,-46.821462],[106.019671,-46.825649],[-116.472565,-46.829836],[21.035199,-46.834024],[158.542963,-46.838211],[-63.949273,-46.842399],[73.558491,-46.846588],[-148.933745,-46.850777],[-11.425981,-46.854966],[126.081783,-46.859155],[-96.410453,-46.863345],[41.097311,-46.867535],[178.605075,-46.871725],[-43.887161,-46.875916],[93.620603,-46.880107],[-128.871633,-46.884298],[8.636131,-46.88849],[146.143895,-46.892682],[-76.348341,-46.896874],[61.159423,-46.901067],[-161.332812,-46.90526],[-23.825048,-46.909453],[113.682716,-46.913647],[-108.80952,-46.917841],[28.698244,-46.922035],[166.206008,-46.92623],[-56.286228,-46.930425],[81.221536,-46.93462],[-141.2707,-46.938816],[-3.762936,-46.943012],[133.744828,-46.947208],[-88.747408,-46.951404],[48.760356,-46.955601],[-173.73188,-46.959799],[-36.224116,-46.963996],[101.283648,-46.968194],[-121.208588,-46.972392],[16.299176,-46.976591],[153.80694,-46.98079],[-68.685296,-46.984989],[68.822469,-46.989189],[-153.669767,-46.993389],[-16.162003,-46.997589],[121.345761,-47.001789],[-101.146475,-47.00599],[36.361289,-47.010191],[173.869053,-47.014393],[-48.623183,-47.018595],[88.884581,-47.022797],[-133.607655,-47.027],[3.900109,-47.031202],[141.407873,-47.035406],[-81.084363,-47.039609],[56.423401,-47.043813],[-166.068835,-47.048017],[-28.561071,-47.052222],[108.946693,-47.056427],[-113.545543,-47.060632],[23.962221,-47.064837],[161.469985,-47.069043],[-61.02225,-47.073249],[76.485514,-47.077456],[-146.006722,-47.081663],[-8.498958,-47.08587],[129.008806,-47.090077],[-93.48343,-47.094285],[44.024334,-47.098493],[-178.467902,-47.102702],[-40.960138,-47.106911],[96.547626,-47.11112],[-125.94461,-47.11533],[11.563154,-47.119539],[149.070918,-47.12375],[-73.421318,-47.12796],[64.086446,-47.132171],[-158.40579,-47.136382],[-20.898026,-47.140594],[116.609738,-47.144805],[-105.882498,-47.149018],[31.625266,-47.15323],[169.133031,-47.157443],[-53.359205,-47.161656],[84.148559,-47.16587],[-138.343677,-47.170083],[-0.835913,-47.174298],[136.671851,-47.178512],[-85.820385,-47.182727],[51.687379,-47.186942],[-170.804857,-47.191158],[-33.297093,-47.195374],[104.210671,-47.19959],[-118.281565,-47.203806],[19.226199,-47.208023],[156.733963,-47.21224],[-65.758273,-47.216458],[71.749491,-47.220676],[-150.742745,-47.224894],[-13.234981,-47.229113],[124.272783,-47.233331],[-98.219453,-47.237551],[39.288312,-47.24177],[176.796076,-47.24599],[-45.69616,-47.25021],[91.811604,-47.254431],[-130.680632,-47.258652],[6.827132,-47.262873],[144.334896,-47.267094],[-78.15734,-47.271316],[59.350424,-47.275539],[-163.141812,-47.279761],[-25.634048,-47.283984],[111.873716,-47.288207],[-110.61852,-47.292431],[26.889244,-47.296655],[164.397008,-47.300879],[-58.095228,-47.305104],[79.412536,-47.309329],[-143.0797,-47.313554],[-5.571936,-47.317779],[131.935828,-47.322005],[-90.556407,-47.326232],[46.951357,-47.330458],[-175.540879,-47.334685],[-38.033115,-47.338913],[99.474649,-47.34314],[-123.017587,-47.347368],[14.490177,-47.351597],[151.997941,-47.355825],[-70.494295,-47.360054],[67.013469,-47.364284],[-155.478767,-47.368513],[-17.971003,-47.372743],[119.536761,-47.376974],[-102.955475,-47.381204],[34.552289,-47.385435],[172.060053,-47.389667],[-50.432183,-47.393898],[87.075581,-47.39813],[-135.416655,-47.402363],[2.091109,-47.406596],[139.598874,-47.410829],[-82.893362,-47.415062],[54.614402,-47.419296],[-167.877834,-47.42353],[-30.37007,-47.427764],[107.137694,-47.431999],[-115.354542,-47.436234],[22.153222,-47.44047],[159.660986,-47.444705],[-62.83125,-47.448942],[74.676514,-47.453178],[-147.815722,-47.457415],[-10.307958,-47.461652],[127.199806,-47.46589],[-95.29243,-47.470127],[42.215334,-47.474366],[179.723098,-47.478604],[-42.769138,-47.482843],[94.738626,-47.487082],[-127.75361,-47.491322],[9.754155,-47.495562],[147.261919,-47.499802],[-75.230317,-47.504042],[62.277447,-47.508283],[-160.214789,-47.512525],[-22.707025,-47.516766],[114.800739,-47.521008],[-107.691497,-47.52525],[29.816267,-47.529493],[167.324031,-47.533736],[-55.168205,-47.537979],[82.339559,-47.542223],[-140.152677,-47.546467],[-2.644913,-47.550711],[134.862851,-47.554956],[-87.629385,-47.559201],[49.878379,-47.563447],[-172.613857,-47.567692],[-35.106093,-47.571938],[102.401671,-47.576185],[-120.090564,-47.580432],[17.4172,-47.584679],[154.924964,-47.588926],[-67.567272,-47.593174],[69.940492,-47.597422],[-152.551744,-47.60167],[-15.04398,-47.605919],[122.463784,-47.610168],[-100.028452,-47.614418],[37.479312,-47.618668],[174.987076,-47.622918],[-47.50516,-47.627169],[90.002604,-47.63142],[-132.489632,-47.635671],[5.018132,-47.639922],[142.525896,-47.644174],[-79.96634,-47.648427],[57.541424,-47.652679],[-164.950812,-47.656932],[-27.443048,-47.661186],[110.064717,-47.665439],[-112.427519,-47.669693],[25.080245,-47.673948],[162.588009,-47.678202],[-59.904227,-47.682457],[77.603537,-47.686713],[-144.888699,-47.690969],[-7.380935,-47.695225],[130.126829,-47.699481],[-92.365407,-47.703738],[45.142357,-47.707995],[-177.349879,-47.712253],[-39.842115,-47.71651],[97.665649,-47.720769],[-124.826587,-47.725027],[12.681177,-47.729286],[150.188941,-47.733545],[-72.303295,-47.737805],[65.204469,-47.742065],[-157.287767,-47.746325],[-19.780002,-47.750586],[117.727762,-47.754847],[-104.764474,-47.759108],[32.74329,-47.76337],[170.251054,-47.767632],[-52.241182,-47.771894],[85.266582,-47.776157],[-137.225654,-47.78042],[0.28211,-47.784683],[137.789874,-47.788947],[-84.702362,-47.793211],[52.805402,-47.797476],[-169.686834,-47.80174],[-32.17907,-47.806006],[105.328694,-47.810271],[-117.163542,-47.814537],[20.344222,-47.818803],[157.851986,-47.82307],[-64.64025,-47.827337],[72.867514,-47.831604],[-149.624721,-47.835872],[-12.116957,-47.84014],[125.390807,-47.844408],[-97.101429,-47.848677],[40.406335,-47.852946],[177.914099,-47.857215],[-44.578137,-47.861485],[92.929627,-47.865755],[-129.562609,-47.870025],[7.945155,-47.874296],[145.452919,-47.878567],[-77.039317,-47.882839],[60.468447,-47.88711],[-162.023789,-47.891383],[-24.516025,-47.895655],[112.991739,-47.899928],[-109.500497,-47.904201],[28.007267,-47.908475],[165.515031,-47.912749],[-56.977205,-47.917023],[80.53056,-47.921298],[-141.961676,-47.925573],[-4.453912,-47.929848],[133.053852,-47.934124],[-89.438384,-47.9384],[48.06938,-47.942677],[-174.422856,-47.946953],[-36.915092,-47.95123],[100.592672,-47.955508],[-121.899564,-47.959786],[15.6082,-47.964064],[153.115964,-47.968343],[-69.376272,-47.972622],[68.131492,-47.976901],[-154.360744,-47.98118],[-16.85298,-47.98546],[120.654784,-47.989741],[-101.837452,-47.994021],[35.670312,-47.998302],[173.178076,-48.002584],[-49.314159,-48.006866],[88.193605,-48.011148],[-134.298631,-48.01543],[3.209133,-48.019713],[140.716897,-48.023996],[-81.775339,-48.02828],[55.732425,-48.032564],[-166.759811,-48.036848],[-29.252047,-48.041132],[108.255717,-48.045417],[-114.236519,-48.049703],[23.271245,-48.053988],[160.779009,-48.058274],[-61.713227,-48.062561],[75.794537,-48.066847],[-146.697699,-48.071135],[-9.189935,-48.075422],[128.317829,-48.07971],[-94.174407,-48.083998],[43.333357,-48.088287],[-179.158878,-48.092575],[-41.651114,-48.096865],[95.85665,-48.101154],[-126.635586,-48.105444],[10.872178,-48.109735],[148.379942,-48.114025],[-74.112294,-48.118316],[63.39547,-48.122608],[-159.096766,-48.126899],[-21.589002,-48.131191],[115.918762,-48.135484],[-106.573474,-48.139777],[30.93429,-48.14407],[168.442054,-48.148363],[-54.050182,-48.152657],[83.457582,-48.156952],[-139.034654,-48.161246],[-1.52689,-48.165541],[135.980874,-48.169837],[-86.511362,-48.174132],[50.996403,-48.178428],[-171.495833,-48.182725],[-33.988069,-48.187022],[103.519695,-48.191319],[-118.972541,-48.195616],[18.535223,-48.199914],[156.042987,-48.204212],[-66.449249,-48.208511],[71.058515,-48.21281],[-151.433721,-48.217109],[-13.925957,-48.221409],[123.581807,-48.225709],[-98.910429,-48.230009],[38.597335,-48.23431],[176.105099,-48.238611],[-46.387137,-48.242913],[91.120627,-48.247214],[-131.371609,-48.251517],[6.136155,-48.255819],[143.643919,-48.260122],[-78.848316,-48.264425],[58.659448,-48.268729],[-163.832788,-48.273033],[-26.325024,-48.277337],[111.18274,-48.281642],[-111.309496,-48.285947],[26.198268,-48.290253],[163.706032,-48.294558],[-58.786204,-48.298865],[78.72156,-48.303171],[-143.770676,-48.307478],[-6.262912,-48.311785],[131.244852,-48.316093],[-91.247384,-48.320401],[46.26038,-48.324709],[-176.231856,-48.329018],[-38.724092,-48.333327],[98.783672,-48.337637],[-123.708564,-48.341946],[13.7992,-48.346257],[151.306965,-48.350567],[-71.185271,-48.354878],[66.322493,-48.359189],[-156.169743,-48.363501],[-18.661979,-48.367813],[118.845785,-48.372125],[-103.646451,-48.376438],[33.861313,-48.380751],[171.369077,-48.385065],[-51.123159,-48.389379],[86.384605,-48.393693],[-136.107631,-48.398007],[1.400133,-48.402322],[138.907897,-48.406638],[-83.584339,-48.410953],[53.923425,-48.415269],[-168.568811,-48.419586],[-31.061047,-48.423902],[106.446717,-48.42822],[-116.045519,-48.432537],[21.462246,-48.436855],[158.97001,-48.441173],[-63.522226,-48.445492],[73.985538,-48.449811],[-148.506698,-48.45413],[-10.998934,-48.45845],[126.50883,-48.46277],[-95.983406,-48.46709],[41.524358,-48.471411],[179.032122,-48.475732],[-43.460114,-48.480054],[94.04765,-48.484376],[-128.444586,-48.488698],[9.063178,-48.493021],[146.570942,-48.497344],[-75.921294,-48.501667],[61.58647,-48.505991],[-160.905766,-48.510315],[-23.398002,-48.514639],[114.109762,-48.518964],[-108.382473,-48.52329],[29.125291,-48.527615],[166.633055,-48.531941],[-55.859181,-48.536267],[81.648583,-48.540594],[-140.843653,-48.544921],[-3.335889,-48.549249],[134.171875,-48.553576],[-88.320361,-48.557905],[49.187403,-48.562233],[-173.304833,-48.566562],[-35.797069,-48.570891],[101.710695,-48.575221],[-120.781541,-48.579551],[16.726223,-48.583882],[154.233987,-48.588212],[-68.258249,-48.592544],[69.249515,-48.596875],[-153.242721,-48.601207],[-15.734957,-48.605539],[121.772808,-48.609872],[-100.719428,-48.614205],[36.788336,-48.618538],[174.2961,-48.622872],[-48.196136,-48.627206],[89.311628,-48.631541],[-133.180608,-48.635875],[4.327156,-48.640211],[141.83492,-48.644546],[-80.657316,-48.648882],[56.850448,-48.653219],[-165.641788,-48.657555],[-28.134024,-48.661893],[109.37374,-48.66623],[-113.118496,-48.670568],[24.389268,-48.674906],[161.897032,-48.679245],[-60.595204,-48.683584],[76.91256,-48.687923],[-145.579676,-48.692263],[-8.071911,-48.696603],[129.435853,-48.700943],[-93.056383,-48.705284],[44.451381,-48.709625],[-178.040855,-48.713967],[-40.533091,-48.718309],[96.974673,-48.722651],[-125.517563,-48.726994],[11.990201,-48.731337],[149.497965,-48.735681],[-72.994271,-48.740024],[64.513493,-48.744369],[-157.978743,-48.748713],[-20.470979,-48.753058],[117.036785,-48.757404],[-105.455451,-48.761749],[32.052313,-48.766095],[169.560077,-48.770442],[-52.932159,-48.774789],[84.575605,-48.779136],[-137.91663,-48.783484],[-0.408866,-48.787832],[137.098898,-48.79218],[-85.393338,-48.796529],[52.114426,-48.800878],[-170.37781,-48.805227],[-32.870046,-48.809577],[104.637718,-48.813927],[-117.854518,-48.818278],[19.653246,-48.822629],[157.16101,-48.82698],[-65.331226,-48.831332],[72.176538,-48.835684],[-150.315698,-48.840037],[-12.807934,-48.84439],[124.69983,-48.848743],[-97.792406,-48.853097],[39.715358,-48.857451],[177.223122,-48.861805],[-45.269114,-48.86616],[92.238651,-48.870515],[-130.253585,-48.874871],[7.254179,-48.879226],[144.761943,-48.883583],[-77.730293,-48.887939],[59.777471,-48.892296],[-162.714765,-48.896654],[-25.207001,-48.901012],[112.300763,-48.90537],[-110.191473,-48.909728],[27.316291,-48.914087],[164.824055,-48.918447],[-57.668181,-48.922807],[79.839583,-48.927167],[-142.652653,-48.931527],[-5.144889,-48.935888],[132.362875,-48.940249],[-90.129361,-48.944611],[47.378403,-48.948973],[-175.113833,-48.953335],[-37.606068,-48.957698],[99.901696,-48.962061],[-122.59054,-48.966425],[14.917224,-48.970789],[152.424988,-48.975153],[-70.067248,-48.979518],[67.440516,-48.983883],[-155.05172,-48.988248],[-17.543956,-48.992614],[119.963808,-48.99698],[-102.528428,-49.001347],[34.979336,-49.005714],[172.4871,-49.010081],[-50.005136,-49.014449],[87.502628,-49.018817],[-134.989608,-49.023185],[2.518156,-49.027554],[140.02592,-49.031924],[-82.466316,-49.036293],[55.041448,-49.040663],[-167.450787,-49.045034],[-29.943023,-49.049404],[107.564741,-49.053776],[-114.927495,-49.058147],[22.580269,-49.062519],[160.088033,-49.066892],[-62.404203,-49.071264],[75.103561,-49.075637],[-147.388675,-49.080011],[-9.880911,-49.084385],[127.626853,-49.088759],[-94.865383,-49.093134],[42.642381,-49.097509],[-179.849855,-49.101884],[-42.342091,-49.10626],[95.165673,-49.110636],[-127.326563,-49.115013],[10.181201,-49.11939],[147.688965,-49.123767],[-74.803271,-49.128145],[62.704494,-49.132523],[-159.787742,-49.136902],[-22.279978,-49.14128],[115.227786,-49.14566],[-107.26445,-49.150039],[30.243314,-49.154419],[167.751078,-49.1588],[-54.741158,-49.163181],[82.766606,-49.167562],[-139.72563,-49.171944],[-2.217866,-49.176326],[135.289898,-49.180708],[-87.202338,-49.185091],[50.305426,-49.189474],[-172.18681,-49.193857],[-34.679046,-49.198241],[102.828718,-49.202626],[-119.663518,-49.20701],[17.844246,-49.211396],[155.35201,-49.215781],[-67.140225,-49.220167],[70.367539,-49.224553],[-152.124697,-49.22894],[-14.616933,-49.233327],[122.890831,-49.237714],[-99.601405,-49.242102],[37.906359,-49.246491],[175.414123,-49.250879],[-47.078113,-49.255268],[90.429651,-49.259658],[-132.062585,-49.264047],[5.445179,-49.268437],[142.952943,-49.272828],[-79.539293,-49.277219],[57.968471,-49.28161],[-164.523765,-49.286002],[-27.016001,-49.290394],[110.491763,-49.294787],[-112.000473,-49.29918],[25.507291,-49.303573],[163.015056,-49.307967],[-59.47718,-49.312361],[78.030584,-49.316755],[-144.461652,-49.32115],[-6.953888,-49.325545],[130.553876,-49.329941],[-91.93836,-49.334337],[45.569404,-49.338734],[-176.922832,-49.34313],[-39.415068,-49.347528],[98.092696,-49.351925],[-124.39954,-49.356323],[13.108224,-49.360722],[150.615988,-49.365121],[-71.876248,-49.36952],[65.631516,-49.373919],[-156.86072,-49.378319],[-19.352956,-49.38272],[118.154808,-49.38712],[-104.337428,-49.391522],[33.170337,-49.395923],[170.678101,-49.400325],[-51.814135,-49.404727],[85.693629,-49.40913],[-136.798607,-49.413533],[0.709157,-49.417937],[138.216921,-49.422341],[-84.275315,-49.426745],[53.232449,-49.43115],[-169.259787,-49.435555],[-31.752023,-49.43996],[105.755741,-49.444366],[-116.736495,-49.448773],[20.771269,-49.453179],[158.279033,-49.457587],[-64.213203,-49.461994],[73.294561,-49.466402],[-149.197675,-49.47081],[-11.689911,-49.475219],[125.817853,-49.479628],[-96.674382,-49.484037],[40.833382,-49.488447],[178.341146,-49.492858],[-44.15109,-49.497268],[93.356674,-49.501679],[-129.135562,-49.506091],[8.372202,-49.510503],[145.879966,-49.514915],[-76.61227,-49.519328],[60.895494,-49.523741],[-161.596742,-49.528154],[-24.088978,-49.532568],[113.418786,-49.536982],[-109.07345,-49.541397],[28.434314,-49.545812],[165.942078,-49.550227],[-56.550158,-49.554643],[80.957606,-49.559059],[-141.53463,-49.563476],[-4.026866,-49.567893],[133.480899,-49.572311],[-89.011337,-49.576728],[48.496427,-49.581147],[-173.995809,-49.585565],[-36.488045,-49.589984],[101.019719,-49.594404],[-121.472517,-49.598824],[16.035247,-49.603244],[153.543011,-49.607664],[-68.949225,-49.612086],[68.558539,-49.616507],[-153.933697,-49.620929],[-16.425933,-49.625351],[121.081831,-49.629774],[-101.410405,-49.634197],[36.097359,-49.63862],[173.605123,-49.643044],[-48.887113,-49.647468],[88.620651,-49.651893],[-133.871585,-49.656318],[3.63618,-49.660744],[141.143944,-49.665169],[-81.348292,-49.669596],[56.159472,-49.674022],[-166.332764,-49.678449],[-28.825,-49.682877],[108.682764,-49.687305],[-113.809472,-49.691733],[23.698292,-49.696162],[161.206056,-49.700591],[-61.28618,-49.70502],[76.221584,-49.70945],[-146.270652,-49.713881],[-8.762888,-49.718311],[128.744876,-49.722742],[-93.74736,-49.727174],[43.760404,-49.731606],[-178.731832,-49.736038],[-41.224068,-49.740471],[96.283696,-49.744904],[-126.208539,-49.749338],[11.299225,-49.753772],[148.806989,-49.758206],[-73.685247,-49.762641],[63.822517,-49.767076],[-158.669719,-49.771511],[-21.161955,-49.775947],[116.345809,-49.780384],[-106.146427,-49.784821],[31.361337,-49.789258],[168.869101,-49.793695],[-53.623135,-49.798133],[83.884629,-49.802572],[-138.607607,-49.807011],[-1.099843,-49.81145],[136.407921,-49.815889],[-86.084315,-49.82033],[51.423449,-49.82477],[-171.068787,-49.829211],[-33.561023,-49.833652],[103.946742,-49.838094],[-118.545494,-49.842536],[18.96227,-49.846978],[156.470034,-49.851421],[-66.022202,-49.855865],[71.485562,-49.860308],[-151.006674,-49.864752],[-13.49891,-49.869197],[124.008854,-49.873642],[-98.483382,-49.878087],[39.024382,-49.882533],[176.532146,-49.886979],[-45.96009,-49.891426],[91.547674,-49.895873],[-130.944562,-49.90032],[6.563202,-49.904768],[144.070966,-49.909216],[-78.42127,-49.913665],[59.086494,-49.918114],[-163.405742,-49.922563],[-25.897977,-49.927013],[111.609787,-49.931463],[-110.882449,-49.935914],[26.625315,-49.940365],[164.133079,-49.944817],[-58.359157,-49.949269],[79.148607,-49.953721],[-143.343629,-49.958174],[-5.835865,-49.962627],[131.671899,-49.96708],[-90.820337,-49.971534],[46.687427,-49.975989],[-175.804809,-49.980444],[-38.297045,-49.984899],[99.210719,-49.989354],[-123.281517,-49.99381],[14.226247,-49.998267],[151.734011,-50.002724],[-70.758225,-50.007181],[66.749539,-50.011639],[-155.742696,-50.016097],[-18.234932,-50.020555],[119.272832,-50.025014],[-103.219404,-50.029474],[34.28836,-50.033933],[171.796124,-50.038394],[-50.696112,-50.042854],[86.811652,-50.047315],[-135.680584,-50.051777],[1.82718,-50.056238],[139.334944,-50.060701],[-83.157292,-50.065163],[54.350472,-50.069626],[-168.141764,-50.07409],[-30.634,-50.078554],[106.873764,-50.083018],[-115.618472,-50.087483],[21.889292,-50.091948],[159.397056,-50.096414],[-63.09518,-50.10088],[74.412585,-50.105346],[-148.079651,-50.109813],[-10.571887,-50.11428],[126.935877,-50.118748],[-95.556359,-50.123216],[41.951405,-50.127684],[179.459169,-50.132153],[-43.033067,-50.136623],[94.474697,-50.141092],[-128.017539,-50.145563],[9.490225,-50.150033],[146.997989,-50.154504],[-75.494247,-50.158975],[62.013517,-50.163447],[-160.478719,-50.16792],[-22.970955,-50.172392],[114.536809,-50.176865],[-107.955427,-50.181339],[29.552337,-50.185813],[167.060101,-50.190287],[-55.432134,-50.194762],[82.07563,-50.199237],[-140.416606,-50.203713],[-2.908842,-50.208189],[134.598922,-50.212665],[-87.893314,-50.217142],[49.61445,-50.221619],[-172.877786,-50.226097],[-35.370022,-50.230575],[102.137742,-50.235054],[-120.354494,-50.239533],[17.15327,-50.244012],[154.661034,-50.248492],[-67.831202,-50.252972],[69.676562,-50.257453],[-152.815674,-50.261934],[-15.30791,-50.266415],[122.199854,-50.270897],[-100.292382,-50.27538],[37.215382,-50.279862],[174.723147,-50.284345],[-47.769089,-50.288829],[89.738675,-50.293313],[-132.753561,-50.297798],[4.754203,-50.302282],[142.261967,-50.306768],[-80.230269,-50.311253],[57.277495,-50.31574],[-165.214741,-50.320226],[-27.706977,-50.324713],[109.800787,-50.329201],[-112.691449,-50.333688],[24.816315,-50.338177],[162.324079,-50.342665],[-60.168157,-50.347154],[77.339607,-50.351644],[-145.152629,-50.356134],[-7.644865,-50.360624],[129.862899,-50.365115],[-92.629337,-50.369606],[44.878428,-50.374098],[-177.613808,-50.37859],[-40.106044,-50.383083],[97.40172,-50.387575],[-125.090516,-50.392069],[12.417248,-50.396563],[149.925012,-50.401057],[-72.567224,-50.405551],[64.94054,-50.410047],[-157.551696,-50.414542],[-20.043932,-50.419038],[117.463832,-50.423534],[-105.028404,-50.428031],[32.47936,-50.432528],[169.987124,-50.437026],[-52.505112,-50.441524],[85.002652,-50.446022],[-137.489584,-50.450521],[0.01818,-50.455021],[137.525944,-50.45952],[-84.966291,-50.464021],[52.541473,-50.468521],[-169.950763,-50.473022],[-32.442999,-50.477524],[105.064765,-50.482026],[-117.427471,-50.486528],[20.080293,-50.491031],[157.588057,-50.495534],[-64.904179,-50.500038],[72.603585,-50.504542],[-149.888651,-50.509046],[-12.380887,-50.513551],[125.126877,-50.518056],[-97.365359,-50.522562],[40.142405,-50.527068],[177.650169,-50.531575],[-44.842067,-50.536082],[92.665697,-50.540589],[-129.826539,-50.545097],[7.681225,-50.549606],[145.18899,-50.554115],[-77.303246,-50.558624],[60.204518,-50.563133],[-162.287718,-50.567643],[-24.779954,-50.572154],[112.72781,-50.576665],[-109.764426,-50.581176],[27.743338,-50.585688],[165.251102,-50.5902],[-57.241134,-50.594713],[80.26663,-50.599226],[-142.225606,-50.60374],[-4.717842,-50.608254],[132.789922,-50.612768],[-89.702314,-50.617283],[47.80545,-50.621798],[-174.686786,-50.626314],[-37.179022,-50.63083],[100.328742,-50.635347],[-122.163494,-50.639864],[15.344271,-50.644381],[152.852035,-50.648899],[-69.640201,-50.653417],[67.867563,-50.657936],[-154.624673,-50.662455],[-17.116909,-50.666975],[120.390855,-50.671495],[-102.101381,-50.676015],[35.406383,-50.680536],[172.914147,-50.685057],[-49.578089,-50.689579],[87.929675,-50.694101],[-134.562561,-50.698624],[2.945203,-50.703147],[140.452967,-50.707671],[-82.039269,-50.712195],[55.468495,-50.716719],[-167.023741,-50.721244],[-29.515977,-50.725769],[107.991787,-50.730295],[-114.500448,-50.734821],[23.007316,-50.739348],[160.51508,-50.743875],[-61.977156,-50.748402],[75.530608,-50.75293],[-146.961628,-50.757458],[-9.453864,-50.761987],[128.0539,-50.766516],[-94.438336,-50.771046],[43.069428,-50.775576],[-179.422808,-50.780107],[-41.915044,-50.784638],[95.59272,-50.789169],[-126.899516,-50.793701],[10.608248,-50.798233],[148.116012,-50.802766],[-74.376224,-50.807299],[63.13154,-50.811833],[-159.360696,-50.816367],[-21.852932,-50.820901],[115.654833,-50.825436],[-106.837403,-50.829972],[30.670361,-50.834507],[168.178125,-50.839044],[-54.314111,-50.84358],[83.193653,-50.848118],[-139.298583,-50.852655],[-1.790819,-50.857193],[135.716945,-50.861732],[-86.775291,-50.866271],[50.732473,-50.87081],[-171.759763,-50.87535],[-34.251999,-50.87989],[103.255765,-50.884431],[-119.236471,-50.888972],[18.271293,-50.893513],[155.779057,-50.898055],[-66.713179,-50.902598],[70.794585,-50.907141],[-151.697651,-50.911684],[-14.189886,-50.916228],[123.317878,-50.920772],[-99.174358,-50.925317],[38.333406,-50.929862],[175.84117,-50.934407],[-46.651066,-50.938953],[90.856698,-50.9435],[-131.635538,-50.948047],[5.872226,-50.952594],[143.37999,-50.957142],[-79.112246,-50.96169],[58.395518,-50.966239],[-164.096718,-50.970788],[-26.588954,-50.975337],[110.91881,-50.979887],[-111.573426,-50.984438],[25.934338,-50.988989],[163.442102,-50.99354],[-59.050134,-50.998092],[78.45763,-51.002644],[-144.034605,-51.007197],[-6.526841,-51.01175],[130.980923,-51.016303],[-91.511313,-51.020857],[45.996451,-51.025412],[-176.495785,-51.029967],[-38.988021,-51.034522],[98.519743,-51.039078],[-123.972493,-51.043634],[13.535271,-51.048191],[151.043035,-51.052748],[-71.449201,-51.057306],[66.058563,-51.061864],[-156.433673,-51.066422],[-18.925909,-51.070981],[118.581855,-51.07554],[-103.910381,-51.0801],[33.597383,-51.084661],[171.105147,-51.089221],[-51.387089,-51.093782],[86.120676,-51.098344],[-136.37156,-51.102906],[1.136204,-51.107469],[138.643968,-51.112032],[-83.848268,-51.116595],[53.659496,-51.121159],[-168.83274,-51.125723],[-31.324976,-51.130288],[106.182788,-51.134854],[-116.309448,-51.139419],[21.198316,-51.143985],[158.70608,-51.148552],[-63.786156,-51.153119],[73.721608,-51.157687],[-148.770628,-51.162255],[-11.262864,-51.166823],[126.2449,-51.171392],[-96.247336,-51.175961],[41.260428,-51.180531],[178.768192,-51.185101],[-43.724043,-51.189672],[93.783721,-51.194243],[-128.708515,-51.198815],[8.799249,-51.203387],[146.307013,-51.207959],[-76.185223,-51.212532],[61.322541,-51.217105],[-161.169695,-51.221679],[-23.661931,-51.226254],[113.845833,-51.230828],[-108.646403,-51.235404],[28.861361,-51.239979],[166.369125,-51.244555],[-56.123111,-51.249132],[81.384653,-51.253709],[-141.107583,-51.258286],[-3.599819,-51.262864],[133.907945,-51.267443],[-88.584291,-51.272022],[48.923473,-51.276601],[-173.568762,-51.281181],[-36.060998,-51.285761],[101.446766,-51.290342],[-121.04547,-51.294923],[16.462294,-51.299504],[153.970058,-51.304087],[-68.522178,-51.308669],[68.985586,-51.313252],[-153.50665,-51.317835],[-15.998886,-51.322419],[121.508878,-51.327004],[-100.983358,-51.331589],[36.524406,-51.336174],[174.03217,-51.34076],[-48.460066,-51.345346],[89.047698,-51.349932],[-133.444538,-51.354519],[4.063226,-51.359107],[141.57099,-51.363695],[-80.921246,-51.368284],[56.586519,-51.372872],[-165.905717,-51.377462],[-28.397953,-51.382052],[109.109811,-51.386642],[-113.382425,-51.391233],[24.125339,-51.395824],[161.633103,-51.400416],[-60.859133,-51.405008],[76.648631,-51.409601],[-145.843605,-51.414194],[-8.335841,-51.418787],[129.171923,-51.423381],[-93.320313,-51.427976],[44.187451,-51.432571],[-178.304785,-51.437166],[-40.797021,-51.441762],[96.710743,-51.446358],[-125.781493,-51.450955],[11.726271,-51.455552],[149.234035,-51.46015],[-73.2582,-51.464748],[64.249564,-51.469347],[-158.242672,-51.473946],[-20.734908,-51.478545],[116.772856,-51.483145],[-105.71938,-51.487746],[31.788384,-51.492347],[169.296148,-51.496948],[-53.196088,-51.50155],[84.311676,-51.506153],[-138.18056,-51.510755],[-0.672796,-51.515359],[136.834968,-51.519962],[-85.657268,-51.524567],[51.850496,-51.529171],[-170.64174,-51.533776],[-33.133976,-51.538382],[104.373788,-51.542988],[-118.118448,-51.547595],[19.389316,-51.552202],[156.897081,-51.556809],[-65.595155,-51.561417],[71.912609,-51.566026],[-150.579627,-51.570634],[-13.071863,-51.575244],[124.435901,-51.579854],[-98.056335,-51.584464],[39.451429,-51.589075],[176.959193,-51.593686],[-45.533043,-51.598297],[91.974721,-51.60291],[-130.517515,-51.607522],[6.990249,-51.612135],[144.498013,-51.616749],[-77.994223,-51.621363],[59.513541,-51.625977],[-162.978695,-51.630592],[-25.470931,-51.635208],[112.036833,-51.639824],[-110.455403,-51.64444],[27.052362,-51.649057],[164.560126,-51.653674],[-57.93211,-51.658292],[79.575654,-51.66291],[-142.916582,-51.667529],[-5.408818,-51.672148],[132.098946,-51.676768],[-90.39329,-51.681388],[47.114474,-51.686009],[-175.377762,-51.69063],[-37.869998,-51.695251],[99.637766,-51.699873],[-122.85447,-51.704496],[14.653294,-51.709119],[152.161058,-51.713742],[-70.331178,-51.718366],[67.176586,-51.722991],[-155.31565,-51.727615],[-17.807886,-51.732241],[119.699879,-51.736867],[-102.792357,-51.741493],[34.715407,-51.74612],[172.223171,-51.750747],[-50.269065,-51.755374],[87.238699,-51.760003],[-135.253537,-51.764631],[2.254227,-51.76926],[139.761991,-51.77389],[-82.730245,-51.77852],[54.777519,-51.783151],[-167.714717,-51.787782],[-30.206953,-51.792413],[107.300811,-51.797045],[-115.191425,-51.801678],[22.316339,-51.806311],[159.824103,-51.810944],[-62.668133,-51.815578],[74.839631,-51.820212],[-147.652605,-51.824847],[-10.14484,-51.829482],[127.362924,-51.834118],[-95.129312,-51.838754],[42.378452,-51.843391],[179.886216,-51.848028],[-42.60602,-51.852666],[94.901744,-51.857304],[-127.590492,-51.861943],[9.917272,-51.866582],[147.425036,-51.871222],[-75.0672,-51.875862],[62.440564,-51.880502],[-160.051672,-51.885143],[-22.543908,-51.889785],[114.963856,-51.894427],[-107.52838,-51.899069],[29.979384,-51.903712],[167.487148,-51.908356],[-55.005088,-51.913],[82.502676,-51.917644],[-139.989559,-51.922289],[-2.481795,-51.926934],[135.025969,-51.93158],[-87.466267,-51.936227],[50.041497,-51.940873],[-172.450739,-51.945521],[-34.942975,-51.950168],[102.564789,-51.954817],[-119.927447,-51.959465],[17.580317,-51.964115],[155.088081,-51.968764],[-67.404155,-51.973415],[70.103609,-51.978065],[-152.388627,-51.982716],[-14.880863,-51.987368],[122.626901,-51.99202],[-99.865335,-51.996673],[37.642429,-52.001326],[175.150193,-52.005979],[-47.342043,-52.010633],[90.165722,-52.015288],[-132.326514,-52.019943],[5.18125,-52.024599],[142.689014,-52.029255],[-79.803222,-52.033911],[57.704542,-52.038568],[-164.787694,-52.043225],[-27.27993,-52.047883],[110.227834,-52.052542],[-112.264402,-52.057201],[25.243362,-52.06186],[162.751126,-52.06652],[-59.74111,-52.07118],[77.766654,-52.075841],[-144.725582,-52.080502],[-7.217818,-52.085164],[130.289946,-52.089827],[-92.20229,-52.094489],[45.305474,-52.099153],[-177.186762,-52.103816],[-39.678997,-52.108481],[97.828767,-52.113145],[-124.663469,-52.117811],[12.844295,-52.122476],[150.352059,-52.127143],[-72.140177,-52.131809],[65.367587,-52.136476],[-157.124649,-52.141144],[-19.616885,-52.145812],[117.890879,-52.150481],[-104.601357,-52.15515],[32.906407,-52.15982],[170.414171,-52.16449],[-52.078065,-52.16916],[85.429699,-52.173832],[-137.062537,-52.178503],[0.445227,-52.183175],[137.952991,-52.187848],[-84.539245,-52.192521],[52.968519,-52.197194],[-169.523716,-52.201869],[-32.015952,-52.206543],[105.491812,-52.211218],[-117.000424,-52.215894],[20.50734,-52.22057],[158.015104,-52.225246],[-64.477132,-52.229923],[73.030632,-52.234601],[-149.461604,-52.239279],[-11.95384,-52.243957],[125.553924,-52.248636],[-96.938312,-52.253316],[40.569452,-52.257996],[178.077216,-52.262676],[-44.41502,-52.267357],[93.092744,-52.272038],[-129.399492,-52.27672],[8.108272,-52.281403],[145.616036,-52.286086],[-76.8762,-52.290769],[60.631565,-52.295453],[-161.860671,-52.300137],[-24.352907,-52.304822],[113.154857,-52.309508],[-109.337379,-52.314194],[28.170385,-52.31888],[165.678149,-52.323567],[-56.814087,-52.328254],[80.693677,-52.332942],[-141.798559,-52.337631],[-4.290795,-52.34232],[133.216969,-52.347009],[-89.275267,-52.351699],[48.232497,-52.356389],[-174.259739,-52.36108],[-36.751975,-52.365771],[100.755789,-52.370463],[-121.736447,-52.375156],[15.771317,-52.379848],[153.279081,-52.384542],[-69.213154,-52.389236],[68.29461,-52.39393],[-154.197626,-52.398625],[-16.689862,-52.40332],[120.817902,-52.408016],[-101.674334,-52.412713],[35.83343,-52.417409],[173.341194,-52.422107],[-49.151042,-52.426805],[88.356722,-52.431503],[-134.135514,-52.436202],[3.37225,-52.440901],[140.880014,-52.445601],[-81.612222,-52.450301],[55.895542,-52.455002],[-166.596694,-52.459704],[-29.08893,-52.464406],[108.418834,-52.469108],[-114.073402,-52.473811],[23.434362,-52.478514],[160.942127,-52.483218],[-61.550109,-52.487922],[75.957655,-52.492627],[-146.534581,-52.497333],[-9.026817,-52.502039],[128.480947,-52.506745],[-94.011289,-52.511452],[43.496475,-52.516159],[-178.995761,-52.520867],[-41.487997,-52.525576],[96.019767,-52.530285],[-126.472469,-52.534994],[11.035295,-52.539704],[148.543059,-52.544414],[-73.949177,-52.549125],[63.558587,-52.553837],[-158.933649,-52.558549],[-21.425885,-52.563261],[116.081879,-52.567974],[-106.410357,-52.572688],[31.097408,-52.577402],[168.605172,-52.582116],[-53.887064,-52.586831],[83.6207,-52.591547],[-138.871536,-52.596263],[-1.363772,-52.600979],[136.143992,-52.605696],[-86.348244,-52.610414],[51.15952,-52.615132],[-171.332716,-52.61985],[-33.824952,-52.624569],[103.682812,-52.629289],[-118.809424,-52.634009],[18.69834,-52.63873],[156.206104,-52.643451],[-66.286132,-52.648172],[71.221632,-52.652894],[-151.270604,-52.657617],[-13.76284,-52.66234],[123.744924,-52.667064],[-98.747311,-52.671788],[38.760453,-52.676513],[176.268217,-52.681238],[-46.224019,-52.685963],[91.283745,-52.69069],[-131.208491,-52.695416],[6.299273,-52.700144],[143.807037,-52.704871],[-78.685199,-52.7096],[58.822565,-52.714328],[-163.669671,-52.719058],[-26.161907,-52.723787],[111.345857,-52.728518],[-111.146379,-52.733249],[26.361385,-52.73798],[163.869149,-52.742712],[-58.623087,-52.747444],[78.884677,-52.752177],[-143.607559,-52.75691],[-6.099795,-52.761644],[131.40797,-52.766379],[-91.084266,-52.771114],[46.423498,-52.775849],[-176.068738,-52.780585],[-38.560974,-52.785321],[98.94679,-52.790058],[-123.545446,-52.794796],[13.962318,-52.799534],[151.470082,-52.804272],[-71.022154,-52.809012],[66.48561,-52.813751],[-156.006626,-52.818491],[-18.498862,-52.823232],[119.008902,-52.827973],[-103.483334,-52.832715],[34.02443,-52.837457],[171.532194,-52.842199],[-50.960042,-52.846943],[86.547722,-52.851686],[-135.944514,-52.85643],[1.563251,-52.861175],[139.071015,-52.865921],[-83.421221,-52.870666],[54.086543,-52.875413],[-168.405693,-52.880159],[-30.897929,-52.884907],[106.609835,-52.889655],[-115.882401,-52.894403],[21.625363,-52.899152],[159.133127,-52.903901],[-63.359109,-52.908651],[74.148655,-52.913402],[-148.343581,-52.918153],[-10.835817,-52.922904],[126.671947,-52.927656],[-95.820289,-52.932409],[41.687475,-52.937162],[179.195239,-52.941915],[-43.296997,-52.94667],[94.210767,-52.951424],[-128.281468,-52.956179],[9.226296,-52.960935],[146.73406,-52.965691],[-75.758176,-52.970448],[61.749588,-52.975205],[-160.742648,-52.979963],[-23.234884,-52.984721],[114.27288,-52.98948],[-108.219356,-52.99424],[29.288408,-52.998999],[166.796172,-53.00376],[-55.696064,-53.008521],[81.8117,-53.013282],[-140.680536,-53.018044],[-3.172772,-53.022807],[134.334992,-53.02757],[-88.157244,-53.032333],[49.35052,-53.037097],[-173.141716,-53.041862],[-35.633952,-53.046627],[101.873813,-53.051393],[-120.618423,-53.056159],[16.889341,-53.060926],[154.397105,-53.065693],[-68.095131,-53.070461],[69.412633,-53.075229],[-153.079603,-53.079998],[-15.571839,-53.084767],[121.935925,-53.089537],[-100.556311,-53.094307],[36.951453,-53.099078],[174.459217,-53.10385],[-48.033019,-53.108622],[89.474745,-53.113394],[-133.017491,-53.118167],[4.490273,-53.122941],[141.998037,-53.127715],[-80.494199,-53.13249],[57.013565,-53.137265],[-165.478671,-53.142041],[-27.970906,-53.146817],[109.536858,-53.151594],[-112.955378,-53.156371],[24.552386,-53.161149],[162.06015,-53.165927],[-60.432086,-53.170706],[77.075678,-53.175485],[-145.416558,-53.180265],[-7.908794,-53.185046],[129.59897,-53.189827],[-92.893266,-53.194609],[44.614498,-53.199391],[-177.877738,-53.204173],[-40.369974,-53.208956],[97.13779,-53.21374],[-125.354446,-53.218524],[12.153318,-53.223309],[149.661082,-53.228094],[-72.831154,-53.23288],[64.67661,-53.237667],[-157.815625,-53.242454],[-20.307861,-53.247241],[117.199903,-53.252029],[-105.292333,-53.256817],[32.215431,-53.261607],[169.723195,-53.266396],[-52.769041,-53.271186],[84.738723,-53.275977],[-137.753513,-53.280768],[-0.245749,-53.28556],[137.262015,-53.290352],[-85.230221,-53.295145],[52.277543,-53.299938],[-170.214693,-53.304732],[-32.706929,-53.309527],[104.800835,-53.314322],[-117.691401,-53.319117],[19.816363,-53.323913],[157.324127,-53.32871],[-65.168109,-53.333507],[72.339656,-53.338304],[-150.15258,-53.343103],[-12.644816,-53.347901],[124.862948,-53.352701],[-97.629288,-53.3575],[39.878476,-53.362301],[177.38624,-53.367102],[-45.105996,-53.371903],[92.401768,-53.376705],[-130.090468,-53.381508],[7.417296,-53.386311],[144.92506,-53.391114],[-77.567176,-53.395918],[59.940588,-53.400723],[-162.551648,-53.405528],[-25.043884,-53.410334],[112.46388,-53.41514],[-110.028356,-53.419947],[27.479408,-53.424755],[164.987172,-53.429563],[-57.505063,-53.434371],[80.002701,-53.43918],[-142.489535,-53.44399],[-4.981771,-53.4488],[132.525993,-53.453611],[-89.966243,-53.458422],[47.541521,-53.463234],[-174.950715,-53.468046],[-37.442951,-53.472859],[100.064813,-53.477672],[-122.427423,-53.482486],[15.080341,-53.487301],[152.588105,-53.492116],[-69.904131,-53.496931],[67.603633,-53.501747],[-154.888603,-53.506564],[-17.380839,-53.511381],[120.126925,-53.516199],[-102.365311,-53.521017],[35.142453,-53.525836],[172.650218,-53.530656],[-49.842018,-53.535476],[87.665746,-53.540296],[-134.82649,-53.545117],[2.681274,-53.549939],[140.189038,-53.554761],[-82.303198,-53.559584],[55.204566,-53.564407],[-167.28767,-53.569231],[-29.779906,-53.574055],[107.727858,-53.57888],[-114.764378,-53.583705],[22.743386,-53.588531],[160.25115,-53.593358],[-62.241086,-53.598185],[75.266678,-53.603013],[-147.225558,-53.607841],[-9.717794,-53.61267],[127.78997,-53.617499],[-94.702266,-53.622329],[42.805499,-53.627159],[-179.686737,-53.63199],[-42.178973,-53.636822],[95.328791,-53.641654],[-127.163445,-53.646487],[10.344319,-53.65132],[147.852083,-53.656154],[-74.640153,-53.660988],[62.867611,-53.665823],[-159.624625,-53.670658],[-22.116861,-53.675494],[115.390903,-53.680331],[-107.101333,-53.685168],[30.406431,-53.690005],[167.914195,-53.694844],[-54.578041,-53.699682],[82.929723,-53.704522],[-139.562513,-53.709362],[-2.054749,-53.714202],[135.453015,-53.719043],[-87.03922,-53.723884],[50.468544,-53.728727],[-172.023692,-53.733569],[-34.515928,-53.738412],[102.991836,-53.743256],[-119.5004,-53.7481],[18.007364,-53.752945],[155.515128,-53.757791],[-66.977108,-53.762637],[70.530656,-53.767483],[-151.96158,-53.77233],[-14.453816,-53.777178],[123.053948,-53.782026],[-99.438288,-53.786875],[38.069476,-53.791725],[175.57724,-53.796574],[-46.914996,-53.801425],[90.592768,-53.806276],[-131.899468,-53.811128],[5.608296,-53.81598],[143.116061,-53.820832],[-79.376175,-53.825686],[58.131589,-53.83054],[-164.360647,-53.835394],[-26.852883,-53.840249],[110.654881,-53.845105],[-111.837355,-53.849961],[25.670409,-53.854817],[163.178173,-53.859675],[-59.314063,-53.864532],[78.193701,-53.869391],[-144.298535,-53.87425],[-6.790771,-53.879109],[130.716993,-53.883969],[-91.775243,-53.88883],[45.732521,-53.893691],[-176.759715,-53.898553],[-39.251951,-53.903415],[98.255813,-53.908278],[-124.236423,-53.913141],[13.271342,-53.918005],[150.779106,-53.92287],[-71.71313,-53.927735],[65.794634,-53.932601],[-156.697602,-53.937467],[-19.189838,-53.942334],[118.317926,-53.947201],[-104.17431,-53.952069],[33.333454,-53.956938],[170.841218,-53.961807],[-51.651018,-53.966677],[85.856746,-53.971547],[-136.63549,-53.976418],[0.872274,-53.981289],[138.380038,-53.986161],[-84.112198,-53.991034],[53.395566,-53.995907],[-169.09667,-54.00078],[-31.588906,-54.005655],[105.918858,-54.010529],[-116.573377,-54.015405],[20.934387,-54.020281],[158.442151,-54.025157],[-64.050085,-54.030034],[73.457679,-54.034912],[-149.034557,-54.03979],[-11.526793,-54.044669],[125.980971,-54.049549],[-96.511265,-54.054429],[40.996499,-54.059309],[178.504263,-54.06419],[-43.987973,-54.069072],[93.519791,-54.073954],[-128.972445,-54.078837],[8.535319,-54.08372],[146.043083,-54.088604],[-76.449153,-54.093489],[61.058611,-54.098374],[-161.433625,-54.10326],[-23.925861,-54.108146],[113.581904,-54.113033],[-108.910332,-54.11792],[28.597432,-54.122808],[166.105196,-54.127697],[-56.38704,-54.132586],[81.120724,-54.137476],[-141.371512,-54.142366],[-3.863748,-54.147257],[133.644016,-54.152149],[-88.84822,-54.157041],[48.659544,-54.161933],[-173.832692,-54.166826],[-36.324928,-54.17172],[101.182836,-54.176615],[-121.3094,-54.18151],[16.198364,-54.186405],[153.706128,-54.191301],[-68.786108,-54.196198],[68.721656,-54.201095],[-153.77058,-54.205993],[-16.262815,-54.210891],[121.244949,-54.21579],[-101.247287,-54.22069],[36.260477,-54.22559],[173.768241,-54.230491],[-48.723995,-54.235392],[88.783769,-54.240294],[-133.708467,-54.245197],[3.799297,-54.2501],[141.307061,-54.255004],[-81.185175,-54.259908],[56.322589,-54.264813],[-166.169647,-54.269718],[-28.661883,-54.274624],[108.845881,-54.279531],[-113.646355,-54.284438],[23.861409,-54.289346],[161.369173,-54.294254],[-61.123063,-54.299163],[76.384701,-54.304072],[-146.107534,-54.308982],[-8.59977,-54.313893],[128.907994,-54.318804],[-93.584242,-54.323716],[43.923522,-54.328629],[-178.568714,-54.333542],[-41.06095,-54.338455],[96.446814,-54.343369],[-126.045422,-54.348284],[11.462342,-54.3532],[148.970106,-54.358116],[-73.52213,-54.363032],[63.985634,-54.367949],[-158.506602,-54.372867],[-20.998838,-54.377785],[116.508926,-54.382704],[-105.98331,-54.387624],[31.524454,-54.392544],[169.032218,-54.397465],[-53.460018,-54.402386],[84.047747,-54.407308],[-138.444489,-54.41223],[-0.936725,-54.417153],[136.571039,-54.422077],[-85.921197,-54.427001],[51.586567,-54.431926],[-170.905669,-54.436851],[-33.397905,-54.441777],[104.109859,-54.446704],[-118.382377,-54.451631],[19.125387,-54.456559],[156.633151,-54.461487],[-65.859085,-54.466416],[71.648679,-54.471346],[-150.843557,-54.476276],[-13.335793,-54.481207],[124.171971,-54.486138],[-98.320265,-54.49107],[39.187499,-54.496002],[176.695263,-54.500936],[-45.796972,-54.505869],[91.710792,-54.510804],[-130.781444,-54.515738],[6.72632,-54.520674],[144.234084,-54.52561],[-78.258152,-54.530547],[59.249612,-54.535484],[-163.242624,-54.540422],[-25.73486,-54.545361],[111.772904,-54.5503],[-110.719332,-54.555239],[26.788432,-54.56018],[164.296196,-54.56512],[-58.19604,-54.570062],[79.311724,-54.575004],[-143.180512,-54.579947],[-5.672748,-54.58489],[131.835016,-54.589834],[-90.65722,-54.594778],[46.850544,-54.599723],[-175.641691,-54.604669],[-38.133927,-54.609615],[99.373837,-54.614562],[-123.118399,-54.61951],[14.389365,-54.624458],[151.897129,-54.629407],[-70.595107,-54.634356],[66.912657,-54.639306],[-155.579579,-54.644256],[-18.071815,-54.649207],[119.435949,-54.654159],[-103.056287,-54.659111],[34.451477,-54.664064],[171.959241,-54.669018],[-50.532995,-54.673972],[86.974769,-54.678927],[-135.517467,-54.683882],[1.990297,-54.688838],[139.498061,-54.693795],[-82.994175,-54.698752],[54.51359,-54.703709],[-167.978646,-54.708668],[-30.470882,-54.713627],[107.036882,-54.718586],[-115.455354,-54.723547],[22.05241,-54.728507],[159.560174,-54.733469],[-62.932062,-54.738431],[74.575702,-54.743393],[-147.916534,-54.748357],[-10.40877,-54.75332],[127.098994,-54.758285],[-95.393242,-54.76325],[42.114522,-54.768215],[179.622286,-54.773182],[-42.86995,-54.778149],[94.637814,-54.783116],[-127.854422,-54.788084],[9.653342,-54.793053],[147.161106,-54.798022],[-75.331129,-54.802992],[62.176635,-54.807963],[-160.315601,-54.812934],[-22.807837,-54.817906],[114.699927,-54.822878],[-107.792309,-54.827851],[29.715455,-54.832825],[167.223219,-54.837799],[-55.269017,-54.842774],[82.238747,-54.847749],[-140.253489,-54.852725],[-2.745725,-54.857702],[134.762039,-54.862679],[-87.730197,-54.867657],[49.777567,-54.872635],[-172.714669,-54.877614],[-35.206905,-54.882594],[102.300859,-54.887575],[-120.191377,-54.892556],[17.316387,-54.897537],[154.824152,-54.902519],[-67.668084,-54.907502],[69.83968,-54.912486],[-152.652556,-54.91747],[-15.144792,-54.922454],[122.362972,-54.92744],[-100.129264,-54.932425],[37.3785,-54.937412],[174.886264,-54.942399],[-47.605972,-54.947387],[89.901792,-54.952375],[-132.590444,-54.957364],[4.91732,-54.962354],[142.425084,-54.967344],[-80.067152,-54.972335],[57.440612,-54.977326],[-165.051624,-54.982319],[-27.54386,-54.987311],[109.963904,-54.992305],[-112.528332,-54.997299],[24.979433,-55.002293],[162.487197,-55.007288],[-60.005039,-55.012284],[77.502725,-55.017281],[-144.989511,-55.022278],[-7.481747,-55.027275],[130.026017,-55.032274],[-92.466219,-55.037273],[45.041545,-55.042272],[-177.450691,-55.047272],[-39.942927,-55.052273],[97.564837,-55.057275],[-124.927399,-55.062277],[12.580365,-55.067279],[150.088129,-55.072283],[-72.404107,-55.077287],[65.103657,-55.082291],[-157.388579,-55.087296],[-19.880815,-55.092302],[117.626949,-55.097309],[-104.865286,-55.102316],[32.642478,-55.107323],[170.150242,-55.112332],[-52.341994,-55.117341],[85.16577,-55.12235],[-137.326466,-55.127361],[0.181298,-55.132371],[137.689062,-55.137383],[-84.803174,-55.142395],[52.70459,-55.147408],[-169.787646,-55.152421],[-32.279882,-55.157435],[105.227882,-55.16245],[-117.264354,-55.167465],[20.24341,-55.172481],[157.751174,-55.177497],[-64.741062,-55.182514],[72.766702,-55.187532],[-149.725534,-55.192551],[-12.21777,-55.19757],[125.289995,-55.202589],[-97.202241,-55.20761],[40.305523,-55.212631],[177.813287,-55.217652],[-44.678949,-55.222674],[92.828815,-55.227697],[-129.663421,-55.232721],[7.844343,-55.237745],[145.352107,-55.242769],[-77.140129,-55.247795],[60.367635,-55.252821],[-162.124601,-55.257848],[-24.616837,-55.262875],[112.890927,-55.267903],[-109.601309,-55.272931],[27.906455,-55.27796],[165.414219,-55.28299],[-57.078017,-55.288021],[80.429747,-55.293052],[-142.062489,-55.298084],[-4.554724,-55.303116],[132.95304,-55.308149],[-89.539196,-55.313183],[47.968568,-55.318217],[-174.523668,-55.323252],[-37.015904,-55.328288],[100.49186,-55.333324],[-122.000376,-55.338361],[15.507388,-55.343398],[153.015152,-55.348436],[-69.477084,-55.353475],[68.03068,-55.358514],[-154.461556,-55.363554],[-16.953792,-55.368595],[120.553972,-55.373637],[-101.938264,-55.378679],[35.5695,-55.383721],[173.077264,-55.388764],[-49.414972,-55.393808],[88.092792,-55.398853],[-134.399443,-55.403898],[3.108321,-55.408944],[140.616085,-55.41399],[-81.876151,-55.419038],[55.631613,-55.424085],[-166.860623,-55.429134],[-29.352859,-55.434183],[108.154905,-55.439233],[-114.337331,-55.444283],[23.170433,-55.449334],[160.678197,-55.454386],[-61.814039,-55.459438],[75.693725,-55.464491],[-146.798511,-55.469545],[-9.290747,-55.474599],[128.217017,-55.479654],[-94.275219,-55.484709],[43.232545,-55.489765],[-179.259691,-55.494822],[-41.751927,-55.49988],[95.755838,-55.504938],[-126.736398,-55.509997],[10.771366,-55.515056],[148.27913,-55.520116],[-74.213106,-55.525177],[63.294658,-55.530238],[-159.197578,-55.5353],[-21.689814,-55.540363],[115.81795,-55.545426],[-106.674286,-55.55049],[30.833478,-55.555555],[168.341242,-55.56062],[-54.150994,-55.565686],[83.35677,-55.570753],[-139.135466,-55.57582],[-1.627702,-55.580888],[135.880062,-55.585957],[-86.612174,-55.591026],[50.89559,-55.596096],[-171.596646,-55.601166],[-34.088881,-55.606238],[103.418883,-55.61131],[-119.073353,-55.616382],[18.434411,-55.621455],[155.942175,-55.626529],[-66.550061,-55.631603],[70.957703,-55.636679],[-151.534533,-55.641754],[-14.026769,-55.646831],[123.480995,-55.651908],[-99.011241,-55.656986],[38.496523,-55.662064],[176.004287,-55.667143],[-46.487949,-55.672223],[91.019815,-55.677303],[-131.472421,-55.682384],[6.035343,-55.687466],[143.543107,-55.692549],[-78.949129,-55.697632],[58.558635,-55.702715],[-163.9336,-55.7078],[-26.425836,-55.712885],[111.081928,-55.71797],[-111.410308,-55.723057],[26.097456,-55.728144],[163.60522,-55.733231],[-58.887016,-55.73832],[78.620748,-55.743409],[-143.871488,-55.748499],[-6.363724,-55.753589],[131.14404,-55.75868],[-91.348196,-55.763772],[46.159568,-55.768864],[-176.332668,-55.773957],[-38.824904,-55.77905],[98.68286,-55.784145],[-123.809376,-55.78924],[13.698388,-55.794335],[151.206152,-55.799432],[-71.286084,-55.804529],[66.221681,-55.809626],[-156.270555,-55.814725],[-18.762791,-55.819824],[118.744973,-55.824923],[-103.747263,-55.830024],[33.760501,-55.835125],[171.268265,-55.840226],[-51.223971,-55.845329],[86.283793,-55.850432],[-136.208443,-55.855535],[1.299321,-55.86064],[138.807085,-55.865745],[-83.685151,-55.870851],[53.822613,-55.875957],[-168.669623,-55.881064],[-31.161859,-55.886172],[106.345905,-55.89128],[-116.146331,-55.896389],[21.361433,-55.901499],[158.869197,-55.906609],[-63.623038,-55.91172],[73.884726,-55.916832],[-148.60751,-55.921944],[-11.099746,-55.927058],[126.408018,-55.932171],[-96.084218,-55.937286],[41.423546,-55.942401],[178.93131,-55.947517],[-43.560926,-55.952633],[93.946838,-55.95775],[-128.545398,-55.962868],[8.962366,-55.967987],[146.47013,-55.973106],[-76.022106,-55.978226],[61.485658,-55.983346],[-161.006578,-55.988467],[-23.498814,-55.993589],[114.00895,-55.998712],[-108.483286,-56.003835],[29.024478,-56.008959],[166.532243,-56.014084],[-55.959993,-56.019209],[81.547771,-56.024335],[-140.944465,-56.029461],[-3.436701,-56.034589],[134.071063,-56.039717],[-88.421173,-56.044846],[49.086591,-56.049975],[-173.405645,-56.055105],[-35.897881,-56.060236],[101.609883,-56.065367],[-120.882353,-56.070499],[16.625411,-56.075632],[154.133175,-56.080765],[-68.359061,-56.0859],[69.148703,-56.091034],[-153.343533,-56.09617],[-15.835769,-56.101306],[121.671995,-56.106443],[-100.820241,-56.111581],[36.687524,-56.116719],[174.195288,-56.121858],[-48.296948,-56.126998],[89.210816,-56.132138],[-133.28142,-56.137279],[4.226344,-56.142421],[141.734108,-56.147563],[-80.758128,-56.152706],[56.749636,-56.15785],[-165.7426,-56.162994],[-28.234836,-56.168139],[109.272928,-56.173285],[-113.219308,-56.178432],[24.288456,-56.183579],[161.79622,-56.188727],[-60.696016,-56.193875],[76.811748,-56.199025],[-145.680488,-56.204175],[-8.172724,-56.209325],[129.33504,-56.214477],[-93.157195,-56.219629],[44.350569,-56.224782],[-178.141667,-56.229935],[-40.633903,-56.235089],[96.873861,-56.240244],[-125.618375,-56.245399],[11.889389,-56.250556],[149.397153,-56.255713],[-73.095083,-56.26087],[64.412681,-56.266028],[-158.079555,-56.271187],[-20.571791,-56.276347],[116.935973,-56.281508],[-105.556263,-56.286669],[31.951501,-56.29183],[169.459265,-56.296993],[-53.032971,-56.302156],[84.474793,-56.30732],[-138.017443,-56.312484],[-0.509679,-56.31765],[136.998086,-56.322816],[-85.49415,-56.327982],[52.013614,-56.33315],[-170.478622,-56.338318],[-32.970858,-56.343487],[104.536906,-56.348656],[-117.95533,-56.353826],[19.552434,-56.358997],[157.060198,-56.364169],[-65.432038,-56.369341],[72.075726,-56.374514],[-150.41651,-56.379688],[-12.908746,-56.384862],[124.599018,-56.390037],[-97.893218,-56.395213],[39.614546,-56.400389],[177.12231,-56.405566],[-45.369926,-56.410744],[92.137838,-56.415923],[-130.354398,-56.421102],[7.153367,-56.426282],[144.661131,-56.431463],[-77.831105,-56.436644],[59.676659,-56.441826],[-162.815577,-56.447009],[-25.307813,-56.452193],[112.199951,-56.457377],[-110.292285,-56.462562],[27.215479,-56.467748],[164.723243,-56.472934],[-57.768993,-56.478121],[79.738771,-56.483309],[-142.753465,-56.488497],[-5.245701,-56.493687],[132.262063,-56.498877],[-90.230173,-56.504067],[47.277591,-56.509259],[-175.214645,-56.514451],[-37.706881,-56.519643],[99.800883,-56.524837],[-122.691352,-56.530031],[14.816412,-56.535226],[152.324176,-56.540422],[-70.16806,-56.545618],[67.339704,-56.550815],[-155.152532,-56.556013],[-17.644768,-56.561211],[119.862996,-56.56641],[-102.62924,-56.57161],[34.878524,-56.576811],[172.386288,-56.582012],[-50.105948,-56.587214],[87.401816,-56.592417],[-135.09042,-56.59762],[2.417344,-56.602825],[139.925108,-56.608029],[-82.567128,-56.613235],[54.940636,-56.618441],[-167.5516,-56.623649],[-30.043836,-56.628856],[107.463929,-56.634065],[-115.028307,-56.639274],[22.479457,-56.644484],[159.987221,-56.649695],[-62.505015,-56.654906],[75.002749,-56.660118],[-147.489487,-56.665331],[-9.981723,-56.670544],[127.526041,-56.675759],[-94.966195,-56.680974],[42.541569,-56.686189],[-179.950667,-56.691406],[-42.442903,-56.696623],[95.064861,-56.701841],[-127.427375,-56.707059],[10.080389,-56.712279],[147.588153,-56.717499],[-74.904083,-56.72272],[62.603681,-56.727941],[-159.888555,-56.733163],[-22.38079,-56.738386],[115.126974,-56.74361],[-107.365262,-56.748834],[30.142502,-56.754059],[167.650266,-56.759285],[-54.84197,-56.764512],[82.665794,-56.769739],[-139.826442,-56.774967],[-2.318678,-56.780196],[135.189086,-56.785425],[-87.30315,-56.790656],[50.204614,-56.795887],[-172.287622,-56.801118],[-34.779858,-56.806351],[102.727906,-56.811584],[-119.76433,-56.816818],[17.743434,-56.822052],[155.251198,-56.827288],[-67.241038,-56.832524],[70.266726,-56.83776],[-152.225509,-56.842998],[-14.717745,-56.848236],[122.790019,-56.853475],[-99.702217,-56.858715],[37.805547,-56.863955],[175.313311,-56.869197],[-47.178925,-56.874439],[90.328839,-56.879681],[-132.163397,-56.884925],[5.344367,-56.890169],[142.852131,-56.895414],[-79.640105,-56.900659],[57.867659,-56.905906],[-164.624577,-56.911153],[-27.116813,-56.9164],[110.390951,-56.921649],[-112.101285,-56.926898],[25.406479,-56.932148],[162.914243,-56.937399],[-59.577993,-56.942651],[77.929772,-56.947903],[-144.562464,-56.953156],[-7.0547,-56.95841],[130.453064,-56.963664],[-92.039172,-56.968919],[45.468592,-56.974175],[-177.023644,-56.979432],[-39.51588,-56.984689],[97.991884,-56.989948],[-124.500352,-56.995207],[13.007412,-57.000466],[150.515176,-57.005727],[-71.97706,-57.010988],[65.530704,-57.01625],[-156.961532,-57.021512],[-19.453768,-57.026776],[118.053996,-57.03204],[-104.43824,-57.037305],[33.069524,-57.04257],[170.577288,-57.047837],[-51.914947,-57.053104],[85.592817,-57.058372],[-136.899419,-57.06364],[0.608345,-57.06891],[138.116109,-57.07418],[-84.376127,-57.079451],[53.131637,-57.084722],[-169.360599,-57.089995],[-31.852835,-57.095268],[105.654929,-57.100542],[-116.837307,-57.105816],[20.670457,-57.111092],[158.178221,-57.116368],[-64.314015,-57.121645],[73.193749,-57.126922],[-149.298487,-57.132201],[-11.790723,-57.13748],[125.717041,-57.14276],[-96.775195,-57.14804],[40.732569,-57.153322],[178.240334,-57.158604],[-44.251902,-57.163887],[93.255862,-57.16917],[-129.236374,-57.174455],[8.27139,-57.17974],[145.779154,-57.185026],[-76.713082,-57.190312],[60.794682,-57.1956],[-161.697554,-57.200888],[-24.18979,-57.206177],[113.317974,-57.211467],[-109.174262,-57.216757],[28.333502,-57.222048],[165.841266,-57.22734],[-56.65097,-57.232633],[80.856794,-57.237927],[-141.635442,-57.243221],[-4.127678,-57.248516],[133.380086,-57.253812],[-89.11215,-57.259108],[48.395615,-57.264405],[-174.096621,-57.269704],[-36.588857,-57.275002],[100.918907,-57.280302],[-121.573329,-57.285602],[15.934435,-57.290903],[153.442199,-57.296205],[-69.050037,-57.301508],[68.457727,-57.306811],[-154.034509,-57.312116],[-16.526745,-57.31742],[120.981019,-57.322726],[-101.511217,-57.328033],[35.996547,-57.33334],[173.504311,-57.338648],[-48.987925,-57.343957],[88.519839,-57.349266],[-133.972397,-57.354576],[3.535367,-57.359888],[141.043131,-57.365199],[-81.449104,-57.370512],[56.05866,-57.375825],[-166.433576,-57.38114],[-28.925812,-57.386454],[108.581952,-57.39177],[-113.910284,-57.397087],[23.59748,-57.402404],[161.105244,-57.407722],[-61.386992,-57.413041],[76.120772,-57.41836],[-146.371464,-57.42368],[-8.8637,-57.429002],[128.644064,-57.434323],[-93.848172,-57.439646],[43.659592,-57.444969],[-178.832644,-57.450294],[-41.32488,-57.455619],[96.182884,-57.460944],[-126.309352,-57.466271],[11.198412,-57.471598],[148.706177,-57.476926],[-73.786059,-57.482255],[63.721705,-57.487585],[-158.770531,-57.492915],[-21.262767,-57.498246],[116.244997,-57.503578],[-106.247239,-57.508911],[31.260525,-57.514245],[168.768289,-57.519579],[-53.723947,-57.524914],[83.783817,-57.53025],[-138.708419,-57.535586],[-1.200655,-57.540924],[136.307109,-57.546262],[-86.185127,-57.551601],[51.322637,-57.556941],[-171.169599,-57.562281],[-33.661835,-57.567623],[103.845929,-57.572965],[-118.646307,-57.578308],[18.861458,-57.583651],[156.369222,-57.588996],[-66.123014,-57.594341],[71.38475,-57.599687],[-151.107486,-57.605034],[-13.599722,-57.610382],[123.908042,-57.61573],[-98.584194,-57.621079],[38.92357,-57.626429],[176.431334,-57.63178],[-46.060902,-57.637132],[91.446862,-57.642484],[-131.045374,-57.647837],[6.46239,-57.653191],[143.970154,-57.658546],[-78.522082,-57.663901],[58.985682,-57.669257],[-163.506554,-57.674615],[-25.99879,-57.679972],[111.508974,-57.685331],[-110.983261,-57.690691],[26.524503,-57.696051],[164.032267,-57.701412],[-58.459969,-57.706774],[79.047795,-57.712136],[-143.444441,-57.7175],[-5.936677,-57.722864],[131.571087,-57.728229],[-90.921149,-57.733595],[46.586615,-57.738961],[-175.905621,-57.744329],[-38.397857,-57.749697],[99.109907,-57.755066],[-123.382329,-57.760436],[14.125435,-57.765806],[151.633199,-57.771178],[-70.859037,-57.77655],[66.648727,-57.781923],[-155.843509,-57.787297],[-18.335745,-57.792671],[119.17202,-57.798047],[-103.320216,-57.803423],[34.187548,-57.8088],[171.695312,-57.814178],[-50.796924,-57.819556],[86.71084,-57.824936],[-135.781396,-57.830316],[1.726368,-57.835697],[139.234132,-57.841079],[-83.258104,-57.846461],[54.24966,-57.851845],[-168.242576,-57.857229],[-30.734812,-57.862614],[106.772952,-57.868],[-115.719284,-57.873387],[21.78848,-57.878774],[159.296244,-57.884162],[-63.195992,-57.889551],[74.311772,-57.894941],[-148.180464,-57.900332],[-10.672699,-57.905723],[126.835065,-57.911116],[-95.657171,-57.916509],[41.850593,-57.921903],[179.358357,-57.927297],[-43.133879,-57.932693],[94.373885,-57.938089],[-128.118351,-57.943487],[9.389413,-57.948885],[146.897177,-57.954283],[-75.595059,-57.959683],[61.912705,-57.965083],[-160.579531,-57.970485],[-23.071767,-57.975887],[114.435997,-57.981289],[-108.056239,-57.986693],[29.451525,-57.992098],[166.959289,-57.997503],[-55.532947,-58.002909],[81.974817,-58.008316],[-140.517418,-58.013724],[-3.009654,-58.019132],[134.49811,-58.024542],[-87.994126,-58.029952],[49.513638,-58.035363],[-172.978598,-58.040775],[-35.470834,-58.046187],[102.03693,-58.051601],[-120.455306,-58.057015],[17.052458,-58.06243],[154.560222,-58.067846],[-67.932014,-58.073263],[69.57575,-58.078681],[-152.916486,-58.084099],[-15.408722,-58.089518],[122.099042,-58.094938],[-100.393194,-58.100359],[37.11457,-58.105781],[174.622334,-58.111203],[-47.869902,-58.116627],[89.637863,-58.122051],[-132.854373,-58.127476],[4.653391,-58.132902],[142.161155,-58.138328],[-80.331081,-58.143756],[57.176683,-58.149184],[-165.315553,-58.154613],[-27.807789,-58.160043],[109.699975,-58.165474],[-112.792261,-58.170906],[24.715503,-58.176338],[162.223267,-58.181771],[-60.268969,-58.187206],[77.238795,-58.192641],[-145.253441,-58.198076],[-7.745677,-58.203513],[129.762087,-58.20895],[-92.730149,-58.214389],[44.777615,-58.219828],[-177.714621,-58.225268],[-40.206856,-58.230708],[97.300908,-58.23615],[-125.191328,-58.241593],[12.316436,-58.247036],[149.8242,-58.25248],[-72.668036,-58.257925],[64.839728,-58.263371],[-157.652508,-58.268817],[-20.144744,-58.274265],[117.36302,-58.279713],[-105.129216,-58.285162],[32.378548,-58.290612],[169.886312,-58.296063],[-52.605924,-58.301515],[84.90184,-58.306967],[-137.590396,-58.31242],[-0.082632,-58.317875],[137.425132,-58.32333],[-85.067104,-58.328786],[52.440661,-58.334242],[-170.051575,-58.3397],[-32.543811,-58.345158],[104.963953,-58.350617],[-117.528283,-58.356077],[19.979481,-58.361538],[157.487245,-58.367],[-65.004991,-58.372463],[72.502773,-58.377926],[-149.989463,-58.383391],[-12.481699,-58.388856],[125.026065,-58.394322],[-97.466171,-58.399789],[40.041593,-58.405256],[177.549357,-58.410725],[-44.942879,-58.416194],[92.564885,-58.421664],[-129.927351,-58.427135],[7.580413,-58.432607],[145.088177,-58.43808],[-77.404058,-58.443554],[60.103706,-58.449028],[-162.38853,-58.454504],[-24.880766,-58.45998],[112.626998,-58.465457],[-109.865238,-58.470935],[27.642526,-58.476414],[165.15029,-58.481893],[-57.341946,-58.487374],[80.165818,-58.492855],[-142.326418,-58.498337],[-4.818654,-58.50382],[132.68911,-58.509304],[-89.803126,-58.514789],[47.704638,-58.520274],[-174.787598,-58.525761],[-37.279834,-58.531248],[100.22793,-58.536736],[-122.264306,-58.542225],[15.243458,-58.547715],[152.751223,-58.553206],[-69.741013,-58.558698],[67.766751,-58.56419],[-154.725485,-58.569684],[-17.217721,-58.575178],[120.290043,-58.580673],[-102.202193,-58.586169],[35.305571,-58.591666],[172.813335,-58.597163],[-49.678901,-58.602662],[87.828863,-58.608161],[-134.663373,-58.613661],[2.844391,-58.619162],[140.352155,-58.624664],[-82.140081,-58.630167],[55.367683,-58.635671],[-167.124553,-58.641176],[-29.616789,-58.646681],[107.890975,-58.652187],[-114.601261,-58.657695],[22.906504,-58.663203],[160.414268,-58.668712],[-62.077968,-58.674221],[75.429796,-58.679732],[-147.06244,-58.685244],[-9.554676,-58.690756],[127.953088,-58.696269],[-94.539148,-58.701783],[42.968616,-58.707298],[-179.52362,-58.712814],[-42.015856,-58.718331],[95.491908,-58.723849],[-127.000328,-58.729367],[10.507436,-58.734887],[148.0152,-58.740407],[-74.477036,-58.745928],[63.030728,-58.75145],[-159.461508,-58.756973],[-21.953744,-58.762497],[115.55402,-58.768021],[-106.938215,-58.773547],[30.569549,-58.779073],[168.077313,-58.784601],[-54.414923,-58.790129],[83.092841,-58.795658],[-139.399395,-58.801188],[-1.891631,-58.806719],[135.616133,-58.81225],[-86.876103,-58.817783],[50.631661,-58.823316],[-171.860575,-58.828851],[-34.352811,-58.834386],[103.154953,-58.839922],[-119.337283,-58.845459],[18.170481,-58.850997],[155.678245,-58.856536],[-66.813991,-58.862076],[70.693773,-58.867616],[-151.798463,-58.873158],[-14.290699,-58.8787],[123.217066,-58.884243],[-99.27517,-58.889787],[38.232594,-58.895332],[175.740358,-58.900878],[-46.751878,-58.906425],[90.755886,-58.911972],[-131.73635,-58.917521],[5.771414,-58.92307],[143.279178,-58.928621],[-79.213058,-58.934172],[58.294706,-58.939724],[-164.19753,-58.945277],[-26.689766,-58.950831],[110.817998,-58.956386],[-111.674238,-58.961942],[25.833526,-58.967498],[163.34129,-58.973056],[-59.150946,-58.978614],[78.356818,-58.984173],[-144.135418,-58.989733],[-6.627653,-58.995295],[130.880111,-59.000857],[-91.612125,-59.006419],[45.895639,-59.011983],[-176.596597,-59.017548],[-39.088833,-59.023113],[98.418931,-59.02868],[-124.073305,-59.034247],[13.434459,-59.039816],[150.942223,-59.045385],[-71.550013,-59.050955],[65.957751,-59.056526],[-156.534485,-59.062098],[-19.026721,-59.06767],[118.481043,-59.073244],[-104.011193,-59.078819],[33.496571,-59.084394],[171.004335,-59.089971],[-51.487901,-59.095548],[86.019863,-59.101126],[-136.472372,-59.106705],[1.035392,-59.112285],[138.543156,-59.117866],[-83.94908,-59.123448],[53.558684,-59.129031],[-168.933552,-59.134615],[-31.425788,-59.140199],[106.081976,-59.145785],[-116.41026,-59.151371],[21.097504,-59.156959],[158.605268,-59.162547],[-63.886968,-59.168136],[73.620796,-59.173726],[-148.87144,-59.179317],[-11.363676,-59.184909],[126.144088,-59.190502],[-96.348148,-59.196095],[41.159616,-59.20169],[178.66738,-59.207286],[-43.824856,-59.212882],[93.682909,-59.218479],[-128.809327,-59.224078],[8.698437,-59.229677],[146.206201,-59.235277],[-76.286035,-59.240878],[61.221729,-59.24648],[-161.270507,-59.252083],[-23.762743,-59.257687],[113.745021,-59.263292],[-108.747215,-59.268897],[28.760549,-59.274504],[166.268313,-59.280111],[-56.223923,-59.28572],[81.283841,-59.291329],[-141.208395,-59.29694],[-3.700631,-59.302551],[133.807133,-59.308163],[-88.685103,-59.313776],[48.822661,-59.31939],[-173.669575,-59.325005],[-36.16181,-59.330621],[101.345954,-59.336238],[-121.146282,-59.341855],[16.361482,-59.347474],[153.869246,-59.353093],[-68.62299,-59.358714],[68.884774,-59.364335],[-153.607462,-59.369958],[-16.099698,-59.375581],[121.408066,-59.381205],[-101.08417,-59.38683],[36.423594,-59.392457],[173.931358,-59.398084],[-48.560878,-59.403712],[88.946886,-59.40934],[-133.54535,-59.41497],[3.962414,-59.420601],[141.470178,-59.426233],[-81.022058,-59.431865],[56.485706,-59.437499],[-166.006529,-59.443133],[-28.498765,-59.448769],[109.008999,-59.454405],[-113.483237,-59.460043],[24.024527,-59.465681],[161.532291,-59.47132],[-60.959945,-59.47696],[76.547819,-59.482601],[-145.944417,-59.488243],[-8.436653,-59.493886],[129.071111,-59.49953],[-93.421125,-59.505175],[44.086639,-59.510821],[-178.405597,-59.516468],[-40.897833,-59.522115],[96.609931,-59.527764],[-125.882305,-59.533414],[11.625459,-59.539064],[149.133223,-59.544716],[-73.359013,-59.550368],[64.148752,-59.556022],[-158.343484,-59.561676],[-20.83572,-59.567331],[116.672044,-59.572987],[-105.820192,-59.578645],[31.687572,-59.584303],[169.195336,-59.589962],[-53.2969,-59.595622],[84.210864,-59.601283],[-138.281372,-59.606945],[-0.773608,-59.612608],[136.734156,-59.618272],[-85.75808,-59.623936],[51.749684,-59.629602],[-170.742552,-59.635269],[-33.234788,-59.640937],[104.272976,-59.646605],[-118.21926,-59.652275],[19.288504,-59.657945],[156.796268,-59.663617],[-65.695967,-59.669289],[71.811797,-59.674963],[-150.680439,-59.680637],[-13.172675,-59.686313],[124.335089,-59.691989],[-98.157147,-59.697666],[39.350617,-59.703345],[176.858381,-59.709024],[-45.633855,-59.714704],[91.873909,-59.720385],[-130.618327,-59.726067],[6.889437,-59.73175],[144.397201,-59.737434],[-78.095035,-59.743119],[59.412729,-59.748805],[-163.079507,-59.754492],[-25.571743,-59.76018],[111.936021,-59.765869],[-110.556215,-59.771559],[26.951549,-59.77725],[164.459314,-59.782941],[-58.032922,-59.788634],[79.474842,-59.794328],[-143.017394,-59.800023],[-5.50963,-59.805718],[131.998134,-59.811415],[-90.494102,-59.817112],[47.013662,-59.822811],[-175.478574,-59.828511],[-37.97081,-59.834211],[99.536954,-59.839913],[-122.955282,-59.845615],[14.552482,-59.851319],[152.060246,-59.857023],[-70.43199,-59.862729],[67.075774,-59.868435],[-155.416462,-59.874142],[-17.908698,-59.879851],[119.599066,-59.88556],[-102.89317,-59.89127],[34.614595,-59.896982],[172.122359,-59.902694],[-50.369877,-59.908407],[87.137887,-59.914122],[-135.354349,-59.919837],[2.153415,-59.925553],[139.661179,-59.93127],[-82.831057,-59.936988],[54.676707,-59.942708],[-167.815529,-59.948428],[-30.307765,-59.954149],[107.199999,-59.959871],[-115.292237,-59.965594],[22.215527,-59.971318],[159.723291,-59.977043],[-62.768945,-59.982769],[74.738819,-59.988497],[-147.753417,-59.994225],[-10.245653,-59.999954],[127.262111,-60.005684],[-95.230124,-60.011415],[42.27764,-60.017147],[179.785404,-60.02288],[-42.706832,-60.028614],[94.800932,-60.034349],[-127.691304,-60.040085],[9.81646,-60.045822],[147.324224,-60.05156],[-75.168012,-60.057299],[62.339752,-60.063039],[-160.152484,-60.06878],[-22.64472,-60.074522],[114.863044,-60.080265],[-107.629192,-60.086009],[29.878572,-60.091754],[167.386336,-60.0975],[-55.1059,-60.103247],[82.401864,-60.108995],[-140.090372,-60.114744],[-2.582608,-60.120494],[134.925157,-60.126245],[-87.567079,-60.131997],[49.940685,-60.137751],[-172.551551,-60.143505],[-35.043787,-60.14926],[102.463977,-60.155016],[-120.028259,-60.160773],[17.479505,-60.166531],[154.987269,-60.17229],[-67.504967,-60.17805],[70.002797,-60.183811],[-152.489439,-60.189573],[-14.981675,-60.195336],[122.526089,-60.201101],[-99.966147,-60.206866],[37.541617,-60.212632],[175.049381,-60.218399],[-47.442855,-60.224167],[90.064909,-60.229937],[-132.427327,-60.235707],[5.080438,-60.241478],[142.588202,-60.24725],[-79.904034,-60.253024],[57.60373,-60.258798],[-164.888506,-60.264573],[-27.380742,-60.27035],[110.127022,-60.276127],[-112.365214,-60.281905],[25.14255,-60.287685],[162.650314,-60.293465],[-59.841922,-60.299247],[77.665842,-60.305029],[-144.826394,-60.310813],[-7.31863,-60.316597],[130.189134,-60.322383],[-92.303102,-60.328169],[45.204662,-60.333957],[-177.287574,-60.339745],[-39.77981,-60.345535],[97.727954,-60.351326],[-124.764281,-60.357118],[12.743483,-60.36291],[150.251247,-60.368704],[-72.240989,-60.374499],[65.266775,-60.380295],[-157.225461,-60.386092],[-19.717697,-60.391889],[117.790067,-60.397688],[-104.702169,-60.403488],[32.805595,-60.409289],[170.313359,-60.415091],[-52.178877,-60.420894],[85.328887,-60.426698],[-137.163349,-60.432504],[0.344415,-60.43831],[137.852179,-60.444117],[-84.640057,-60.449925],[52.867707,-60.455734],[-169.624529,-60.461545],[-32.116765,-60.467356],[105.391,-60.473169],[-117.101236,-60.478982],[20.406528,-60.484796],[157.914292,-60.490612],[-64.577944,-60.496429],[72.92982,-60.502246],[-149.562416,-60.508065],[-12.054652,-60.513885],[125.453112,-60.519705],[-97.039124,-60.525527],[40.46864,-60.53135],[177.976404,-60.537174],[-44.515832,-60.542999],[92.991932,-60.548825],[-129.500304,-60.554652],[8.00746,-60.56048],[145.515224,-60.566309],[-76.977012,-60.572139],[60.530752,-60.57797],[-161.961484,-60.583803],[-24.453719,-60.589636],[113.054045,-60.59547],[-109.438191,-60.601306],[28.069573,-60.607142],[165.577337,-60.61298],[-56.914899,-60.618819],[80.592865,-60.624658],[-141.899371,-60.630499],[-4.391607,-60.636341],[133.116157,-60.642184],[-89.376079,-60.648028],[48.131685,-60.653873],[-174.360551,-60.659719],[-36.852787,-60.665566],[100.654977,-60.671414],[-121.837259,-60.677263],[15.670505,-60.683113],[153.178269,-60.688965],[-69.313967,-60.694817],[68.193797,-60.700671],[-154.298438,-60.706525],[-16.790674,-60.712381],[120.71709,-60.718237],[-101.775146,-60.724095],[35.732618,-60.729954],[173.240382,-60.735814],[-49.251854,-60.741675],[88.25591,-60.747537],[-134.236326,-60.7534],[3.271438,-60.759264],[140.779202,-60.765129],[-81.713034,-60.770996],[55.79473,-60.776863],[-166.697506,-60.782731],[-29.189742,-60.788601],[108.318022,-60.794472],[-114.174214,-60.800343],[23.33355,-60.806216],[160.841314,-60.81209],[-61.650922,-60.817965],[75.856843,-60.823841],[-146.635393,-60.829718],[-9.127629,-60.835596],[128.380135,-60.841475],[-94.112101,-60.847356],[43.395663,-60.853237],[-179.096573,-60.859119],[-41.588809,-60.865003],[95.918955,-60.870888],[-126.573281,-60.876773],[10.934483,-60.88266],[148.442247,-60.888548],[-74.049989,-60.894437],[63.457775,-60.900327],[-159.034461,-60.906218],[-21.526697,-60.912111],[115.981067,-60.918004],[-106.511169,-60.923898],[30.996595,-60.929794],[168.504359,-60.935691],[-53.987876,-60.941588],[83.519888,-60.947487],[-138.972348,-60.953387],[-1.464584,-60.959288],[136.04318,-60.96519],[-86.449056,-60.971093],[51.058708,-60.976997],[-171.433528,-60.982903],[-33.925764,-60.988809],[103.582,-60.994717],[-118.910236,-61.000626],[18.597528,-61.006535],[156.105292,-61.012446],[-66.386944,-61.018358],[71.12082,-61.024271],[-151.371416,-61.030185],[-13.863652,-61.036101],[123.644112,-61.042017],[-98.848124,-61.047935],[38.65964,-61.053853],[176.167405,-61.059773],[-46.324831,-61.065694],[91.182933,-61.071615],[-131.309303,-61.077539],[6.198461,-61.083463],[143.706225,-61.089388],[-78.786011,-61.095314],[58.721753,-61.101242],[-163.770483,-61.10717],[-26.262719,-61.1131],[111.245045,-61.119031],[-111.247191,-61.124963],[26.260573,-61.130896],[163.768337,-61.13683],[-58.723899,-61.142765],[78.783865,-61.148701],[-143.708371,-61.154639],[-6.200607,-61.160577],[131.307157,-61.166517],[-91.185079,-61.172458],[46.322686,-61.1784],[-176.16955,-61.184343],[-38.661786,-61.190287],[98.845978,-61.196232],[-123.646258,-61.202179],[13.861506,-61.208126],[151.36927,-61.214075],[-71.122966,-61.220025],[66.384798,-61.225976],[-156.107438,-61.231928],[-18.599674,-61.237881],[118.90809,-61.243835],[-103.584146,-61.249791],[33.923618,-61.255747],[171.431382,-61.261705],[-51.060854,-61.267664],[86.44691,-61.273624],[-136.045326,-61.279585],[1.462438,-61.285547],[138.970202,-61.291511],[-83.522033,-61.297475],[53.985731,-61.303441],[-168.506505,-61.309407],[-30.998741,-61.315375],[106.509023,-61.321344],[-115.983213,-61.327315],[21.524551,-61.333286],[159.032315,-61.339258],[-63.459921,-61.345232],[74.047843,-61.351207],[-148.444393,-61.357182],[-10.936629,-61.363159],[126.571135,-61.369138],[-95.921101,-61.375117],[41.586663,-61.381097],[179.094427,-61.387079],[-43.397809,-61.393062],[94.109955,-61.399045],[-128.382281,-61.40503],[9.125483,-61.411017],[146.633248,-61.417004],[-75.858988,-61.422992],[61.648776,-61.428982],[-160.84346,-61.434973],[-23.335696,-61.440965],[114.172068,-61.446958],[-108.320168,-61.452952],[29.187596,-61.458947],[166.69536,-61.464944],[-55.796876,-61.470941],[81.710888,-61.47694],[-140.781348,-61.48294],[-3.273584,-61.488941],[134.23418,-61.494944],[-88.258056,-61.500947],[49.249708,-61.506952],[-173.242528,-61.512957],[-35.734764,-61.518964],[101.773,-61.524973],[-120.719236,-61.530982],[16.788529,-61.536992],[154.296293,-61.543004],[-68.195943,-61.549016],[69.311821,-61.55503],[-153.180415,-61.561045],[-15.672651,-61.567062],[121.835113,-61.573079],[-100.657123,-61.579098],[36.850641,-61.585117],[174.358405,-61.591138],[-48.133831,-61.59716],[89.373933,-61.603184],[-133.118303,-61.609208],[4.389461,-61.615234],[141.897225,-61.62126],[-80.595011,-61.627288],[56.912753,-61.633318],[-165.579483,-61.639348],[-28.071719,-61.645379],[109.436045,-61.651412],[-113.05619,-61.657446],[24.451574,-61.663481],[161.959338,-61.669517],[-60.532898,-61.675554],[76.974866,-61.681593],[-145.51737,-61.687633],[-8.009606,-61.693673],[129.498158,-61.699716],[-92.994078,-61.705759],[44.513686,-61.711803],[-177.97855,-61.717849],[-40.470786,-61.723896],[97.036978,-61.729944],[-125.455258,-61.735993],[12.052506,-61.742043],[149.56027,-61.748095],[-72.931966,-61.754148],[64.575798,-61.760202],[-157.916438,-61.766257],[-20.408674,-61.772313],[117.099091,-61.778371],[-105.393145,-61.784429],[32.114619,-61.790489],[169.622383,-61.79655],[-52.869853,-61.802613],[84.637911,-61.808676],[-137.854325,-61.814741],[-0.346561,-61.820807],[137.161203,-61.826874],[-85.331033,-61.832942],[52.176731,-61.839012],[-170.315505,-61.845082],[-32.807741,-61.851154],[104.700023,-61.857227],[-117.792213,-61.863302],[19.715551,-61.869377],[157.223315,-61.875454],[-65.268921,-61.881532],[72.238843,-61.887611],[-150.253393,-61.893691],[-12.745628,-61.899773],[124.762136,-61.905856],[-97.7301,-61.91194],[39.777664,-61.918025],[177.285428,-61.924111],[-45.206808,-61.930199],[92.300956,-61.936288],[-130.19128,-61.942378],[7.316484,-61.948469],[144.824248,-61.954561],[-77.667988,-61.960655],[59.839776,-61.96675],[-162.65246,-61.972846],[-25.144696,-61.978944],[112.363068,-61.985042],[-110.129168,-61.991142],[27.378596,-61.997243],[164.88636,-62.003345],[-57.605876,-62.009448],[79.901888,-62.015553],[-142.590347,-62.021659],[-5.082583,-62.027766],[132.425181,-62.033874],[-90.067055,-62.039984],[47.440709,-62.046095],[-175.051527,-62.052207],[-37.543763,-62.05832],[99.964001,-62.064435],[-122.528235,-62.07055],[14.979529,-62.076667],[152.487293,-62.082785],[-70.004943,-62.088905],[67.502821,-62.095025],[-154.989415,-62.101147],[-17.481651,-62.10727],[120.026113,-62.113395],[-102.466123,-62.11952],[35.041641,-62.125647],[172.549405,-62.131775],[-49.942831,-62.137905],[87.564934,-62.144035],[-134.927302,-62.150167],[2.580462,-62.1563],[140.088226,-62.162434],[-82.40401,-62.16857],[55.103754,-62.174706],[-167.388482,-62.180844],[-29.880718,-62.186984],[107.627046,-62.193124],[-114.86519,-62.199266],[22.642574,-62.205409],[160.150338,-62.211553],[-62.341898,-62.217699],[75.165866,-62.223845],[-147.32637,-62.229993],[-9.818606,-62.236143],[127.689158,-62.242293],[-94.803078,-62.248445],[42.704686,-62.254598],[-179.78755,-62.260752],[-42.279785,-62.266908],[95.227979,-62.273065],[-127.264257,-62.279223],[10.243507,-62.285382],[147.751271,-62.291542],[-74.740965,-62.297704],[62.766799,-62.303867],[-159.725437,-62.310032],[-22.217673,-62.316197],[115.290091,-62.322364],[-107.202145,-62.328532],[30.305619,-62.334702],[167.813383,-62.340872],[-54.678853,-62.347044],[82.828911,-62.353218],[-139.663325,-62.359392],[-2.155561,-62.365568],[135.352203,-62.371745],[-87.140033,-62.377923],[50.367731,-62.384103],[-172.124504,-62.390284],[-34.61674,-62.396466],[102.891024,-62.402649],[-119.601212,-62.408834],[17.906552,-62.41502],[155.414316,-62.421207],[-67.07792,-62.427396],[70.429844,-62.433585],[-152.062392,-62.439776],[-14.554628,-62.445969],[122.953136,-62.452162],[-99.5391,-62.458357],[37.968664,-62.464554],[175.476428,-62.470751],[-47.015808,-62.47695],[90.491956,-62.48315],[-132.00028,-62.489351],[5.507484,-62.495554],[143.015248,-62.501758],[-79.476988,-62.507963],[58.030777,-62.51417],[-164.461459,-62.520377],[-26.953695,-62.526587],[110.554069,-62.532797],[-111.938167,-62.539009],[25.569597,-62.545222],[163.077361,-62.551436],[-59.414875,-62.557652],[78.092889,-62.563868],[-144.399347,-62.570087],[-6.891583,-62.576306],[130.616181,-62.582527],[-91.876055,-62.588749],[45.631709,-62.594972],[-176.860527,-62.601197],[-39.352763,-62.607423],[98.155001,-62.61365],[-124.337235,-62.619879],[13.170529,-62.626109],[150.678293,-62.63234],[-71.813942,-62.638573],[65.693822,-62.644807],[-156.798414,-62.651042],[-19.29065,-62.657278],[118.217114,-62.663516],[-104.275122,-62.669755],[33.232642,-62.675996],[170.740406,-62.682237],[-51.75183,-62.68848],[85.755934,-62.694725],[-136.736302,-62.70097],[0.771462,-62.707217],[138.279226,-62.713466],[-84.21301,-62.719715],[53.294754,-62.725966],[-169.197482,-62.732219],[-31.689718,-62.738472],[105.818046,-62.744727],[-116.67419,-62.750983],[20.833574,-62.757241],[158.341339,-62.7635],[-64.150897,-62.76976],[73.356867,-62.776022],[-149.135369,-62.782285],[-11.627605,-62.788549],[125.880159,-62.794814],[-96.612077,-62.801081],[40.895687,-62.80735],[178.403451,-62.813619],[-44.088785,-62.81989],[93.418979,-62.826162],[-129.073257,-62.832436],[8.434507,-62.838711],[145.942271,-62.844987],[-76.549965,-62.851265],[60.957799,-62.857544],[-161.534437,-62.863824],[-24.026673,-62.870106],[113.481091,-62.876389],[-109.011145,-62.882673],[28.49662,-62.888959],[166.004384,-62.895246],[-56.487852,-62.901534],[81.019912,-62.907824],[-141.472324,-62.914115],[-3.96456,-62.920407],[133.543204,-62.926701],[-88.949032,-62.932996],[48.558732,-62.939292],[-173.933504,-62.94559],[-36.42574,-62.951889],[101.082024,-62.95819],[-121.410212,-62.964492],[16.097552,-62.970795],[153.605316,-62.9771],[-68.88692,-62.983406],[68.620844,-62.989713],[-153.871392,-62.996022],[-16.363628,-63.002332],[121.144136,-63.008643],[-101.348099,-63.014956],[36.159665,-63.02127],[173.667429,-63.027586],[-48.824807,-63.033903],[88.682957,-63.040221],[-133.809279,-63.046541],[3.698485,-63.052862],[141.206249,-63.059184],[-81.285987,-63.065508],[56.221777,-63.071833],[-166.270459,-63.078159],[-28.762695,-63.084487],[108.745069,-63.090816],[-113.747167,-63.097147],[23.760597,-63.103479],[161.268361,-63.109812],[-61.223875,-63.116147],[76.283889,-63.122483],[-146.208347,-63.128821],[-8.700583,-63.13516],[128.807182,-63.1415],[-93.685054,-63.147842],[43.82271,-63.154185],[-178.669526,-63.160529],[-41.161762,-63.166875],[96.346002,-63.173222],[-126.146234,-63.179571],[11.36153,-63.185921],[148.869294,-63.192272],[-73.622942,-63.198625],[63.884822,-63.204979],[-158.607414,-63.211335],[-21.09965,-63.217692],[116.408114,-63.22405],[-106.084122,-63.23041],[31.423642,-63.236771],[168.931406,-63.243134],[-53.56083,-63.249498],[83.946934,-63.255863],[-138.545302,-63.26223],[-1.037537,-63.268598],[136.470227,-63.274968],[-86.022009,-63.281339],[51.485755,-63.287711],[-171.006481,-63.294085],[-33.498717,-63.300461],[104.009047,-63.306837],[-118.483189,-63.313215],[19.024575,-63.319595],[156.532339,-63.325976],[-65.959897,-63.332358],[71.547867,-63.338742],[-150.944369,-63.345127],[-13.436605,-63.351513],[124.071159,-63.357901],[-98.421077,-63.364291],[39.086687,-63.370682],[176.594451,-63.377074],[-45.897785,-63.383467],[91.609979,-63.389863],[-130.882256,-63.396259],[6.625508,-63.402657],[144.133272,-63.409056],[-78.358964,-63.415457],[59.1488,-63.421859],[-163.343436,-63.428263],[-25.835672,-63.434668],[111.672092,-63.441075],[-110.820144,-63.447483],[26.68762,-63.453892],[164.195384,-63.460303],[-58.296852,-63.466715],[79.210912,-63.473129],[-143.281324,-63.479544],[-5.77356,-63.48596],[131.734204,-63.492378],[-90.758032,-63.498798],[46.749732,-63.505219],[-175.742504,-63.511641],[-38.23474,-63.518065],[99.273025,-63.52449],[-123.219211,-63.530917],[14.288553,-63.537345],[151.796317,-63.543775],[-70.695919,-63.550206],[66.811845,-63.556638],[-155.680391,-63.563072],[-18.172627,-63.569507],[119.335137,-63.575944],[-103.157099,-63.582383],[34.350665,-63.588822],[171.858429,-63.595263],[-50.633807,-63.601706],[86.873957,-63.60815],[-135.618279,-63.614596],[1.889485,-63.621043],[139.397249,-63.627491],[-83.094987,-63.633941],[54.412777,-63.640393],[-168.079459,-63.646846],[-30.571694,-63.6533],[106.93607,-63.659756],[-115.556166,-63.666213],[21.951598,-63.672672],[159.459362,-63.679132],[-63.032874,-63.685594],[74.47489,-63.692057],[-148.017346,-63.698522],[-10.509582,-63.704988],[126.998182,-63.711456],[-95.494054,-63.717925],[42.01371,-63.724395],[179.521474,-63.730867],[-42.970762,-63.737341],[94.537002,-63.743816],[-127.955234,-63.750293],[9.55253,-63.756771],[147.060294,-63.76325],[-75.431942,-63.769731],[62.075822,-63.776214],[-160.416413,-63.782697],[-22.908649,-63.789183],[114.599115,-63.79567],[-107.893121,-63.802158],[29.614643,-63.808648],[167.122407,-63.81514],[-55.369829,-63.821633],[82.137935,-63.828127],[-140.354301,-63.834623],[-2.846537,-63.84112],[134.661227,-63.847619],[-87.831009,-63.85412],[49.676755,-63.860621],[-172.815481,-63.867125],[-35.307717,-63.87363],[102.200047,-63.880136],[-120.292189,-63.886644],[17.215575,-63.893154],[154.723339,-63.899665],[-67.768897,-63.906177],[69.738868,-63.912691],[-152.753368,-63.919206],[-15.245604,-63.925723],[122.26216,-63.932242],[-100.230076,-63.938762],[37.277688,-63.945284],[174.785452,-63.951807],[-47.706784,-63.958331],[89.80098,-63.964857],[-132.691256,-63.971385],[4.816508,-63.977914],[142.324272,-63.984445],[-80.167964,-63.990977],[57.3398,-63.997511],[-165.152436,-64.004046],[-27.644672,-64.010583],[109.863092,-64.017121],[-112.629144,-64.023661],[24.87862,-64.030202],[162.386384,-64.036745],[-60.105851,-64.04329],[77.401913,-64.049836],[-145.090323,-64.056383],[-7.582559,-64.062932],[129.925205,-64.069483],[-92.567031,-64.076035],[44.940733,-64.082589],[-177.551503,-64.089144],[-40.043739,-64.095701],[97.464025,-64.102259],[-125.028211,-64.108819],[12.479553,-64.11538],[149.987317,-64.121943],[-72.504919,-64.128508],[65.002845,-64.135074],[-157.489391,-64.141641],[-19.981627,-64.148211],[117.526137,-64.154781],[-104.966099,-64.161354],[32.541665,-64.167927],[170.04943,-64.174503],[-52.442806,-64.18108],[85.064958,-64.187658],[-137.427278,-64.194238],[0.080486,-64.20082],[137.58825,-64.207403],[-84.903986,-64.213988],[52.603778,-64.220574],[-169.888458,-64.227162],[-32.380694,-64.233752],[105.12707,-64.240343],[-117.365166,-64.246935],[20.142598,-64.253529],[157.650362,-64.260125],[-64.841874,-64.266723],[72.66589,-64.273322],[-149.826346,-64.279922],[-12.318582,-64.286524],[125.189182,-64.293128],[-97.303054,-64.299733],[40.204711,-64.30634],[177.712475,-64.312948],[-44.779761,-64.319558],[92.728003,-64.32617],[-129.764233,-64.332783],[7.743531,-64.339398],[145.251295,-64.346014],[-77.240941,-64.352632],[60.266823,-64.359251],[-162.225413,-64.365872],[-24.717649,-64.372495],[112.790115,-64.379119],[-109.702121,-64.385745],[27.805643,-64.392373],[165.313407,-64.399002],[-57.178829,-64.405633],[80.328935,-64.412265],[-142.163301,-64.418899],[-4.655537,-64.425534],[132.852227,-64.432172],[-89.640008,-64.43881],[47.867756,-64.445451],[-174.62448,-64.452093],[-37.116716,-64.458736],[100.391048,-64.465381],[-122.101188,-64.472028],[15.406576,-64.478676],[152.91434,-64.485326],[-69.577896,-64.491978],[67.929868,-64.498631],[-154.562368,-64.505286],[-17.054604,-64.511943],[120.45316,-64.518601],[-102.039076,-64.525261],[35.468688,-64.531922],[172.976452,-64.538585],[-49.515784,-64.545249],[87.99198,-64.551916],[-134.500256,-64.558584],[3.007508,-64.565253],[140.515273,-64.571924],[-81.976963,-64.578597],[55.530801,-64.585271],[-166.961435,-64.591947],[-29.453671,-64.598625],[108.054093,-64.605304],[-114.438143,-64.611985],[23.069621,-64.618668],[160.577385,-64.625352],[-61.914851,-64.632038],[75.592913,-64.638726],[-146.899323,-64.645415],[-9.391559,-64.652106],[128.116205,-64.658798],[-94.376031,-64.665492],[43.131733,-64.672188],[-179.360503,-64.678886],[-41.852739,-64.685585],[95.655025,-64.692285],[-126.837211,-64.698988],[10.670554,-64.705692],[148.178318,-64.712398],[-74.313918,-64.719105],[63.193846,-64.725814],[-159.29839,-64.732525],[-21.790626,-64.739237],[115.717138,-64.745951],[-106.775098,-64.752667],[30.732666,-64.759384],[168.24043,-64.766103],[-54.251806,-64.772824],[83.255958,-64.779547],[-139.236278,-64.786271],[-1.728514,-64.792996],[135.77925,-64.799724],[-86.712986,-64.806453],[50.794778,-64.813184],[-171.697458,-64.819916],[-34.189694,-64.82665],[103.31807,-64.833386],[-119.174165,-64.840124],[18.333599,-64.846863],[155.841363,-64.853604],[-66.650873,-64.860346],[70.856891,-64.867091],[-151.635345,-64.873837],[-14.127581,-64.880584],[123.380183,-64.887334],[-99.112053,-64.894085],[38.395711,-64.900838],[175.903475,-64.907592],[-46.588761,-64.914348],[90.919003,-64.921106],[-131.573233,-64.927866],[5.934531,-64.934627],[143.442295,-64.94139],[-79.049941,-64.948155],[58.457823,-64.954921],[-164.034413,-64.961689],[-26.526649,-64.968459],[110.981116,-64.97523],[-111.51112,-64.982004],[25.996644,-64.988779],[163.504408,-64.995555],[-58.987828,-65.002334],[78.519936,-65.009114],[-143.9723,-65.015896],[-6.464536,-65.022679],[131.043228,-65.029465],[-91.449008,-65.036252],[46.058756,-65.04304],[-176.43348,-65.049831],[-38.925716,-65.056623],[98.582048,-65.063417],[-123.910188,-65.070213],[13.597576,-65.07701],[151.10534,-65.083809],[-71.386896,-65.09061],[66.120868,-65.097413],[-156.371368,-65.104217],[-18.863603,-65.111023],[118.644161,-65.117831],[-103.848075,-65.12464],[33.659689,-65.131452],[171.167453,-65.138265],[-51.324783,-65.14508],[86.182981,-65.151896],[-136.309255,-65.158715],[1.198509,-65.165535],[138.706273,-65.172357],[-83.785963,-65.17918],[53.721801,-65.186005],[-168.770435,-65.192833],[-31.262671,-65.199661],[106.245093,-65.206492],[-116.247143,-65.213324],[21.260621,-65.220159],[158.768385,-65.226995],[-63.723851,-65.233832],[73.783913,-65.240672],[-148.708322,-65.247513],[-11.200558,-65.254356],[126.307206,-65.261201],[-96.18503,-65.268047],[41.322734,-65.274896],[178.830498,-65.281746],[-43.661738,-65.288598],[93.846026,-65.295451],[-128.64621,-65.302307],[8.861554,-65.309164],[146.369318,-65.316023],[-76.122918,-65.322884],[61.384846,-65.329746],[-161.10739,-65.336611],[-23.599626,-65.343477],[113.908138,-65.350345],[-108.584098,-65.357215],[28.923666,-65.364086],[166.43143,-65.37096],[-56.060806,-65.377835],[81.446959,-65.384712],[-141.045277,-65.39159],[-3.537513,-65.398471],[133.970251,-65.405353],[-88.521985,-65.412238],[48.985779,-65.419124],[-173.506457,-65.426011],[-35.998693,-65.432901],[101.509071,-65.439792],[-120.983165,-65.446686],[16.524599,-65.453581],[154.032363,-65.460478],[-68.459873,-65.467376],[69.047891,-65.474277],[-153.444345,-65.481179],[-15.936581,-65.488083],[121.571183,-65.494989],[-100.921053,-65.501897],[36.586711,-65.508807],[174.094475,-65.515718],[-48.39776,-65.522631],[89.110004,-65.529546],[-133.382232,-65.536463],[4.125532,-65.543382],[141.633296,-65.550303],[-80.85894,-65.557225],[56.648824,-65.56415],[-165.843412,-65.571076],[-28.335648,-65.578004],[109.172116,-65.584934],[-113.32012,-65.591865],[24.187644,-65.598799],[161.695408,-65.605734],[-60.796828,-65.612671],[76.710936,-65.619611],[-145.7813,-65.626551],[-8.273536,-65.633494],[129.234228,-65.640439],[-93.258008,-65.647385],[44.249756,-65.654334],[-178.242479,-65.661284],[-40.734715,-65.668236],[96.773049,-65.67519],[-125.719187,-65.682146],[11.788577,-65.689104],[149.296341,-65.696063],[-73.195895,-65.703025],[64.311869,-65.709988],[-158.180367,-65.716953],[-20.672603,-65.72392],[116.835161,-65.730889],[-105.657075,-65.73786],[31.850689,-65.744833],[169.358453,-65.751808],[-53.133783,-65.758784],[84.373981,-65.765762],[-138.118255,-65.772743],[-0.610491,-65.779725],[136.897273,-65.786709],[-85.594963,-65.793695],[51.912802,-65.800683],[-170.579434,-65.807672],[-33.07167,-65.814664],[104.436094,-65.821658],[-118.056142,-65.828653],[19.451622,-65.83565],[156.959386,-65.84265],[-65.53285,-65.849651],[71.974914,-65.856654],[-150.517322,-65.863659],[-13.009558,-65.870666],[124.498206,-65.877674],[-97.99403,-65.884685],[39.513734,-65.891698],[177.021498,-65.898712],[-45.470738,-65.905729],[92.037026,-65.912747],[-130.45521,-65.919767],[7.052554,-65.92679],[144.560318,-65.933814],[-77.931917,-65.94084],[59.575847,-65.947868],[-162.916389,-65.954898],[-25.408625,-65.96193],[112.099139,-65.968964],[-110.393097,-65.975999],[27.114667,-65.983037],[164.622431,-65.990077],[-57.869805,-65.997118],[79.637959,-66.004162],[-142.854277,-66.011207],[-5.346513,-66.018255],[132.161251,-66.025304],[-90.330985,-66.032355],[47.176779,-66.039409],[-175.315457,-66.046464],[-37.807693,-66.053521],[99.700071,-66.06058],[-122.792165,-66.067641],[14.715599,-66.074704],[152.223364,-66.081769],[-70.268872,-66.088836],[67.238892,-66.095905],[-155.253344,-66.102976],[-17.74558,-66.110049],[119.762184,-66.117124],[-102.730052,-66.124201],[34.777712,-66.13128],[172.285476,-66.138361],[-50.20676,-66.145443],[87.301004,-66.152528],[-135.191232,-66.159615],[2.316532,-66.166704],[139.824296,-66.173794],[-82.66794,-66.180887],[54.839824,-66.187982],[-167.652412,-66.195078],[-30.144648,-66.202177],[107.363116,-66.209278],[-115.12912,-66.21638],[22.378645,-66.223485],[159.886409,-66.230592],[-62.605827,-66.2377],[74.901937,-66.244811],[-147.590299,-66.251924],[-10.082535,-66.259038],[127.425229,-66.266155],[-95.067007,-66.273274],[42.440757,-66.280394],[179.948521,-66.287517],[-42.543715,-66.294642],[94.964049,-66.301769],[-127.528187,-66.308897],[9.979577,-66.316028],[147.487341,-66.323161],[-75.004895,-66.330296],[62.502869,-66.337433],[-159.989367,-66.344572],[-22.481603,-66.351713],[115.026161,-66.358856],[-107.466074,-66.366001],[30.04169,-66.373148],[167.549454,-66.380297],[-54.942782,-66.387448],[82.564982,-66.394601],[-139.927254,-66.401756],[-2.41949,-66.408913],[135.088274,-66.416073],[-87.403962,-66.423234],[50.103802,-66.430397],[-172.388434,-66.437563],[-34.88067,-66.44473],[102.627094,-66.4519],[-119.865142,-66.459072],[17.642622,-66.466245],[155.150386,-66.473421],[-67.34185,-66.480599],[70.165914,-66.487779],[-152.326322,-66.494961],[-14.818557,-66.502145],[122.689207,-66.509331],[-99.803029,-66.516519],[37.704735,-66.523709],[175.212499,-66.530902],[-47.279737,-66.538096],[90.228027,-66.545292],[-132.264209,-66.552491],[5.243555,-66.559692],[142.751319,-66.566894],[-79.740917,-66.574099],[57.766847,-66.581306],[-164.725389,-66.588515],[-27.217625,-66.595726],[110.290139,-66.60294],[-112.202097,-66.610155],[25.305667,-66.617372],[162.813431,-66.624592],[-59.678805,-66.631813],[77.828959,-66.639037],[-144.663276,-66.646263],[-7.155512,-66.653491],[130.352252,-66.660721],[-92.139984,-66.667953],[45.36778,-66.675187],[-177.124456,-66.682424],[-39.616692,-66.689662],[97.891072,-66.696903],[-124.601164,-66.704146],[12.9066,-66.711391],[150.414364,-66.718638],[-72.077872,-66.725887],[65.429892,-66.733138],[-157.062344,-66.740392],[-19.55458,-66.747647],[117.953184,-66.754905],[-104.539052,-66.762165],[32.968712,-66.769427],[170.476476,-66.776691],[-52.01576,-66.783957],[85.492005,-66.791226],[-137.000231,-66.798496],[0.507533,-66.805769],[138.015297,-66.813044],[-84.476939,-66.820321],[53.030825,-66.8276],[-169.461411,-66.834882],[-31.953647,-66.842165],[105.554117,-66.849451],[-116.938119,-66.856739],[20.569645,-66.864029],[158.077409,-66.871321],[-64.414827,-66.878615],[73.092937,-66.885912],[-149.399299,-66.893211],[-11.891535,-66.900512],[125.616229,-66.907815],[-96.876007,-66.91512],[40.631757,-66.922427],[178.139521,-66.929737],[-44.352714,-66.937049],[93.15505,-66.944363],[-129.337186,-66.951679],[8.170578,-66.958998],[145.678342,-66.966318],[-76.813894,-66.973641],[60.69387,-66.980966],[-161.798366,-66.988293],[-24.290602,-66.995623],[113.217162,-67.002954],[-109.275074,-67.010288],[28.23269,-67.017624],[165.740454,-67.024963],[-56.751782,-67.032303],[80.755982,-67.039646],[-141.736254,-67.046991],[-4.22849,-67.054338],[133.279274,-67.061687],[-89.212962,-67.069039],[48.294802,-67.076393],[-174.197433,-67.083749],[-36.689669,-67.091107],[100.818095,-67.098468],[-121.674141,-67.105831],[15.833623,-67.113196],[153.341387,-67.120563],[-69.150849,-67.127933],[68.356915,-67.135304],[-154.135321,-67.142678],[-16.627557,-67.150055],[120.880207,-67.157433],[-101.612029,-67.164814],[35.895735,-67.172197],[173.403499,-67.179582],[-49.088737,-67.18697],[88.419027,-67.19436],[-134.073209,-67.201752],[3.434555,-67.209146],[140.942319,-67.216543],[-81.549917,-67.223942],[55.957848,-67.231343],[-166.534388,-67.238747],[-29.026624,-67.246152],[108.48114,-67.25356],[-114.011096,-67.260971],[23.496668,-67.268383],[161.004432,-67.275798],[-61.487804,-67.283215],[76.01996,-67.290635],[-146.472276,-67.298057],[-8.964512,-67.305481],[128.543252,-67.312907],[-93.948984,-67.320336],[43.55878,-67.327767],[-178.933456,-67.3352],[-41.425692,-67.342636],[96.082072,-67.350074],[-126.410164,-67.357514],[11.0976,-67.364956],[148.605364,-67.372401],[-73.886871,-67.379849],[63.620893,-67.387298],[-158.871343,-67.39475],[-21.363579,-67.402204],[116.144185,-67.409661],[-106.348051,-67.417119],[31.159713,-67.424581],[168.667477,-67.432044],[-53.824759,-67.43951],[83.683005,-67.446978],[-138.809231,-67.454449],[-1.301467,-67.461922],[136.206297,-67.469397],[-86.285939,-67.476874],[51.221825,-67.484354],[-171.270411,-67.491837],[-33.762647,-67.499321],[103.745117,-67.506808],[-118.747119,-67.514298],[18.760645,-67.52179],[156.26841,-67.529284],[-66.223826,-67.53678],[71.283938,-67.544279],[-151.208298,-67.55178],[-13.700534,-67.559284],[123.80723,-67.56679],[-98.685006,-67.574298],[38.822758,-67.581809],[176.330522,-67.589322],[-46.161714,-67.596838],[91.34605,-67.604356],[-131.146186,-67.611876],[6.361578,-67.619399],[143.869342,-67.626924],[-78.622894,-67.634451],[58.88487,-67.641981],[-163.607366,-67.649514],[-26.099602,-67.657048],[111.408162,-67.664586],[-111.084074,-67.672125],[26.423691,-67.679667],[163.931455,-67.687211],[-58.560781,-67.694758],[78.946983,-67.702308],[-143.545253,-67.709859],[-6.037489,-67.717413],[131.470275,-67.72497],[-91.021961,-67.732529],[46.485803,-67.74009],[-176.006433,-67.747654],[-38.498669,-67.75522],[99.009095,-67.762789],[-123.483141,-67.77036],[14.024623,-67.777934],[151.532387,-67.78551],[-70.959849,-67.793089],[66.547915,-67.80067],[-155.944321,-67.808253],[-18.436557,-67.815839],[119.071207,-67.823427],[-103.421028,-67.831018],[34.086736,-67.838611],[171.5945,-67.846207],[-50.897736,-67.853805],[86.610028,-67.861406],[-135.882208,-67.869009],[1.625556,-67.876615],[139.13332,-67.884223],[-83.358916,-67.891834],[54.148848,-67.899447],[-168.343388,-67.907063],[-30.835624,-67.914681],[106.67214,-67.922301],[-115.820096,-67.929925],[21.687668,-67.93755],[159.195432,-67.945178],[-63.296804,-67.952809],[74.21096,-67.960442],[-148.281276,-67.968078],[-10.773512,-67.975716],[126.734253,-67.983357],[-95.757983,-67.991],[41.749781,-67.998646],[179.257545,-68.006294],[-43.234691,-68.013945],[94.273073,-68.021598],[-128.219163,-68.029254],[9.288601,-68.036912],[146.796365,-68.044573],[-75.695871,-68.052237],[61.811893,-68.059903],[-160.680343,-68.067571],[-23.172579,-68.075243],[114.335185,-68.082916],[-108.157051,-68.090593],[29.350713,-68.098271],[166.858477,-68.105953],[-55.633759,-68.113637],[81.874005,-68.121323],[-140.618231,-68.129012],[-3.110466,-68.136704],[134.397298,-68.144398],[-88.094938,-68.152095],[49.412826,-68.159794],[-173.07941,-68.167496],[-35.571646,-68.175201],[101.936118,-68.182908],[-120.556118,-68.190617],[16.951646,-68.19833],[154.45941,-68.206045],[-68.032826,-68.213762],[69.474938,-68.221482],[-153.017298,-68.229205],[-15.509534,-68.23693],[121.99823,-68.244658],[-100.494006,-68.252389],[37.013758,-68.260122],[174.521522,-68.267857],[-47.970714,-68.275596],[89.53705,-68.283337],[-132.955185,-68.29108],[4.552579,-68.298827],[142.060343,-68.306576],[-80.431893,-68.314327],[57.075871,-68.322081],[-165.416365,-68.329838],[-27.908601,-68.337598],[109.599163,-68.34536],[-112.893073,-68.353124],[24.614691,-68.360892],[162.122455,-68.368662],[-60.369781,-68.376435],[77.137983,-68.38421],[-145.354253,-68.391988],[-7.846489,-68.399769],[129.661275,-68.407552],[-92.830961,-68.415338],[44.676803,-68.423127],[-177.815433,-68.430918],[-40.307669,-68.438712],[97.200096,-68.446509],[-125.29214,-68.454309],[12.215624,-68.462111],[149.723388,-68.469916],[-72.768848,-68.477723],[64.738916,-68.485533],[-157.75332,-68.493346],[-20.245556,-68.501162],[117.262208,-68.50898],[-105.230028,-68.516801],[32.277736,-68.524625],[169.7855,-68.532452],[-52.706736,-68.540281],[84.801028,-68.548113],[-137.691208,-68.555947],[-0.183444,-68.563785],[137.32432,-68.571625],[-85.167916,-68.579468],[52.339848,-68.587313],[-170.152388,-68.595162],[-32.644623,-68.603013],[104.863141,-68.610866],[-117.629095,-68.618723],[19.878669,-68.626582],[157.386433,-68.634444],[-65.105803,-68.642309],[72.401961,-68.650177],[-150.090275,-68.658047],[-12.582511,-68.66592],[124.925253,-68.673796],[-97.566983,-68.681675],[39.940781,-68.689556],[177.448545,-68.697441],[-45.043691,-68.705328],[92.464073,-68.713217],[-130.028163,-68.72111],[7.479601,-68.729005],[144.987365,-68.736904],[-77.504871,-68.744804],[60.002893,-68.752708],[-162.489342,-68.760615],[-24.981578,-68.768524],[112.526186,-68.776436],[-109.96605,-68.784351],[27.541714,-68.792269],[165.049478,-68.80019],[-57.442758,-68.808113],[80.065006,-68.81604],[-142.42723,-68.823969],[-4.919466,-68.831901],[132.588298,-68.839836],[-89.903938,-68.847773],[47.603826,-68.855714],[-174.88841,-68.863657],[-37.380646,-68.871603],[100.127118,-68.879552],[-122.365118,-68.887504],[15.142646,-68.895459],[152.65041,-68.903417],[-69.841826,-68.911377],[67.665939,-68.91934],[-154.826297,-68.927307],[-17.318533,-68.935276],[120.189231,-68.943248],[-102.303005,-68.951223],[35.204759,-68.9592],[172.712523,-68.967181],[-49.779713,-68.975164],[87.728051,-68.983151],[-134.764185,-68.99114],[2.743579,-68.999132],[140.251343,-69.007128],[-82.240893,-69.015126],[55.266871,-69.023127],[-167.225365,-69.03113],[-29.717601,-69.039137],[107.790163,-69.047147],[-114.702073,-69.05516],[22.805691,-69.063175],[160.313455,-69.071194],[-62.17878,-69.079215],[75.328984,-69.087239],[-147.163252,-69.095267],[-9.655488,-69.103297],[127.852276,-69.11133],[-94.63996,-69.119366],[42.867804,-69.127405],[-179.624432,-69.135447],[-42.116668,-69.143492],[95.391096,-69.15154],[-127.10114,-69.159591],[10.406624,-69.167645],[147.914388,-69.175702],[-74.577848,-69.183762],[62.929916,-69.191825],[-159.56232,-69.199891],[-22.054556,-69.20796],[115.453208,-69.216032],[-107.039028,-69.224106],[30.468736,-69.232184],[167.976501,-69.240265],[-54.515735,-69.248349],[82.992029,-69.256436],[-139.500207,-69.264526],[-1.992443,-69.272619],[135.515321,-69.280715],[-86.976915,-69.288813],[50.530849,-69.296915],[-171.961387,-69.30502],[-34.453623,-69.313129],[103.054141,-69.32124],[-119.438095,-69.329354],[18.069669,-69.337471],[155.577433,-69.345591],[-66.914803,-69.353714],[70.592961,-69.361841],[-151.899275,-69.36997],[-14.391511,-69.378103],[123.116253,-69.386238],[-99.375983,-69.394377],[38.131782,-69.402518],[175.639546,-69.410663],[-46.85269,-69.418811],[90.655074,-69.426962],[-131.837162,-69.435116],[5.670602,-69.443273],[143.178366,-69.451433],[-79.31387,-69.459597],[58.193894,-69.467763],[-164.298342,-69.475933],[-26.790578,-69.484105],[110.717186,-69.492281],[-111.77505,-69.50046],[25.732714,-69.508642],[163.240478,-69.516827],[-59.251758,-69.525015],[78.256006,-69.533207],[-144.23623,-69.541401],[-6.728466,-69.549599],[130.779298,-69.5578],[-91.712937,-69.566004],[45.794827,-69.574211],[-176.697409,-69.582421],[-39.189645,-69.590635],[98.318119,-69.598851],[-124.174117,-69.607071],[13.333647,-69.615294],[150.841411,-69.62352],[-71.650825,-69.631749],[65.856939,-69.639982],[-156.635297,-69.648218],[-19.127533,-69.656456],[118.380231,-69.664698],[-104.112005,-69.672944],[33.395759,-69.681192],[170.903523,-69.689444],[-51.588713,-69.697699],[85.919051,-69.705957],[-136.573185,-69.714218],[0.934579,-69.722483],[138.442344,-69.730751],[-84.049892,-69.739022],[53.457872,-69.747296],[-169.034364,-69.755573],[-31.5266,-69.763854],[105.981164,-69.772138],[-116.511072,-69.780425],[20.996692,-69.788716],[158.504456,-69.79701],[-63.98778,-69.805307],[73.519984,-69.813607],[-148.972252,-69.821911],[-11.464488,-69.830217],[126.043276,-69.838527],[-96.44896,-69.846841],[41.058804,-69.855158],[178.566568,-69.863478],[-43.925668,-69.871801],[93.582096,-69.880127],[-128.91014,-69.888457],[8.597625,-69.89679],[146.105389,-69.905127],[-76.386847,-69.913467],[61.120917,-69.92181],[-161.371319,-69.930156],[-23.863555,-69.938506],[113.644209,-69.946859],[-108.848027,-69.955216],[28.659737,-69.963576],[166.167501,-69.971939],[-56.324735,-69.980305],[81.183029,-69.988675],[-141.309207,-69.997048],[-3.801443,-70.005425],[133.706321,-70.013805],[-88.785915,-70.022188],[48.721849,-70.030575],[-173.770387,-70.038965],[-36.262623,-70.047358],[101.245141,-70.055755],[-121.247094,-70.064155],[16.26067,-70.072559],[153.768434,-70.080966],[-68.723802,-70.089377],[68.783962,-70.09779],[-153.708274,-70.106208],[-16.20051,-70.114628],[121.307254,-70.123053],[-101.184982,-70.13148],[36.322782,-70.139911],[173.830546,-70.148345],[-48.66169,-70.156783],[88.846074,-70.165225],[-133.646162,-70.173669],[3.861602,-70.182117],[141.369366,-70.190569],[-81.12287,-70.199024],[56.384894,-70.207483],[-166.107342,-70.215945],[-28.599578,-70.22441],[108.908187,-70.232879],[-113.584049,-70.241352],[23.923715,-70.249828],[161.431479,-70.258307],[-61.060757,-70.26679],[76.447007,-70.275277],[-146.045229,-70.283767],[-8.537465,-70.29226],[128.970299,-70.300757],[-93.521937,-70.309258],[43.985827,-70.317762],[-178.506409,-70.326269],[-40.998645,-70.334781],[96.509119,-70.343295],[-125.983117,-70.351813],[11.524647,-70.360335],[149.032411,-70.36886],[-73.459825,-70.377389],[64.047939,-70.385922],[-158.444297,-70.394458],[-20.936532,-70.402997],[116.571232,-70.41154],[-105.921004,-70.420087],[31.58676,-70.428637],[169.094524,-70.437191],[-53.397712,-70.445749],[84.110052,-70.45431],[-138.382184,-70.462875],[-0.87442,-70.471443],[136.633344,-70.480015],[-85.858892,-70.48859],[51.648872,-70.49717],[-170.843364,-70.505752],[-33.3356,-70.514339],[104.172164,-70.522929],[-118.320072,-70.531523],[19.187692,-70.54012],[156.695456,-70.548721],[-65.79678,-70.557326],[71.710984,-70.565934],[-150.781251,-70.574546],[-13.273487,-70.583162],[124.234277,-70.591781],[-98.257959,-70.600404],[39.249805,-70.609031],[176.757569,-70.617661],[-45.734667,-70.626295],[91.773097,-70.634933],[-130.719139,-70.643575],[6.788625,-70.65222],[144.296389,-70.660869],[-78.195847,-70.669521],[59.311917,-70.678178],[-163.180319,-70.686838],[-25.672555,-70.695502],[111.835209,-70.704169],[-110.657027,-70.712841],[26.850737,-70.721516],[164.358501,-70.730195],[-58.133735,-70.738877],[79.37403,-70.747564],[-143.118206,-70.756254],[-5.610442,-70.764948],[131.897322,-70.773645],[-90.594914,-70.782347],[46.91285,-70.791052],[-175.579386,-70.799761],[-38.071622,-70.808474],[99.436142,-70.817191],[-123.056094,-70.825911],[14.45167,-70.834636],[151.959434,-70.843364],[-70.532802,-70.852096],[66.974962,-70.860832],[-155.517274,-70.869571],[-18.00951,-70.878315],[119.498254,-70.887062],[-102.993982,-70.895813],[34.513782,-70.904569],[172.021546,-70.913327],[-50.470689,-70.92209],[87.037075,-70.930857],[-135.455161,-70.939628],[2.052603,-70.948402],[139.560367,-70.95718],[-82.931869,-70.965963],[54.575895,-70.974749],[-167.916341,-70.983539],[-30.408577,-70.992333],[107.099187,-71.001131],[-115.393049,-71.009932],[22.114715,-71.018738],[159.622479,-71.027548],[-62.869757,-71.036362],[74.638007,-71.045179],[-147.854229,-71.054001],[-10.346465,-71.062826],[127.161299,-71.071656],[-95.330937,-71.080489],[42.176827,-71.089326],[179.684592,-71.098168],[-42.807644,-71.107013],[94.70012,-71.115862],[-127.792116,-71.124716],[9.715648,-71.133573],[147.223412,-71.142435],[-75.268824,-71.1513],[62.23894,-71.160169],[-160.253296,-71.169043],[-22.745532,-71.17792],[114.762232,-71.186802],[-107.730004,-71.195687],[29.77776,-71.204577],[167.285524,-71.21347],[-55.206712,-71.222368],[82.301052,-71.23127],[-140.191184,-71.240176],[-2.68342,-71.249086],[134.824344,-71.258],[-87.667892,-71.266918],[49.839873,-71.27584],[-172.652363,-71.284766],[-35.144599,-71.293697],[102.363165,-71.302631],[-120.129071,-71.31157],[17.378693,-71.320513],[154.886457,-71.329459],[-67.605779,-71.33841],[69.901985,-71.347366],[-152.590251,-71.356325],[-15.082487,-71.365288],[122.425277,-71.374256],[-100.066959,-71.383228],[37.440805,-71.392204],[174.948569,-71.401184],[-47.543667,-71.410168],[89.964097,-71.419157],[-132.528139,-71.428149],[4.979625,-71.437146],[142.487389,-71.446147],[-80.004846,-71.455153],[57.502918,-71.464162],[-164.989318,-71.473176],[-27.481554,-71.482194],[110.02621,-71.491216],[-112.466026,-71.500243],[25.041738,-71.509274],[162.549502,-71.518309],[-59.942734,-71.527348],[77.56503,-71.536391],[-144.927206,-71.545439],[-7.419442,-71.554491],[130.088322,-71.563548],[-92.403914,-71.572608],[45.10385,-71.581673],[-177.388386,-71.590743],[-39.880622,-71.599816],[97.627142,-71.608894],[-124.865094,-71.617977],[12.64267,-71.627063],[150.150435,-71.636154],[-72.341801,-71.645249],[65.165963,-71.654349],[-157.326273,-71.663453],[-19.818509,-71.672561],[117.689255,-71.681674],[-104.802981,-71.690791],[32.704783,-71.699913],[170.212547,-71.709039],[-52.279689,-71.718169],[85.228075,-71.727304],[-137.264161,-71.736443],[0.243603,-71.745586],[137.751367,-71.754734],[-84.740869,-71.763887],[52.766895,-71.773044],[-169.725341,-71.782205],[-32.217577,-71.791371],[105.290187,-71.800541],[-117.202049,-71.809716],[20.305716,-71.818895],[157.81348,-71.828078],[-64.678756,-71.837266],[72.829008,-71.846459],[-149.663228,-71.855656],[-12.155464,-71.864858],[125.3523,-71.874064],[-97.139936,-71.883274],[40.367828,-71.89249],[177.875592,-71.901709],[-44.616644,-71.910934],[92.89112,-71.920162],[-129.601116,-71.929396],[7.906648,-71.938634],[145.414412,-71.947876],[-77.077824,-71.957123],[60.42994,-71.966375],[-162.062296,-71.975631],[-24.554532,-71.984892],[112.953232,-71.994157],[-109.539003,-72.003427],[27.968761,-72.012702],[165.476525,-72.021981],[-57.015711,-72.031265],[80.492053,-72.040554],[-142.000183,-72.049847],[-4.492419,-72.059145],[133.015345,-72.068448],[-89.476891,-72.077755],[48.030873,-72.087067],[-174.461363,-72.096383],[-36.953599,-72.105704],[100.554165,-72.11503],[-121.938071,-72.124361],[15.569693,-72.133696],[153.077457,-72.143037],[-69.414779,-72.152381],[68.092985,-72.161731],[-154.399251,-72.171085],[-16.891487,-72.180444],[120.616278,-72.189808],[-101.875958,-72.199177],[35.631806,-72.20855],[173.13957,-72.217928],[-49.352666,-72.227311],[88.155098,-72.236699],[-134.337138,-72.246091],[3.170626,-72.255489],[140.67839,-72.264891],[-81.813846,-72.274298],[55.693918,-72.28371],[-166.798318,-72.293126],[-29.290554,-72.302548],[108.21721,-72.311974],[-114.275026,-72.321405],[23.232738,-72.330842],[160.740502,-72.340283],[-61.751734,-72.349728],[75.75603,-72.359179],[-146.736206,-72.368635],[-9.228441,-72.378095],[128.279323,-72.387561],[-94.212913,-72.397031],[43.294851,-72.406507],[-179.197385,-72.415987],[-41.689621,-72.425472],[95.818143,-72.434963],[-126.674093,-72.444458],[10.833671,-72.453958],[148.341435,-72.463463],[-74.150801,-72.472973],[63.356963,-72.482488],[-159.135273,-72.492009],[-21.627509,-72.501534],[115.880255,-72.511064],[-106.611981,-72.520599],[30.895783,-72.530139],[168.403547,-72.539685],[-54.088689,-72.549235],[83.419075,-72.558791],[-139.07316,-72.568351],[-1.565396,-72.577917],[135.942368,-72.587488],[-86.549868,-72.597063],[50.957896,-72.606644],[-171.53434,-72.61623],[-34.026576,-72.625821],[103.481188,-72.635418],[-119.011048,-72.645019],[18.496716,-72.654626],[156.00448,-72.664237],[-66.487756,-72.673854],[71.020008,-72.683476],[-151.472228,-72.693104],[-13.964464,-72.702736],[123.5433,-72.712374],[-98.948936,-72.722017],[38.558828,-72.731665],[176.066592,-72.741318],[-46.425644,-72.750977],[91.082121,-72.760641],[-131.410115,-72.77031],[6.097649,-72.779984],[143.605413,-72.789664],[-78.886823,-72.799349],[58.620941,-72.809039],[-163.871295,-72.818734],[-26.363531,-72.828435],[111.144233,-72.838141],[-111.348003,-72.847853],[26.159761,-72.857569],[163.667525,-72.867292],[-58.824711,-72.877019],[78.683053,-72.886752],[-143.809183,-72.89649],[-6.301419,-72.906234],[131.206345,-72.915983],[-91.285891,-72.925737],[46.221873,-72.935497],[-176.270363,-72.945262],[-38.762598,-72.955033],[98.745166,-72.964809],[-123.74707,-72.97459],[13.760694,-72.984377],[151.268458,-72.99417],[-71.223778,-73.003968],[66.283986,-73.013771],[-156.20825,-73.02358],[-18.700486,-73.033394],[118.807278,-73.043214],[-103.684958,-73.05304],[33.822806,-73.062871],[171.33057,-73.072707],[-51.161666,-73.082549],[86.346098,-73.092397],[-136.146138,-73.10225],[1.361626,-73.112109],[138.86939,-73.121973],[-83.622846,-73.131843],[53.884918,-73.141719],[-168.607317,-73.1516],[-31.099553,-73.161487],[106.408211,-73.171379],[-116.084025,-73.181278],[21.423739,-73.191181],[158.931503,-73.201091],[-63.560733,-73.211006],[73.947031,-73.220927],[-148.545205,-73.230853],[-11.037441,-73.240786],[126.470323,-73.250724],[-96.021913,-73.260667],[41.485851,-73.270617],[178.993615,-73.280572],[-43.498621,-73.290533],[94.009143,-73.3005],[-128.483093,-73.310472],[9.024671,-73.32045],[146.532435,-73.330434],[-75.959801,-73.340424],[61.547964,-73.35042],[-160.944272,-73.360422],[-23.436508,-73.370429],[114.071256,-73.380442],[-108.42098,-73.390461],[29.086784,-73.400486],[166.594548,-73.410517],[-55.897688,-73.420554],[81.610076,-73.430597],[-140.88216,-73.440645],[-3.374396,-73.4507],[134.133368,-73.460761],[-88.358868,-73.470827],[49.148896,-73.480899],[-173.34334,-73.490978],[-35.835576,-73.501062],[101.672188,-73.511153],[-120.820048,-73.521249],[16.687716,-73.531351],[154.19548,-73.54146],[-68.296755,-73.551574],[69.211009,-73.561695],[-153.281227,-73.571821],[-15.773463,-73.581954],[121.734301,-73.592093],[-100.757935,-73.602238],[36.749829,-73.612388],[174.257593,-73.622546],[-48.234643,-73.632709],[89.273121,-73.642878],[-133.219115,-73.653054],[4.288649,-73.663235],[141.796413,-73.673423],[-80.695823,-73.683617],[56.811941,-73.693817],[-165.680295,-73.704024],[-28.172531,-73.714236],[109.335233,-73.724455],[-113.157003,-73.73468],[24.350761,-73.744912],[161.858526,-73.755149],[-60.63371,-73.765393],[76.874054,-73.775644],[-145.618182,-73.7859],[-8.110418,-73.796163],[129.397346,-73.806432],[-93.09489,-73.816708],[44.412874,-73.82699],[-178.079362,-73.837278],[-40.571598,-73.847572],[96.936166,-73.857874],[-125.55607,-73.868181],[11.951694,-73.878495],[149.459458,-73.888815],[-73.032778,-73.899142],[64.474986,-73.909475],[-158.01725,-73.919815],[-20.509486,-73.930161],[116.998278,-73.940513],[-105.493958,-73.950872],[32.013807,-73.961238],[169.521571,-73.97161],[-52.970665,-73.981989],[84.537099,-73.992374],[-137.955137,-74.002766],[-0.447373,-74.013164],[137.060391,-74.023569],[-85.431845,-74.033981],[52.075919,-74.044399],[-170.416317,-74.054824],[-32.908553,-74.065255],[104.599211,-74.075693],[-117.893025,-74.086138],[19.614739,-74.096589],[157.122503,-74.107048],[-65.369733,-74.117512],[72.138031,-74.127984],[-150.354205,-74.138462],[-12.846441,-74.148947],[124.661323,-74.159439],[-97.830912,-74.169938],[39.676852,-74.180443],[177.184616,-74.190955],[-45.30762,-74.201474],[92.200144,-74.212],[-130.292092,-74.222533],[7.215672,-74.233073],[144.723436,-74.243619],[-77.7688,-74.254172],[59.738964,-74.264732],[-162.753272,-74.2753],[-25.245508,-74.285874],[112.262256,-74.296455],[-110.22998,-74.307043],[27.277784,-74.317637],[164.785548,-74.328239],[-57.706688,-74.338848],[79.801076,-74.349464],[-142.69116,-74.360087],[-5.183396,-74.370717],[132.324369,-74.381354],[-90.167867,-74.391998],[47.339897,-74.402649],[-175.152339,-74.413307],[-37.644575,-74.423973],[99.863189,-74.434645],[-122.629047,-74.445325],[14.878717,-74.456012],[152.386481,-74.466706],[-70.105755,-74.477407],[67.402009,-74.488115],[-155.090227,-74.498831],[-17.582463,-74.509554],[119.925301,-74.520284],[-102.566935,-74.531021],[34.940829,-74.541766],[172.448593,-74.552518],[-50.043643,-74.563277],[87.464121,-74.574043],[-135.028115,-74.584817],[2.47965,-74.595598],[139.987414,-74.606387],[-82.504822,-74.617183],[55.002942,-74.627986],[-167.489294,-74.638797],[-29.98153,-74.649615],[107.526234,-74.660441],[-114.966002,-74.671274],[22.541762,-74.682114],[160.049526,-74.692962],[-62.44271,-74.703818],[75.065054,-74.714681],[-147.427182,-74.725552],[-9.919418,-74.73643],[127.588346,-74.747316],[-94.90389,-74.758209],[42.603874,-74.76911],[-179.888362,-74.780019],[-42.380598,-74.790935],[95.127166,-74.801859],[-127.365069,-74.81279],[10.142695,-74.82373],[147.650459,-74.834677],[-74.841777,-74.845631],[62.665987,-74.856594],[-159.826249,-74.867564],[-22.318485,-74.878542],[115.189279,-74.889528],[-107.302957,-74.900521],[30.204807,-74.911522],[167.712571,-74.922532],[-54.779665,-74.933549],[82.728099,-74.944574],[-139.764137,-74.955606],[-2.256373,-74.966647],[135.251391,-74.977696],[-87.240845,-74.988753],[50.266919,-74.999817],[-172.225317,-75.01089],[-34.717553,-75.02197],[102.790212,-75.033059],[-119.702024,-75.044155],[17.80574,-75.05526],[155.313504,-75.066373],[-67.178732,-75.077494],[70.329032,-75.088622],[-152.163204,-75.09976],[-14.65544,-75.110905],[122.852324,-75.122058],[-99.639912,-75.13322],[37.867852,-75.144389],[175.375616,-75.155567],[-47.11662,-75.166753],[90.391144,-75.177948],[-132.101092,-75.18915],[5.406672,-75.200361],[142.914436,-75.211581],[-79.5778,-75.222808],[57.929964,-75.234044],[-164.562272,-75.245289],[-27.054507,-75.256541],[110.453257,-75.267802],[-112.038979,-75.279072],[25.468785,-75.29035],[162.976549,-75.301636],[-59.515687,-75.312931],[77.992077,-75.324235],[-144.500159,-75.335547],[-6.992395,-75.346867],[130.515369,-75.358196],[-91.976867,-75.369534],[45.530897,-75.38088],[-176.961339,-75.392235],[-39.453575,-75.403599],[98.054189,-75.414971],[-124.438047,-75.426352],[13.069717,-75.437741],[150.577481,-75.449139],[-71.914755,-75.460546],[65.593009,-75.471962],[-156.899226,-75.483387],[-19.391462,-75.49482],[118.116302,-75.506262],[-104.375934,-75.517713],[33.13183,-75.529173],[170.639594,-75.540642],[-51.852642,-75.55212],[85.655122,-75.563606],[-136.837114,-75.575102],[0.67065,-75.586606],[138.178414,-75.59812],[-84.313822,-75.609642],[53.193942,-75.621174],[-169.298294,-75.632715],[-31.79053,-75.644264],[105.717234,-75.655823],[-116.775002,-75.667391],[20.732762,-75.678968],[158.240526,-75.690555],[-64.25171,-75.70215],[73.256055,-75.713755],[-149.236181,-75.725369],[-11.728417,-75.736992],[125.779347,-75.748624],[-96.712889,-75.760266],[40.794875,-75.771917],[178.302639,-75.783578],[-44.189597,-75.795248],[93.318167,-75.806927],[-129.174069,-75.818616],[8.333695,-75.830314],[145.841459,-75.842021],[-76.650777,-75.853738],[60.856987,-75.865465],[-161.635249,-75.877201],[-24.127485,-75.888947],[113.380279,-75.900702],[-109.111957,-75.912467],[28.395807,-75.924241],[165.903571,-75.936026],[-56.588664,-75.947819],[80.9191,-75.959623],[-141.573136,-75.971436],[-4.065372,-75.983259],[133.442392,-75.995092],[-89.049844,-76.006935],[48.45792,-76.018787],[-174.034316,-76.03065],[-36.526552,-76.042522],[100.981212,-76.054404],[-121.511024,-76.066296],[15.99674,-76.078198],[153.504504,-76.09011],[-68.987732,-76.102032],[68.520032,-76.113964],[-153.972204,-76.125906],[-16.46444,-76.137858],[121.043324,-76.14982],[-101.448912,-76.161793],[36.058852,-76.173775],[173.566617,-76.185768],[-48.925619,-76.197771],[88.582145,-76.209784],[-133.910091,-76.221808],[3.597673,-76.233842],[141.105437,-76.245886],[-81.386799,-76.25794],[56.120965,-76.270005],[-166.371271,-76.28208],[-28.863507,-76.294166],[108.644257,-76.306262],[-113.847979,-76.318369],[23.659785,-76.330486],[161.167549,-76.342614],[-61.324687,-76.354752],[76.183077,-76.366901],[-146.309159,-76.379061],[-8.801395,-76.391231],[128.706369,-76.403412],[-93.785867,-76.415603],[43.721898,-76.427805],[-178.770338,-76.440019],[-41.262574,-76.452243],[96.24519,-76.464477],[-126.247046,-76.476723],[11.260718,-76.488979],[148.768482,-76.501247],[-73.723754,-76.513525],[63.78401,-76.525814],[-158.708226,-76.538115],[-21.200462,-76.550426],[116.307302,-76.562749],[-106.184934,-76.575082],[31.32283,-76.587427],[168.830594,-76.599783],[-53.661642,-76.61215],[83.846122,-76.624528],[-138.646114,-76.636918],[-1.13835,-76.649319],[136.369414,-76.661731],[-86.122821,-76.674154],[51.384943,-76.686589],[-171.107293,-76.699035],[-33.599529,-76.711493],[103.908235,-76.723962],[-118.584001,-76.736443],[18.923763,-76.748936],[156.431527,-76.761439],[-66.060709,-76.773955],[71.447055,-76.786482],[-151.045181,-76.799021],[-13.537417,-76.811571],[123.970347,-76.824134],[-98.521889,-76.836708],[38.985875,-76.849293],[176.493639,-76.861891],[-45.998597,-76.874501],[91.509167,-76.887122],[-130.983069,-76.899755],[6.524695,-76.912401],[144.03246,-76.925058],[-78.459776,-76.937728],[59.047988,-76.950409],[-163.444248,-76.963103],[-25.936484,-76.975809],[111.57128,-76.988527],[-110.920956,-77.001257],[26.586808,-77.014],[164.094572,-77.026754],[-58.397664,-77.039522],[79.1101,-77.052301],[-143.382136,-77.065093],[-5.874372,-77.077897],[131.633392,-77.090714],[-90.858844,-77.103544],[46.64892,-77.116386],[-175.843316,-77.12924],[-38.335552,-77.142107],[99.172212,-77.154987],[-123.320024,-77.16788],[14.187741,-77.180785],[151.695505,-77.193703],[-70.796731,-77.206634],[66.711033,-77.219578],[-155.781203,-77.232535],[-18.273439,-77.245504],[119.234325,-77.258487],[-103.257911,-77.271482],[34.249853,-77.284491],[171.757617,-77.297513],[-50.734619,-77.310548],[86.773145,-77.323596],[-135.719091,-77.336657],[1.788673,-77.349732],[139.296437,-77.36282],[-83.195799,-77.375921],[54.311965,-77.389036],[-168.180271,-77.402164],[-30.672507,-77.415305],[106.835257,-77.428461],[-115.656978,-77.441629],[21.850786,-77.454811],[159.35855,-77.468007],[-63.133686,-77.481217],[74.374078,-77.49444],[-148.118158,-77.507677],[-10.610394,-77.520928],[126.89737,-77.534193],[-95.594866,-77.547472],[41.912898,-77.560764],[179.420662,-77.574071],[-43.071574,-77.587391],[94.43619,-77.600726],[-128.056046,-77.614075],[9.451718,-77.627438],[146.959482,-77.640815],[-75.532754,-77.654207],[61.97501,-77.667613],[-160.517226,-77.681033],[-23.009462,-77.694468],[114.498303,-77.707917],[-107.993933,-77.72138],[29.513831,-77.734858],[167.021595,-77.748351],[-55.470641,-77.761859],[82.037123,-77.775381],[-140.455113,-77.788917],[-2.947349,-77.802469],[134.560415,-77.816036],[-87.931821,-77.829617],[49.575943,-77.843213],[-172.916293,-77.856824],[-35.408529,-77.870451],[102.099235,-77.884092],[-120.393001,-77.897749],[17.114763,-77.911421],[154.622527,-77.925108],[-67.869709,-77.93881],[69.638055,-77.952528],[-152.854181,-77.966261],[-15.346416,-77.980009],[122.161348,-77.993773],[-100.330888,-78.007553],[37.176876,-78.021348],[174.68464,-78.035159],[-47.807596,-78.048986],[89.700168,-78.062828],[-132.792068,-78.076686],[4.715696,-78.090561],[142.22346,-78.104451],[-80.268776,-78.118357],[57.238988,-78.132279],[-165.253248,-78.146217],[-27.745484,-78.160172],[109.76228,-78.174142],[-112.729956,-78.188129],[24.777808,-78.202133],[162.285572,-78.216152],[-60.206664,-78.230189],[77.3011,-78.244241],[-145.191135,-78.258311],[-7.683371,-78.272397],[129.824393,-78.286499],[-92.667843,-78.300619],[44.839921,-78.314755],[-177.652315,-78.328908],[-40.144551,-78.343078],[97.363213,-78.357265],[-125.129023,-78.371469],[12.378741,-78.38569],[149.886505,-78.399929],[-72.605731,-78.414185],[64.902033,-78.428458],[-157.590203,-78.442748],[-20.082439,-78.457056],[117.425325,-78.471381],[-105.066911,-78.485724],[32.440853,-78.500085],[169.948617,-78.514463],[-52.543619,-78.528859],[84.964146,-78.543273],[-137.52809,-78.557705],[-0.020326,-78.572155],[137.487438,-78.586623],[-85.004798,-78.601109],[52.502966,-78.615613],[-169.98927,-78.630136],[-32.481506,-78.644676],[105.026258,-78.659236],[-117.465978,-78.673813],[20.041786,-78.688409],[157.54955,-78.703024],[-64.942686,-78.717658],[72.565078,-78.73231],[-149.927158,-78.746981],[-12.419394,-78.761671],[125.08837,-78.77638],[-97.403866,-78.791108],[40.103898,-78.805855],[177.611662,-78.820622],[-44.880573,-78.835407],[92.627191,-78.850212],[-129.865045,-78.865037],[7.642719,-78.879881],[145.150483,-78.894744],[-77.341753,-78.909628],[60.166011,-78.92453],[-162.326225,-78.939453],[-24.818461,-78.954396],[112.689303,-78.969359],[-109.802933,-78.984341],[27.704831,-78.999344],[165.212595,-79.014368],[-57.279641,-79.029411],[80.228123,-79.044475],[-142.264113,-79.059559],[-4.756349,-79.074664],[132.751415,-79.08979],[-89.740821,-79.104936],[47.766943,-79.120103],[-174.725292,-79.135291],[-37.217528,-79.150501],[100.290236,-79.165731],[-122.202,-79.180982],[15.305764,-79.196255],[152.813528,-79.211549],[-69.678708,-79.226864],[67.829056,-79.242201],[-154.66318,-79.25756],[-17.155416,-79.27294],[120.352348,-79.288342],[-102.139888,-79.303767],[35.367876,-79.319213],[172.87564,-79.334681],[-49.616596,-79.350171],[87.891168,-79.365684],[-134.601068,-79.381219],[2.906696,-79.396777],[140.41446,-79.412357],[-82.077775,-79.42796],[55.429989,-79.443586],[-167.062247,-79.459235],[-29.554483,-79.474906],[107.953281,-79.490601],[-114.538955,-79.506319],[22.968809,-79.52206],[160.476573,-79.537825],[-62.015663,-79.553613],[75.492101,-79.569425],[-147.000135,-79.585261],[-9.492371,-79.60112],[128.015393,-79.617004],[-94.476843,-79.632911],[43.030921,-79.648843],[-179.461315,-79.664799],[-41.953551,-79.680779],[95.554213,-79.696784],[-126.938023,-79.712813],[10.569741,-79.728868],[148.077506,-79.744947],[-74.41473,-79.761051],[63.093034,-79.77718],[-159.399202,-79.793334],[-21.891438,-79.809514],[115.616326,-79.825719],[-106.87591,-79.84195],[30.631854,-79.858207],[168.139618,-79.874489],[-54.352618,-79.890797],[83.155146,-79.907132],[-139.33709,-79.923492],[-1.829326,-79.939879],[135.678438,-79.956292],[-86.813798,-79.972732],[50.693966,-79.989199],[-171.79827,-80.005692],[-34.290506,-80.022213],[103.217258,-80.03876],[-119.274978,-80.055335],[18.232787,-80.071937],[155.740551,-80.088567],[-66.751685,-80.105225],[70.756079,-80.12191],[-151.736157,-80.138623],[-14.228393,-80.155364],[123.279371,-80.172134],[-99.212865,-80.188932],[38.294899,-80.205758],[175.802663,-80.222613],[-46.689573,-80.239497],[90.818191,-80.25641],[-131.674045,-80.273352],[5.833719,-80.290324],[143.341483,-80.307324],[-79.150753,-80.324355],[58.357011,-80.341415],[-164.135225,-80.358505],[-26.627461,-80.375625],[110.880303,-80.392775],[-111.611932,-80.409956],[25.895832,-80.427167],[163.403596,-80.444409],[-59.08864,-80.461682],[78.419124,-80.478985],[-144.073112,-80.49632],[-6.565348,-80.513687],[130.942416,-80.531085],[-91.54982,-80.548515],[45.957944,-80.565976],[-176.534292,-80.58347],[-39.026528,-80.600996],[98.481236,-80.618554],[-124.011,-80.636145],[13.496764,-80.653769],[151.004528,-80.671426],[-71.487708,-80.689116],[66.020056,-80.706839],[-156.47218,-80.724596],[-18.964416,-80.742387],[118.543349,-80.760212],[-103.948887,-80.778071],[33.558877,-80.795964],[171.066641,-80.813892],[-51.425595,-80.831854],[86.082169,-80.849852],[-136.410067,-80.867884],[1.097697,-80.885952],[138.605461,-80.904056],[-83.886775,-80.922195],[53.620989,-80.940371],[-168.871247,-80.958582],[-31.363483,-80.97683],[106.144281,-80.995115],[-116.347955,-81.013437],[21.159809,-81.031796],[158.667573,-81.050192],[-63.824663,-81.068625],[73.683101,-81.087097],[-148.809135,-81.105607],[-11.30137,-81.124154],[126.206394,-81.142741],[-96.285842,-81.161366],[41.221922,-81.18003],[178.729686,-81.198734],[-43.76255,-81.217477],[93.745214,-81.236259],[-128.747022,-81.255082],[8.760742,-81.273945],[146.268506,-81.292849],[-76.22373,-81.311793],[61.284034,-81.330779],[-161.208202,-81.349806],[-23.700438,-81.368874],[113.807326,-81.387984],[-108.68491,-81.407137],[28.822854,-81.426332],[166.330618,-81.44557],[-56.161618,-81.464851],[81.346146,-81.484175],[-141.146089,-81.503542],[-3.638325,-81.522954],[133.869439,-81.54241],[-88.622797,-81.56191],[48.884967,-81.581456],[-173.607269,-81.601046],[-36.099505,-81.620682],[101.408259,-81.640364],[-121.083977,-81.660092],[16.423787,-81.679866],[153.931551,-81.699687],[-68.560685,-81.719555],[68.947079,-81.739471],[-153.545157,-81.759434],[-16.037393,-81.779446],[121.470371,-81.799506],[-101.021865,-81.819614],[36.485899,-81.839773],[173.993663,-81.85998],[-48.498573,-81.880238],[89.009192,-81.900546],[-133.483044,-81.920905],[4.02472,-81.941314],[141.532484,-81.961776],[-80.959752,-81.982289],[56.548012,-82.002854],[-165.944224,-82.023472],[-28.43646,-82.044143],[109.071304,-82.064868],[-113.420932,-82.085646],[24.086832,-82.106479],[161.594596,-82.127367],[-60.89764,-82.14831],[76.610124,-82.169309],[-145.882112,-82.190363],[-8.374348,-82.211474],[129.133416,-82.232643],[-93.35882,-82.253868],[44.148944,-82.275152],[-178.343292,-82.296494],[-40.835527,-82.317895],[96.672237,-82.339356],[-125.819999,-82.360876],[11.687765,-82.382457],[149.195529,-82.404099],[-73.296707,-82.425803],[64.211057,-82.447568],[-158.281179,-82.469396],[-20.773415,-82.491287],[116.734349,-82.513241],[-105.757887,-82.53526],[31.749877,-82.557344],[169.257641,-82.579493],[-53.234595,-82.601707],[84.273169,-82.623989],[-138.219067,-82.646337],[-0.711303,-82.668754],[136.796461,-82.691238],[-85.695775,-82.713792],[51.811989,-82.736415],[-170.680246,-82.759109],[-33.172482,-82.781873],[104.335282,-82.80471],[-118.156954,-82.827618],[19.35081,-82.8506],[156.858574,-82.873655],[-65.633662,-82.896785],[71.874102,-82.91999],[-150.618134,-82.94327],[-13.11037,-82.966628],[124.397394,-82.990063],[-98.094842,-83.013576],[39.412922,-83.037168],[176.920686,-83.06084],[-45.57155,-83.084593],[91.936214,-83.108427],[-130.556022,-83.132343],[6.951742,-83.156343],[144.459506,-83.180426],[-78.03273,-83.204595],[59.475035,-83.228849],[-163.017201,-83.25319],[-25.509437,-83.277619],[111.998327,-83.302137],[-110.493909,-83.326744],[27.013855,-83.351442],[164.521619,-83.376232],[-57.970617,-83.401114],[79.537147,-83.42609],[-142.955089,-83.451161],[-5.447325,-83.476328],[132.060439,-83.501592],[-90.431797,-83.526954],[47.075967,-83.552415],[-175.416269,-83.577977],[-37.908505,-83.603641],[99.599259,-83.629407],[-122.892977,-83.655278],[14.614787,-83.681254],[152.122551,-83.707337],[-70.369684,-83.733529],[67.13808,-83.759829],[-155.354156,-83.786241],[-17.846392,-83.812765],[119.661372,-83.839402],[-102.830864,-83.866155],[34.6769,-83.893025],[172.184664,-83.920013],[-50.307572,-83.94712],[87.200192,-83.97435],[-135.292044,-84.001702],[2.21572,-84.029179],[139.723484,-84.056783],[-82.768752,-84.084515],[54.739012,-84.112378],[-167.753224,-84.140372],[-30.24546,-84.1685],[107.262304,-84.196764],[-115.229932,-84.225166],[22.277832,-84.253708],[159.785597,-84.282392],[-62.706639,-84.31122],[74.801125,-84.340194],[-147.691111,-84.369317],[-10.183347,-84.398591],[127.324417,-84.428018],[-95.167819,-84.457601],[42.339945,-84.487342],[179.847709,-84.517244],[-42.644527,-84.54731],[94.863237,-84.577541],[-127.628999,-84.607942],[9.878765,-84.638515],[147.386529,-84.669262],[-75.105707,-84.700187],[62.402057,-84.731293],[-160.090179,-84.762584],[-22.582415,-84.794062],[114.925349,-84.825731],[-107.566887,-84.857594],[29.940878,-84.889656],[167.448642,-84.921919],[-55.043594,-84.954388],[82.46417,-84.987067],[-140.028066,-85.01996],[-2.520302,-85.053071],[134.987462,-85.086405],[-87.504774,-85.119965],[50.00299,-85.153758],[-172.489246,-85.187787],[-34.981482,-85.222058],[102.526282,-85.256576],[-119.965954,-85.291346],[17.54181,-85.326375],[155.049574,-85.361667],[-67.442662,-85.39723],[70.065102,-85.433069],[-152.427134,-85.46919],[-14.91937,-85.505602],[122.588394,-85.54231],[-99.903841,-85.579322],[37.603923,-85.616647],[175.111687,-85.654291],[-47.380549,-85.692263],[90.127215,-85.730573],[-132.365021,-85.769229],[5.142743,-85.80824],[142.650507,-85.847618],[-79.841729,-85.887371],[57.666035,-85.927513],[-164.826201,-85.968053],[-27.318437,-86.009004],[110.189327,-86.050379],[-112.302909,-86.092191],[25.204855,-86.134455],[162.712619,-86.177186],[-59.779617,-86.220399],[77.728147,-86.26411],[-144.764089,-86.308339],[-7.256325,-86.353103],[130.25144,-86.398423],[-92.240796,-86.44432],[45.266968,-86.490816],[-177.225268,-86.537936],[-39.717504,-86.585705],[97.79026,-86.634151],[-124.701976,-86.683304],[12.805788,-86.733196],[150.313552,-86.78386],[-72.178684,-86.835335],[65.32908,-86.88766],[-157.163156,-86.940879],[-19.655392,-86.99504],[117.852372,-87.050193],[-104.639864,-87.106397],[32.8679,-87.163714],[170.375664,-87.222212],[-52.116572,-87.281968],[85.391192,-87.343066],[-137.101044,-87.405602],[0.406721,-87.469681],[137.914485,-87.535425],[-84.577751,-87.602971],[52.930013,-87.672474],[-169.562223,-87.744117],[-32.054459,-87.81811],[105.453305,-87.8947],[-117.038931,-87.974183],[20.468833,-88.056912],[157.976597,-88.143323],[-64.515639,-88.233956],[72.992125,-88.329496],[-149.500111,-88.430841],[-11.992347,-88.539199],[125.515417,-88.656264],[-96.976819,-88.78455],[40.530945,-88.928078],[178.038709,-89.094065],[-44.453527,-89.298268],[93.054237,-89.594857]]}}]}